video_path,landmark_path,participant,sign_id,phrase
,,author,0,Letra C
,,author,1,Letra O
../dataset/raw_data/vlibrasil/61_Vinte/20201221122641_5fe0beb1c4413.mp4,../dataset/processed/landmarks/20201221122641_5fe0beb1c4413.npy,vlisbrasil,61,Vinte
../dataset/raw_data/vlibrasil/61_Vinte/20201221122642_5fe0beb216246.mp4,../dataset/processed/landmarks/20201221122642_5fe0beb216246.npy,vlisbrasil,61,Vinte
../dataset/raw_data/vlibrasil/61_Vinte/20210329031123_6062184b51c8c.mp4,20210329031123_6062184b51c8c.npy,vlisbrasil,61,Vinte
../dataset/raw_data/vlibrasil/62_Sozinho/20201221123436_5fe0c08cacf9d.mp4,20201221123436_5fe0c08cacf9d.npy,vlisbrasil,62,Sozinho
../dataset/raw_data/vlibrasil/62_Sozinho/20201221123436_5fe0c08cb6259.mp4,20201221123436_5fe0c08cb6259.npy,vlisbrasil,62,Sozinho
../dataset/raw_data/vlibrasil/62_Sozinho/20210329045002_60622f6a7e6ae.mp4,20210329045002_60622f6a7e6ae.npy,vlisbrasil,62,Sozinho
../dataset/raw_data/vlibrasil/63_Solteiro/20201221123757_5fe0c1557078f.mp4,20201221123757_5fe0c1557078f.npy,vlisbrasil,63,Solteiro
../dataset/raw_data/vlibrasil/63_Solteiro/20201221123757_5fe0c1557b3ae.mp4,20201221123757_5fe0c1557b3ae.npy,vlisbrasil,63,Solteiro
../dataset/raw_data/vlibrasil/63_Solteiro/20210329044959_60622f671f15d.mp4,20210329044959_60622f671f15d.npy,vlisbrasil,63,Solteiro
../dataset/raw_data/vlibrasil/64_Algo/20201221124056_5fe0c2088bbce.mp4,20201221124056_5fe0c2088bbce.npy,vlisbrasil,64,Algo
../dataset/raw_data/vlibrasil/64_Algo/20201221124056_5fe0c20890691.mp4,20201221124056_5fe0c20890691.npy,vlisbrasil,64,Algo
../dataset/raw_data/vlibrasil/64_Algo/20210329075727_60625b57b5913.mp4,20210329075727_60625b57b5913.npy,vlisbrasil,64,Algo
../dataset/raw_data/vlibrasil/65_Sempre/20201221124154_5fe0c2422d17f.mp4,20201221124154_5fe0c2422d17f.npy,vlisbrasil,65,Sempre
../dataset/raw_data/vlibrasil/65_Sempre/20201221124154_5fe0c24236e0b.mp4,20201221124154_5fe0c24236e0b.npy,vlisbrasil,65,Sempre
../dataset/raw_data/vlibrasil/65_Sempre/20210202050435_6019b0536ad0e.mp4,20210202050435_6019b0536ad0e.npy,vlisbrasil,65,Sempre
../dataset/raw_data/vlibrasil/66_Espera/20201221124357_5fe0c2bd894ac.mp4,20201221124357_5fe0c2bd894ac.npy,vlisbrasil,66,Espera
../dataset/raw_data/vlibrasil/66_Espera/20201221124357_5fe0c2bd929b5.mp4,20201221124357_5fe0c2bd929b5.npy,vlisbrasil,66,Espera
../dataset/raw_data/vlibrasil/66_Espera/20210623041455_60d3882f7561a.mp4,20210623041455_60d3882f7561a.npy,vlisbrasil,66,Espera
../dataset/raw_data/vlibrasil/67_Um/20201221124507_5fe0c30369dd1.mp4,20201221124507_5fe0c30369dd1.npy,vlisbrasil,67,Um
../dataset/raw_data/vlibrasil/67_Um/20201221124507_5fe0c3037318c.mp4,20201221124507_5fe0c3037318c.npy,vlisbrasil,67,Um
../dataset/raw_data/vlibrasil/67_Um/20210329045840_60623170f18c4.mp4,20210329045840_60623170f18c4.npy,vlisbrasil,67,Um
../dataset/raw_data/vlibrasil/69_Letra_A/20201221125550_5fe0c5866ec17.mp4,20201221125550_5fe0c5866ec17.npy,vlisbrasil,69,Letra A
../dataset/raw_data/vlibrasil/69_Letra_A/20201221125550_5fe0c58673599.mp4,20201221125550_5fe0c58673599.npy,vlisbrasil,69,Letra A
../dataset/raw_data/vlibrasil/69_Letra_A/20210329013721_60620241d7976.mp4,20210329013721_60620241d7976.npy,vlisbrasil,69,Letra A
../dataset/raw_data/vlibrasil/70_Pouco/20201221125721_5fe0c5e13b8e8.mp4,20201221125721_5fe0c5e13b8e8.npy,vlisbrasil,70,Pouco
../dataset/raw_data/vlibrasil/70_Pouco/20201221125721_5fe0c5e143e79.mp4,20201221125721_5fe0c5e143e79.npy,vlisbrasil,70,Pouco
../dataset/raw_data/vlibrasil/70_Pouco/20210202045743_6019aeb7d6fe6.mp4,20210202045743_6019aeb7d6fe6.npy,vlisbrasil,70,Pouco
../dataset/raw_data/vlibrasil/71_Abandonar/20201221125913_5fe0c651a8bc2.mp4,20201221125913_5fe0c651a8bc2.npy,vlisbrasil,71,Abandonar
../dataset/raw_data/vlibrasil/71_Abandonar/20210209055625_6022f6f9e1a7b.mp4,20210209055625_6022f6f9e1a7b.npy,vlisbrasil,71,Abandonar
../dataset/raw_data/vlibrasil/71_Abandonar/20210331110628_606481e488ae6.mp4,20210331110628_606481e488ae6.npy,vlisbrasil,71,Abandonar
../dataset/raw_data/vlibrasil/72_Aborto/20210331110633_606481e98b276.mp4,20210331110633_606481e98b276.npy,vlisbrasil,72,Aborto
../dataset/raw_data/vlibrasil/72_Aborto/20210908085313_61394ce9b2f61.mp4,20210908085313_61394ce9b2f61.npy,vlisbrasil,72,Aborto
../dataset/raw_data/vlibrasil/72_Aborto/20210929043258_6154bf6a9bb7a.mp4,20210929043258_6154bf6a9bb7a.npy,vlisbrasil,72,Aborto
../dataset/raw_data/vlibrasil/73_Acima/20201221010202_5fe0c6fa53800.mp4,20201221010202_5fe0c6fa53800.npy,vlisbrasil,73,Acima
../dataset/raw_data/vlibrasil/73_Acima/20201221010202_5fe0c6fa5860c.mp4,20201221010202_5fe0c6fa5860c.npy,vlisbrasil,73,Acima
../dataset/raw_data/vlibrasil/73_Acima/20210329103841_6061d8611d21a.mp4,20210329103841_6061d8611d21a.npy,vlisbrasil,73,Acima
../dataset/raw_data/vlibrasil/75_Exceder_passar_ir_além/20201221012827_5fe0cd2b50fd0.mp4,20201221012827_5fe0cd2b50fd0.npy,vlisbrasil,75,"Exceder (passar, ir além)"
../dataset/raw_data/vlibrasil/75_Exceder_passar_ir_além/20201221012827_5fe0cd2b5d0e9.mp4,20201221012827_5fe0cd2b5d0e9.npy,vlisbrasil,75,"Exceder (passar, ir além)"
../dataset/raw_data/vlibrasil/75_Exceder_passar_ir_além/20210623041702_60d388ae1a973.mp4,20210623041702_60d388ae1a973.npy,vlisbrasil,75,"Exceder (passar, ir além)"
../dataset/raw_data/vlibrasil/76_Superior/20201221013112_5fe0cdd0944bd.mp4,20201221013112_5fe0cdd0944bd.npy,vlisbrasil,76,Superior
../dataset/raw_data/vlibrasil/76_Superior/20201221013112_5fe0cdd0994de.mp4,20201221013112_5fe0cdd0994de.npy,vlisbrasil,76,Superior
../dataset/raw_data/vlibrasil/76_Superior/20210128063923_60132f0b8a235.mp4,20210128063923_60132f0b8a235.npy,vlisbrasil,76,Superior
../dataset/raw_data/vlibrasil/77_Adulto/20201221013450_5fe0ceaadcc19.mp4,20201221013450_5fe0ceaadcc19.npy,vlisbrasil,77,Adulto
../dataset/raw_data/vlibrasil/77_Adulto/20201221013450_5fe0ceaae1996.mp4,20201221013450_5fe0ceaae1996.npy,vlisbrasil,77,Adulto
../dataset/raw_data/vlibrasil/77_Adulto/20210331112405_60648605a17b3.mp4,20210331112405_60648605a17b3.npy,vlisbrasil,77,Adulto
../dataset/raw_data/vlibrasil/78_Criança/20201221014043_5fe0d00bf01c5.mp4,20201221014043_5fe0d00bf01c5.npy,vlisbrasil,78,Criança
../dataset/raw_data/vlibrasil/78_Criança/20201221014044_5fe0d00c00e59.mp4,20201221014044_5fe0d00c00e59.npy,vlisbrasil,78,Criança
../dataset/raw_data/vlibrasil/79_Crescer/20201221014252_5fe0d08c20b51.mp4,20201221014252_5fe0d08c20b51.npy,vlisbrasil,79,Crescer
../dataset/raw_data/vlibrasil/79_Crescer/20210123062918_600c952ed6c70.mp4,20210123062918_600c952ed6c70.npy,vlisbrasil,79,Crescer
../dataset/raw_data/vlibrasil/79_Crescer/20210329124550_6061f62e8ef11.mp4,20210329124550_6061f62e8ef11.npy,vlisbrasil,79,Crescer
../dataset/raw_data/vlibrasil/80_Máximo/20201221014405_5fe0d0d59b96e.mp4,20201221014405_5fe0d0d59b96e.npy,vlisbrasil,80,Máximo
../dataset/raw_data/vlibrasil/80_Máximo/20201221014405_5fe0d0d5a0e82.mp4,20201221014405_5fe0d0d5a0e82.npy,vlisbrasil,80,Máximo
../dataset/raw_data/vlibrasil/80_Máximo/20210623051422_60d3961e77c67.mp4,20210623051422_60d3961e77c67.npy,vlisbrasil,80,Máximo
../dataset/raw_data/vlibrasil/81_Mais_do_que/20201221014623_5fe0d15f62dc1.mp4,20201221014623_5fe0d15f62dc1.npy,vlisbrasil,81,Mais do que
../dataset/raw_data/vlibrasil/81_Mais_do_que/20201221014623_5fe0d15f6796b.mp4,20201221014623_5fe0d15f6796b.npy,vlisbrasil,81,Mais do que
../dataset/raw_data/vlibrasil/81_Mais_do_que/20210329013713_606202399c308.mp4,20210329013713_606202399c308.npy,vlisbrasil,81,Mais do que
../dataset/raw_data/vlibrasil/82_Embaixo/20201221015416_5fe0d33863579.mp4,20201221015416_5fe0d33863579.npy,vlisbrasil,82,Embaixo
../dataset/raw_data/vlibrasil/82_Embaixo/20201221015416_5fe0d3386e4dd.mp4,20201221015416_5fe0d3386e4dd.npy,vlisbrasil,82,Embaixo
../dataset/raw_data/vlibrasil/82_Embaixo/20210329103822_6061d84e3a9c2.mp4,20210329103822_6061d84e3a9c2.npy,vlisbrasil,82,Embaixo
../dataset/raw_data/vlibrasil/83_Em_cima/20201221015525_5fe0d37da0cfd.mp4,20201221015525_5fe0d37da0cfd.npy,vlisbrasil,83,Em cima
../dataset/raw_data/vlibrasil/83_Em_cima/20201221015525_5fe0d37daa460.mp4,20201221015525_5fe0d37daa460.npy,vlisbrasil,83,Em cima
../dataset/raw_data/vlibrasil/83_Em_cima/20210623040910_60d386d687677.mp4,20210623040910_60d386d687677.npy,vlisbrasil,83,Em cima
../dataset/raw_data/vlibrasil/84_Elementar/20201221020114_5fe0d4da85c45.mp4,20201221020114_5fe0d4da85c45.npy,vlisbrasil,84,Elementar
../dataset/raw_data/vlibrasil/84_Elementar/20201221020114_5fe0d4da8c1ea.mp4,20201221020114_5fe0d4da8c1ea.npy,vlisbrasil,84,Elementar
../dataset/raw_data/vlibrasil/84_Elementar/20210623040901_60d386cd17b4b.mp4,20210623040901_60d386cd17b4b.npy,vlisbrasil,84,Elementar
../dataset/raw_data/vlibrasil/86_Acidente/20201221020706_5fe0d63a1c09b.mp4,20201221020706_5fe0d63a1c09b.npy,vlisbrasil,86,Acidente
../dataset/raw_data/vlibrasil/86_Acidente/20210210072522_6023b492c23b2.mp4,20210210072522_6023b492c23b2.npy,vlisbrasil,86,Acidente
../dataset/raw_data/vlibrasil/86_Acidente/20210331111453_606483ddb45af.mp4,20210331111453_606483ddb45af.npy,vlisbrasil,86,Acidente
../dataset/raw_data/vlibrasil/87_Acompanhar/20201221020919_5fe0d6bfd692f.mp4,20201221020919_5fe0d6bfd692f.npy,vlisbrasil,87,Acompanhar
../dataset/raw_data/vlibrasil/87_Acompanhar/20201221020919_5fe0d6bfe16a7.mp4,20201221020919_5fe0d6bfe16a7.npy,vlisbrasil,87,Acompanhar
../dataset/raw_data/vlibrasil/87_Acompanhar/20210331111458_606483e2cc0bc.mp4,20210331111458_606483e2cc0bc.npy,vlisbrasil,87,Acompanhar
../dataset/raw_data/vlibrasil/88_Morar_junto/20201221021007_5fe0d6ef436b4.mp4,20201221021007_5fe0d6ef436b4.npy,vlisbrasil,88,Morar junto
../dataset/raw_data/vlibrasil/88_Morar_junto/20201221021007_5fe0d6ef50d12.mp4,20201221021007_5fe0d6ef50d12.npy,vlisbrasil,88,Morar junto
../dataset/raw_data/vlibrasil/88_Morar_junto/20210329025301_606213fdaa28c.mp4,20210329025301_606213fdaa28c.npy,vlisbrasil,88,Morar junto
../dataset/raw_data/vlibrasil/89_Namorar/20201221021101_5fe0d725dfe9b.mp4,20201221021101_5fe0d725dfe9b.npy,vlisbrasil,89,Namorar
../dataset/raw_data/vlibrasil/89_Namorar/20201221021101_5fe0d725e96d5.mp4,20201221021101_5fe0d725e96d5.npy,vlisbrasil,89,Namorar
../dataset/raw_data/vlibrasil/89_Namorar/20210329025307_606214032dedf.mp4,20210329025307_606214032dedf.npy,vlisbrasil,89,Namorar
../dataset/raw_data/vlibrasil/90_Culpar/20201221021208_5fe0d768942bb.mp4,20201221021208_5fe0d768942bb.npy,vlisbrasil,90,Culpar
../dataset/raw_data/vlibrasil/90_Culpar/20201221021208_5fe0d7689a06d.mp4,20201221021208_5fe0d7689a06d.npy,vlisbrasil,90,Culpar
../dataset/raw_data/vlibrasil/90_Culpar/20210127115744_60122828a7433.mp4,20210127115744_60122828a7433.npy,vlisbrasil,90,Culpar
../dataset/raw_data/vlibrasil/91_Agir_fazer/20201221021547_5fe0d8437caae.mp4,20201221021547_5fe0d8437caae.npy,vlisbrasil,91,Agir (fazer)
../dataset/raw_data/vlibrasil/91_Agir_fazer/20201221021547_5fe0d84386b6e.mp4,20201221021547_5fe0d84386b6e.npy,vlisbrasil,91,Agir (fazer)
../dataset/raw_data/vlibrasil/91_Agir_fazer/20210411084505_6072e1415cdb1.mp4,20210411084505_6072e1415cdb1.npy,vlisbrasil,91,Agir (fazer)
../dataset/raw_data/vlibrasil/92_Agressivo/20201221021632_5fe0d8705c1ac.mp4,20201221021632_5fe0d8705c1ac.npy,vlisbrasil,92,Agressivo
../dataset/raw_data/vlibrasil/92_Agressivo/20201221021632_5fe0d87060f8f.mp4,20201221021632_5fe0d87060f8f.npy,vlisbrasil,92,Agressivo
../dataset/raw_data/vlibrasil/92_Agressivo/20210331112432_60648620bc2aa.mp4,20210331112432_60648620bc2aa.npy,vlisbrasil,92,Agressivo
../dataset/raw_data/vlibrasil/93_Acrescentar/20201221021825_5fe0d8e16baac.mp4,20201221021825_5fe0d8e16baac.npy,vlisbrasil,93,Acrescentar
../dataset/raw_data/vlibrasil/93_Acrescentar/20201221021825_5fe0d8e17698f.mp4,20201221021825_5fe0d8e17698f.npy,vlisbrasil,93,Acrescentar
../dataset/raw_data/vlibrasil/93_Acrescentar/20210331111621_60648435a9707.mp4,20210331111621_60648435a9707.npy,vlisbrasil,93,Acrescentar
../dataset/raw_data/vlibrasil/94_Total/20201221022134_5fe0d99e121de.mp4,20201221022134_5fe0d99e121de.npy,vlisbrasil,94,Total
../dataset/raw_data/vlibrasil/94_Total/20201221022134_5fe0d99e17cb1.mp4,20201221022134_5fe0d99e17cb1.npy,vlisbrasil,94,Total
../dataset/raw_data/vlibrasil/94_Total/20210329045724_606231248a78b.mp4,20210329045724_606231248a78b.npy,vlisbrasil,94,Total
../dataset/raw_data/vlibrasil/95_Entrar/20201221022315_5fe0da031e8f2.mp4,20201221022315_5fe0da031e8f2.npy,vlisbrasil,95,Entrar
../dataset/raw_data/vlibrasil/95_Entrar/20201221022315_5fe0da032370b.mp4,20201221022315_5fe0da032370b.npy,vlisbrasil,95,Entrar
../dataset/raw_data/vlibrasil/95_Entrar/20210329010418_6061fa82d1228.mp4,20210329010418_6061fa82d1228.npy,vlisbrasil,95,Entrar
../dataset/raw_data/vlibrasil/96_Admitir/20201221022548_5fe0da9cb23f4.mp4,20201221022548_5fe0da9cb23f4.npy,vlisbrasil,96,Admitir
../dataset/raw_data/vlibrasil/96_Admitir/20201221022548_5fe0da9cb8363.mp4,20201221022548_5fe0da9cb8363.npy,vlisbrasil,96,Admitir
../dataset/raw_data/vlibrasil/96_Admitir/20210331112403_606486033cc14.mp4,20210331112403_606486033cc14.npy,vlisbrasil,96,Admitir
../dataset/raw_data/vlibrasil/97_Aconselhar/20201221022752_5fe0db184b969.mp4,20201221022752_5fe0db184b969.npy,vlisbrasil,97,Aconselhar
../dataset/raw_data/vlibrasil/97_Aconselhar/20210331111453_606483dde8883.mp4,20210331111453_606483dde8883.npy,vlisbrasil,97,Aconselhar
../dataset/raw_data/vlibrasil/97_Aconselhar/20210505115045_6092b0c5b0f33.mp4,20210505115045_6092b0c5b0f33.npy,vlisbrasil,97,Aconselhar
../dataset/raw_data/vlibrasil/98_Com_medo/20201221023016_5fe0dba8b7618.mp4,20201221023016_5fe0dba8b7618.npy,vlisbrasil,98,Com medo
../dataset/raw_data/vlibrasil/98_Com_medo/20201221023016_5fe0dba8bd448.mp4,20201221023016_5fe0dba8bd448.npy,vlisbrasil,98,Com medo
../dataset/raw_data/vlibrasil/98_Com_medo/20210329124546_6061f62a1b247.mp4,20210329124546_6061f62a1b247.npy,vlisbrasil,98,Com medo
../dataset/raw_data/vlibrasil/99_Tarde/20201221023241_5fe0dc399f605.mp4,20201221023241_5fe0dc399f605.npy,vlisbrasil,99,Tarde
../dataset/raw_data/vlibrasil/99_Tarde/20201221023241_5fe0dc39aa56b.mp4,20201221023241_5fe0dc39aa56b.npy,vlisbrasil,99,Tarde
../dataset/raw_data/vlibrasil/99_Tarde/20210329045458_606230928e641.mp4,20210329045458_606230928e641.npy,vlisbrasil,99,Tarde
../dataset/raw_data/vlibrasil/100_À_tarde_toda/20201221023954_5fe0ddea908eb.mp4,20201221023954_5fe0ddea908eb.npy,vlisbrasil,100,À tarde toda
../dataset/raw_data/vlibrasil/100_À_tarde_toda/20201221023954_5fe0ddea96624.mp4,20201221023954_5fe0ddea96624.npy,vlisbrasil,100,À tarde toda
../dataset/raw_data/vlibrasil/100_À_tarde_toda/20210329103021_6061d66d229d2.mp4,20210329103021_6061d66d229d2.npy,vlisbrasil,100,À tarde toda
../dataset/raw_data/vlibrasil/101_De_novo/20201221024518_5fe0df2e612a5.mp4,20201221024518_5fe0df2e612a5.npy,vlisbrasil,101,De novo
../dataset/raw_data/vlibrasil/101_De_novo/20201221024518_5fe0df2e6b2fd.mp4,20201221024518_5fe0df2e6b2fd.npy,vlisbrasil,101,De novo
../dataset/raw_data/vlibrasil/101_De_novo/20210329124557_6061f6353b73a.mp4,20210329124557_6061f6353b73a.npy,vlisbrasil,101,De novo
../dataset/raw_data/vlibrasil/102_Com_frequência/20201221024801_5fe0dfd1d3ae7.mp4,20201221024801_5fe0dfd1d3ae7.npy,vlisbrasil,102,Com frequência
../dataset/raw_data/vlibrasil/102_Com_frequência/20201221024801_5fe0dfd1dd872.mp4,20201221024801_5fe0dfd1dd872.npy,vlisbrasil,102,Com frequência
../dataset/raw_data/vlibrasil/102_Com_frequência/20210329124543_6061f627a0d68.mp4,20210329124543_6061f627a0d68.npy,vlisbrasil,102,Com frequência
../dataset/raw_data/vlibrasil/103_Mil/20201221024906_5fe0e012cd582.mp4,20201221024906_5fe0e012cd582.npy,vlisbrasil,103,Mil
../dataset/raw_data/vlibrasil/103_Mil/20201221024906_5fe0e012d2308.mp4,20201221024906_5fe0e012d2308.npy,vlisbrasil,103,Mil
../dataset/raw_data/vlibrasil/103_Mil/20210329025253_606213f504623.mp4,20210329025253_606213f504623.npy,vlisbrasil,103,Mil
../dataset/raw_data/vlibrasil/104_Milhão/20201221025221_5fe0e0d554abe.mp4,20201221025221_5fe0e0d554abe.npy,vlisbrasil,104,Milhão
../dataset/raw_data/vlibrasil/104_Milhão/20201221025221_5fe0e0d561119.mp4,20201221025221_5fe0e0d561119.npy,vlisbrasil,104,Milhão
../dataset/raw_data/vlibrasil/104_Milhão/20210329025256_606213f84af73.mp4,20210329025256_606213f84af73.npy,vlisbrasil,104,Milhão
../dataset/raw_data/vlibrasil/105_Bilhão/20201221025454_5fe0e16e8c789.mp4,20201221025454_5fe0e16e8c789.npy,vlisbrasil,105,Bilhão
../dataset/raw_data/vlibrasil/105_Bilhão/20201221025454_5fe0e16e99177.mp4,20201221025454_5fe0e16e99177.npy,vlisbrasil,105,Bilhão
../dataset/raw_data/vlibrasil/105_Bilhão/20210623032804_60d37d3468f6d.mp4,20210623032804_60d37d3468f6d.npy,vlisbrasil,105,Bilhão
../dataset/raw_data/vlibrasil/106_Idoso/20210209053317_6022f18ddf101.mp4,20210209053317_6022f18ddf101.npy,vlisbrasil,106,Idoso
../dataset/raw_data/vlibrasil/106_Idoso/20210209070252_6023068c7d09f.mp4,20210209070252_6023068c7d09f.npy,vlisbrasil,106,Idoso
../dataset/raw_data/vlibrasil/106_Idoso/20210210111131_6023e9935a1ff.mp4,20210210111131_6023e9935a1ff.npy,vlisbrasil,106,Idoso
../dataset/raw_data/vlibrasil/107_Concordar/20201221030022_5fe0e2b631042.mp4,20201221030022_5fe0e2b631042.npy,vlisbrasil,107,Concordar
../dataset/raw_data/vlibrasil/107_Concordar/20201221030022_5fe0e2b63ca6e.mp4,20201221030022_5fe0e2b63ca6e.npy,vlisbrasil,107,Concordar
../dataset/raw_data/vlibrasil/107_Concordar/20210329124548_6061f62c4919f.mp4,20210329124548_6061f62c4919f.npy,vlisbrasil,107,Concordar
../dataset/raw_data/vlibrasil/108_Ar/20201221030423_5fe0e3a739c60.mp4,20201221030423_5fe0e3a739c60.npy,vlisbrasil,108,Ar
../dataset/raw_data/vlibrasil/108_Ar/20201221030423_5fe0e3a743003.mp4,20201221030423_5fe0e3a743003.npy,vlisbrasil,108,Ar
../dataset/raw_data/vlibrasil/108_Ar/20210329080810_60625dda1aae2.mp4,20210329080810_60625dda1aae2.npy,vlisbrasil,108,Ar
../dataset/raw_data/vlibrasil/109_Avião/20201221030523_5fe0e3e3023f1.mp4,20201221030523_5fe0e3e3023f1.npy,vlisbrasil,109,Avião
../dataset/raw_data/vlibrasil/109_Avião/20201221030523_5fe0e3e30d6d4.mp4,20201221030523_5fe0e3e30d6d4.npy,vlisbrasil,109,Avião
../dataset/raw_data/vlibrasil/109_Avião/20210329104615_6061da27d7d92.mp4,20210329104615_6061da27d7d92.npy,vlisbrasil,109,Avião
../dataset/raw_data/vlibrasil/110_Voar_de_avião/20201221030619_5fe0e41b7a174.mp4,20201221030619_5fe0e41b7a174.npy,vlisbrasil,110,Voar de avião
../dataset/raw_data/vlibrasil/110_Voar_de_avião/20201221030619_5fe0e41b85f40.mp4,20201221030619_5fe0e41b85f40.npy,vlisbrasil,110,Voar de avião
../dataset/raw_data/vlibrasil/110_Voar_de_avião/20210701091749_60de5b2dd2765.mp4,20210701091749_60de5b2dd2765.npy,vlisbrasil,110,Voar de avião
../dataset/raw_data/vlibrasil/111_Alarme/20201221030711_5fe0e44f50e62.mp4,20201221030711_5fe0e44f50e62.npy,vlisbrasil,111,Alarme
../dataset/raw_data/vlibrasil/111_Alarme/20201221030711_5fe0e44f573c4.mp4,20201221030711_5fe0e44f573c4.npy,vlisbrasil,111,Alarme
../dataset/raw_data/vlibrasil/111_Alarme/20210331112440_6064862836b19.mp4,20210331112440_6064862836b19.npy,vlisbrasil,111,Alarme
../dataset/raw_data/vlibrasil/112_Álcool/20201221030816_5fe0e49036c38.mp4,20201221030816_5fe0e49036c38.npy,vlisbrasil,112,Álcool
../dataset/raw_data/vlibrasil/112_Álcool/20201221030816_5fe0e4903cabf.mp4,20201221030816_5fe0e4903cabf.npy,vlisbrasil,112,Álcool
../dataset/raw_data/vlibrasil/112_Álcool/20210329104554_6061da125e814.mp4,20210329104554_6061da125e814.npy,vlisbrasil,112,Álcool
../dataset/raw_data/vlibrasil/113_Sarcasmo/20201221031038_5fe0e51e15b20.mp4,20201221031038_5fe0e51e15b20.npy,vlisbrasil,113,Sarcasmo
../dataset/raw_data/vlibrasil/113_Sarcasmo/20201221031038_5fe0e51e1ab8d.mp4,20201221031038_5fe0e51e1ab8d.npy,vlisbrasil,113,Sarcasmo
../dataset/raw_data/vlibrasil/113_Sarcasmo/20210329044952_60622f60e29ce.mp4,20210329044952_60622f60e29ce.npy,vlisbrasil,113,Sarcasmo
../dataset/raw_data/vlibrasil/114_Todos/20201221031259_5fe0e5abcd681.mp4,20201221031259_5fe0e5abcd681.npy,vlisbrasil,114,Todos
../dataset/raw_data/vlibrasil/114_Todos/20201221031259_5fe0e5abd271c.mp4,20201221031259_5fe0e5abd271c.npy,vlisbrasil,114,Todos
../dataset/raw_data/vlibrasil/114_Todos/20210329045655_60623107b64dd.mp4,20210329045655_60623107b64dd.npy,vlisbrasil,114,Todos
../dataset/raw_data/vlibrasil/115_O_dia_todo/20201221031626_5fe0e67a0de53.mp4,20201221031626_5fe0e67a0de53.npy,vlisbrasil,115,O dia todo
../dataset/raw_data/vlibrasil/115_O_dia_todo/20201221031626_5fe0e67a19d61.mp4,20201221031626_5fe0e67a19d61.npy,vlisbrasil,115,O dia todo
../dataset/raw_data/vlibrasil/115_O_dia_todo/20210329025314_6062140a54e63.mp4,20210329025314_6062140a54e63.npy,vlisbrasil,115,O dia todo
../dataset/raw_data/vlibrasil/116_Acabar/20201221031803_5fe0e6db09db5.mp4,20201221031803_5fe0e6db09db5.npy,vlisbrasil,116,Acabar
../dataset/raw_data/vlibrasil/116_Acabar/20201221031803_5fe0e6db0ee2e.mp4,20201221031803_5fe0e6db0ee2e.npy,vlisbrasil,116,Acabar
../dataset/raw_data/vlibrasil/116_Acabar/20210329103832_6061d85863bc8.mp4,20210329103832_6061d85863bc8.npy,vlisbrasil,116,Acabar
../dataset/raw_data/vlibrasil/117_Tudo_certo/20201221031854_5fe0e70ed5792.mp4,20201221031854_5fe0e70ed5792.npy,vlisbrasil,117,Tudo certo
../dataset/raw_data/vlibrasil/117_Tudo_certo/20201221031854_5fe0e70edd27d.mp4,20201221031854_5fe0e70edd27d.npy,vlisbrasil,117,Tudo certo
../dataset/raw_data/vlibrasil/117_Tudo_certo/20210329045751_6062313f1dc59.mp4,20210329045751_6062313f1dc59.npy,vlisbrasil,117,Tudo certo
../dataset/raw_data/vlibrasil/118_Jacaré/20201221031933_5fe0e7350ee83.mp4,20201221031933_5fe0e7350ee83.npy,vlisbrasil,118,Jacaré
../dataset/raw_data/vlibrasil/118_Jacaré/20201221031933_5fe0e7351f867.mp4,20201221031933_5fe0e7351f867.npy,vlisbrasil,118,Jacaré
../dataset/raw_data/vlibrasil/118_Jacaré/20210329013724_6062024437be7.mp4,20210329013724_6062024437be7.npy,vlisbrasil,118,Jacaré
../dataset/raw_data/vlibrasil/119_Permitir/20201221032037_5fe0e7753906a.mp4,20201221032037_5fe0e7753906a.npy,vlisbrasil,119,Permitir
../dataset/raw_data/vlibrasil/119_Permitir/20201221032037_5fe0e7753e02a.mp4,20201221032037_5fe0e7753e02a.npy,vlisbrasil,119,Permitir
../dataset/raw_data/vlibrasil/119_Permitir/20210329031842_60621a02de3fb.mp4,20210329031842_60621a02de3fb.npy,vlisbrasil,119,Permitir
../dataset/raw_data/vlibrasil/121_Entre/20201221033337_5fe0ea81f0cb4.mp4,20201221033337_5fe0ea81f0cb4.npy,vlisbrasil,121,Entre
../dataset/raw_data/vlibrasil/121_Entre/20201221033338_5fe0ea820277d.mp4,20201221033338_5fe0ea820277d.npy,vlisbrasil,121,Entre
../dataset/raw_data/vlibrasil/121_Entre/20210623041329_60d387d99eb8d.mp4,20210623041329_60d387d99eb8d.npy,vlisbrasil,121,Entre
../dataset/raw_data/vlibrasil/122_Analisar/20201221033440_5fe0eac0bcf91.mp4,20201221033440_5fe0eac0bcf91.npy,vlisbrasil,122,Analisar
../dataset/raw_data/vlibrasil/122_Analisar/20201221033440_5fe0eac0c6f60.mp4,20201221033440_5fe0eac0c6f60.npy,vlisbrasil,122,Analisar
../dataset/raw_data/vlibrasil/122_Analisar/20210329104556_6061da141bf60.mp4,20210329104556_6061da141bf60.npy,vlisbrasil,122,Analisar
../dataset/raw_data/vlibrasil/123_Geração/20201221033539_5fe0eafbedaf1.mp4,20201221033539_5fe0eafbedaf1.npy,vlisbrasil,123,Geração
../dataset/raw_data/vlibrasil/123_Geração/20201221033539_5fe0eafbf4006.mp4,20201221033539_5fe0eafbf4006.npy,vlisbrasil,123,Geração
../dataset/raw_data/vlibrasil/123_Geração/20210329010409_6061fa7988648.mp4,20210329010409_6061fa7988648.npy,vlisbrasil,123,Geração
../dataset/raw_data/vlibrasil/124_Geração_atrás/20201221033639_5fe0eb37c8779.mp4,20201221033639_5fe0eb37c8779.npy,vlisbrasil,124,Geração atrás
../dataset/raw_data/vlibrasil/124_Geração_atrás/20201221033639_5fe0eb37ce1e8.mp4,20201221033639_5fe0eb37ce1e8.npy,vlisbrasil,124,Geração atrás
../dataset/raw_data/vlibrasil/124_Geração_atrás/20210329010413_6061fa7d72eed.mp4,20210329010413_6061fa7d72eed.npy,vlisbrasil,124,Geração atrás
../dataset/raw_data/vlibrasil/125_Outro/20201221033730_5fe0eb6aa2241.mp4,20201221033730_5fe0eb6aa2241.npy,vlisbrasil,125,Outro
../dataset/raw_data/vlibrasil/125_Outro/20201221033730_5fe0eb6aab63a.mp4,20201221033730_5fe0eb6aab63a.npy,vlisbrasil,125,Outro
../dataset/raw_data/vlibrasil/125_Outro/20210329025318_6062140eded43.mp4,20210329025318_6062140eded43.npy,vlisbrasil,125,Outro
../dataset/raw_data/vlibrasil/126_Resposta/20201221033839_5fe0ebaf0576b.mp4,20201221033839_5fe0ebaf0576b.npy,vlisbrasil,126,Resposta
../dataset/raw_data/vlibrasil/126_Resposta/20201221033839_5fe0ebaf0a68b.mp4,20201221033839_5fe0ebaf0a68b.npy,vlisbrasil,126,Resposta
../dataset/raw_data/vlibrasil/126_Resposta/20210329044945_60622f59134d2.mp4,20210329044945_60622f59134d2.npy,vlisbrasil,126,Resposta
../dataset/raw_data/vlibrasil/127_Pedir/20201221033939_5fe0ebeb02deb.mp4,20201221033939_5fe0ebeb02deb.npy,vlisbrasil,127,Pedir
../dataset/raw_data/vlibrasil/127_Pedir/20201221033939_5fe0ebeb0858f.mp4,20201221033939_5fe0ebeb0858f.npy,vlisbrasil,127,Pedir
../dataset/raw_data/vlibrasil/127_Pedir/20210329031836_606219fc703c0.mp4,20210329031836_606219fc703c0.npy,vlisbrasil,127,Pedir
../dataset/raw_data/vlibrasil/129_Maçã_rosto/20201221034152_5fe0ec70e7cfc.mp4,20201221034152_5fe0ec70e7cfc.npy,vlisbrasil,129,Maçã (rosto)
../dataset/raw_data/vlibrasil/129_Maçã_rosto/20201221034152_5fe0ec70f1f40.mp4,20201221034152_5fe0ec70f1f40.npy,vlisbrasil,129,Maçã (rosto)
../dataset/raw_data/vlibrasil/129_Maçã_rosto/20210329013716_6062023c52e7c.mp4,20210329013716_6062023c52e7c.npy,vlisbrasil,129,Maçã (rosto)
../dataset/raw_data/vlibrasil/130_Qualquer/20210115040715_6001e7e354040.mp4,20210115040715_6001e7e354040.npy,vlisbrasil,130,Qualquer
../dataset/raw_data/vlibrasil/130_Qualquer/20210329044930_60622f4a5446c.mp4,20210329044930_60622f4a5446c.npy,vlisbrasil,130,Qualquer
../dataset/raw_data/vlibrasil/130_Qualquer/20210605035212_60bbc7dc4ccb6.mp4,20210605035212_60bbc7dc4ccb6.npy,vlisbrasil,130,Qualquer
../dataset/raw_data/vlibrasil/131_Surdo/20201221034339_5fe0ecdb0bd0a.mp4,20201221034339_5fe0ecdb0bd0a.npy,vlisbrasil,131,Surdo
../dataset/raw_data/vlibrasil/131_Surdo/20201224070215_5fe46727a0934.mp4,20201224070215_5fe46727a0934.npy,vlisbrasil,131,Surdo
../dataset/raw_data/vlibrasil/131_Surdo/20210401100644_6065c564215a4.mp4,20210401100644_6065c564215a4.npy,vlisbrasil,131,Surdo
../dataset/raw_data/vlibrasil/132_Aplauso/20201221034514_5fe0ed3a4173f.mp4,20201221034514_5fe0ed3a4173f.npy,vlisbrasil,132,Aplauso
../dataset/raw_data/vlibrasil/132_Aplauso/20201224070316_5fe46764693bd.mp4,20201224070316_5fe46764693bd.npy,vlisbrasil,132,Aplauso
../dataset/raw_data/vlibrasil/132_Aplauso/20210329104601_6061da19f2237.mp4,20210329104601_6061da19f2237.npy,vlisbrasil,132,Aplauso
../dataset/raw_data/vlibrasil/133_Nomear/20201221034614_5fe0ed7668998.mp4,20201221034614_5fe0ed7668998.npy,vlisbrasil,133,Nomear
../dataset/raw_data/vlibrasil/133_Nomear/20201221034614_5fe0ed766e4f8.mp4,20201221034614_5fe0ed766e4f8.npy,vlisbrasil,133,Nomear
../dataset/raw_data/vlibrasil/133_Nomear/20210329025309_6062140573c7a.mp4,20210329025309_6062140573c7a.npy,vlisbrasil,133,Nomear
../dataset/raw_data/vlibrasil/134_Compromisso_marcado/20201221034715_5fe0edb34d582.mp4,20201221034715_5fe0edb34d582.npy,vlisbrasil,134,Compromisso marcado
../dataset/raw_data/vlibrasil/134_Compromisso_marcado/20201221034715_5fe0edb352a7d.mp4,20201221034715_5fe0edb352a7d.npy,vlisbrasil,134,Compromisso marcado
../dataset/raw_data/vlibrasil/134_Compromisso_marcado/20210202044444_6019abac72c0b.mp4,20210202044444_6019abac72c0b.npy,vlisbrasil,134,Compromisso marcado
../dataset/raw_data/vlibrasil/135_Regular/20201221034845_5fe0ee0d77662.mp4,20201221034845_5fe0ee0d77662.npy,vlisbrasil,135,Regular
../dataset/raw_data/vlibrasil/135_Regular/20201221034845_5fe0ee0d7d572.mp4,20201221034845_5fe0ee0d7d572.npy,vlisbrasil,135,Regular
../dataset/raw_data/vlibrasil/135_Regular/20210329044933_60622f4d58c86.mp4,20210329044933_60622f4d58c86.npy,vlisbrasil,135,Regular
../dataset/raw_data/vlibrasil/136_Aprovar/20201221034932_5fe0ee3c5743f.mp4,20201221034932_5fe0ee3c5743f.npy,vlisbrasil,136,Aprovar
../dataset/raw_data/vlibrasil/136_Aprovar/20201221034932_5fe0ee3c5d020.mp4,20201221034932_5fe0ee3c5d020.npy,vlisbrasil,136,Aprovar
../dataset/raw_data/vlibrasil/136_Aprovar/20210329104604_6061da1c938d3.mp4,20210329104604_6061da1c938d3.npy,vlisbrasil,136,Aprovar
../dataset/raw_data/vlibrasil/137_Selo/20201221035101_5fe0ee95c7ec2.mp4,20201221035101_5fe0ee95c7ec2.npy,vlisbrasil,137,Selo
../dataset/raw_data/vlibrasil/137_Selo/20201221035101_5fe0ee95d394c.mp4,20201221035101_5fe0ee95d394c.npy,vlisbrasil,137,Selo
../dataset/raw_data/vlibrasil/137_Selo/20210329044957_60622f65735bd.mp4,20210329044957_60622f65735bd.npy,vlisbrasil,137,Selo
../dataset/raw_data/vlibrasil/138_Proibir_vetar/20201221035335_5fe0ef2f07ce3.mp4,20201221035335_5fe0ef2f07ce3.npy,vlisbrasil,138,Proibir (vetar)
../dataset/raw_data/vlibrasil/138_Proibir_vetar/20210404043320_606a14804ac39.mp4,20210404043320_606a14804ac39.npy,vlisbrasil,138,Proibir (vetar)
../dataset/raw_data/vlibrasil/138_Proibir_vetar/20210404043424_606a14c02d176.mp4,20210404043424_606a14c02d176.npy,vlisbrasil,138,Proibir (vetar)
../dataset/raw_data/vlibrasil/139_Disparar_flecha/20201221035440_5fe0ef70a212e.mp4,20201221035440_5fe0ef70a212e.npy,vlisbrasil,139,Disparar flecha
../dataset/raw_data/vlibrasil/139_Disparar_flecha/20201221035440_5fe0ef70acc80.mp4,20201221035440_5fe0ef70acc80.npy,vlisbrasil,139,Disparar flecha
../dataset/raw_data/vlibrasil/139_Disparar_flecha/20210329010421_6061fa853ed0a.mp4,20210329010421_6061fa853ed0a.npy,vlisbrasil,139,Disparar flecha
../dataset/raw_data/vlibrasil/140_Guitarra/20201221035546_5fe0efb27cb24.mp4,20201221035546_5fe0efb27cb24.npy,vlisbrasil,140,Guitarra
../dataset/raw_data/vlibrasil/140_Guitarra/20201221035546_5fe0efb28895a.mp4,20201221035546_5fe0efb28895a.npy,vlisbrasil,140,Guitarra
../dataset/raw_data/vlibrasil/140_Guitarra/20210329010401_6061fa71960fe.mp4,20210329010401_6061fa71960fe.npy,vlisbrasil,140,Guitarra
../dataset/raw_data/vlibrasil/141_Chegar/20201221040257_5fe0f161b5539.mp4,20201221040257_5fe0f161b5539.npy,vlisbrasil,141,Chegar
../dataset/raw_data/vlibrasil/141_Chegar/20201221040257_5fe0f161ba96c.mp4,20201221040257_5fe0f161ba96c.npy,vlisbrasil,141,Chegar
../dataset/raw_data/vlibrasil/141_Chegar/20210329124535_6061f61f6e7ab.mp4,20210329124535_6061f61f6e7ab.npy,vlisbrasil,141,Chegar
../dataset/raw_data/vlibrasil/142_Arte/20201221040710_5fe0f25e6fedd.mp4,20201221040710_5fe0f25e6fedd.npy,vlisbrasil,142,Arte
../dataset/raw_data/vlibrasil/142_Arte/20201221040710_5fe0f25e7c4cd.mp4,20201221040710_5fe0f25e7c4cd.npy,vlisbrasil,142,Arte
../dataset/raw_data/vlibrasil/142_Arte/20210329104606_6061da1ec860d.mp4,20210329104606_6061da1ec860d.npy,vlisbrasil,142,Arte
../dataset/raw_data/vlibrasil/143_Artigo/20201221045156_5fe0fcdce2873.mp4,20201221045156_5fe0fcdce2873.npy,vlisbrasil,143,Artigo
../dataset/raw_data/vlibrasil/143_Artigo/20201221045156_5fe0fcdcee388.mp4,20201221045156_5fe0fcdcee388.npy,vlisbrasil,143,Artigo
../dataset/raw_data/vlibrasil/143_Artigo/20210329104611_6061da238cc70.mp4,20210329104611_6061da238cc70.npy,vlisbrasil,143,Artigo
../dataset/raw_data/vlibrasil/144_Capítulo/20201221045352_5fe0fd509ac4c.mp4,20201221045352_5fe0fd509ac4c.npy,vlisbrasil,144,Capítulo
../dataset/raw_data/vlibrasil/144_Capítulo/20201221045352_5fe0fd50a6c89.mp4,20201221045352_5fe0fd50a6c89.npy,vlisbrasil,144,Capítulo
../dataset/raw_data/vlibrasil/144_Capítulo/20210329110249_6061de0941ca8.mp4,20210329110249_6061de0941ca8.npy,vlisbrasil,144,Capítulo
../dataset/raw_data/vlibrasil/145_Interação_social/20201221045457_5fe0fd91eab72.mp4,20201221045457_5fe0fd91eab72.npy,vlisbrasil,145,Interação social
../dataset/raw_data/vlibrasil/145_Interação_social/20201221045458_5fe0fd9201ee1.mp4,20201221045458_5fe0fd9201ee1.npy,vlisbrasil,145,Interação social
../dataset/raw_data/vlibrasil/145_Interação_social/20210329010359_6061fa6f0aeaf.mp4,20210329010359_6061fa6f0aeaf.npy,vlisbrasil,145,Interação social
../dataset/raw_data/vlibrasil/146_Audiência/20201221050413_5fe0ffbdbf1ec.mp4,20201221050413_5fe0ffbdbf1ec.npy,vlisbrasil,146,Audiência
../dataset/raw_data/vlibrasil/146_Audiência/20210123061644_600c923cddcc9.mp4,20210123061644_600c923cddcc9.npy,vlisbrasil,146,Audiência
../dataset/raw_data/vlibrasil/146_Audiência/20210808115032_610fef38d7ee2.mp4,20210808115032_610fef38d7ee2.npy,vlisbrasil,146,Audiência
../dataset/raw_data/vlibrasil/147_Tio/20201221052912_5fe1059842d3e.mp4,20201221052912_5fe1059842d3e.npy,vlisbrasil,147,Tio
../dataset/raw_data/vlibrasil/147_Tio/20210209070252_6023068c78db7.mp4,20210209070252_6023068c78db7.npy,vlisbrasil,147,Tio
../dataset/raw_data/vlibrasil/147_Tio/20210329045626_606230eaf36e9.mp4,20210329045626_606230eaf36e9.npy,vlisbrasil,147,Tio
../dataset/raw_data/vlibrasil/150_Acordar_alarme/20201221055057_5fe10ab11d93b.mp4,20201221055057_5fe10ab11d93b.npy,vlisbrasil,150,Acordar (alarme)
../dataset/raw_data/vlibrasil/150_Acordar_alarme/20201221055057_5fe10ab126f8c.mp4,20201221055057_5fe10ab126f8c.npy,vlisbrasil,150,Acordar (alarme)
../dataset/raw_data/vlibrasil/150_Acordar_alarme/20210331111613_6064842d06e5c.mp4,20210331111613_6064842d06e5c.npy,vlisbrasil,150,Acordar (alarme)
../dataset/raw_data/vlibrasil/151_Surpresa/20201221114510_5fe15db688a94.mp4,20201221114510_5fe15db688a94.npy,vlisbrasil,151,Surpresa
../dataset/raw_data/vlibrasil/151_Surpresa/20201221114510_5fe15db6933da.mp4,20201221114510_5fe15db6933da.npy,vlisbrasil,151,Surpresa
../dataset/raw_data/vlibrasil/151_Surpresa/20210329045438_6062307e93352.mp4,20210329045438_6062307e93352.npy,vlisbrasil,151,Surpresa
../dataset/raw_data/vlibrasil/152_Atônito/20201222100517_5fe1ef0d82a20.mp4,20201222100517_5fe1ef0d82a20.npy,vlisbrasil,152,Atônito
../dataset/raw_data/vlibrasil/152_Atônito/20201222100517_5fe1ef0d96f76.mp4,20201222100517_5fe1ef0d96f76.npy,vlisbrasil,152,Atônito
../dataset/raw_data/vlibrasil/152_Atônito/20210623032422_60d37c5619654.mp4,20210623032422_60d37c5619654.npy,vlisbrasil,152,Atônito
../dataset/raw_data/vlibrasil/153_Maravilhado/20201222100601_5fe1ef39b6b3b.mp4,20201222100601_5fe1ef39b6b3b.npy,vlisbrasil,153,Maravilhado
../dataset/raw_data/vlibrasil/153_Maravilhado/20201222100601_5fe1ef39c6a69.mp4,20201222100601_5fe1ef39c6a69.npy,vlisbrasil,153,Maravilhado
../dataset/raw_data/vlibrasil/153_Maravilhado/20210329025246_606213eeb3372.mp4,20210329025246_606213eeb3372.npy,vlisbrasil,153,Maravilhado
../dataset/raw_data/vlibrasil/154_Ir_embora_partir/20201222100816_5fe1efc074e24.mp4,20201222100816_5fe1efc074e24.npy,vlisbrasil,154,Ir embora (partir)
../dataset/raw_data/vlibrasil/154_Ir_embora_partir/20201222100816_5fe1efc08292d.mp4,20201222100816_5fe1efc08292d.npy,vlisbrasil,154,Ir embora (partir)
../dataset/raw_data/vlibrasil/154_Ir_embora_partir/20210329010355_6061fa6b05f52.mp4,20210329010355_6061fa6b05f52.npy,vlisbrasil,154,Ir embora (partir)
../dataset/raw_data/vlibrasil/155_Estranho/20201222100859_5fe1efebd4183.mp4,20201222100859_5fe1efebd4183.npy,vlisbrasil,155,Estranho
../dataset/raw_data/vlibrasil/155_Estranho/20201222100859_5fe1efebe29c8.mp4,20201222100859_5fe1efebe29c8.npy,vlisbrasil,155,Estranho
../dataset/raw_data/vlibrasil/155_Estranho/20210127040809_6011ba1966bfc.mp4,20210127040809_6011ba1966bfc.npy,vlisbrasil,155,Estranho
../dataset/raw_data/vlibrasil/156_Letra_B/20201222100952_5fe1f02069b88.mp4,20201222100952_5fe1f02069b88.npy,vlisbrasil,156,Letra B
../dataset/raw_data/vlibrasil/156_Letra_B/20201222100952_5fe1f02077c5b.mp4,20201222100952_5fe1f02077c5b.npy,vlisbrasil,156,Letra B
../dataset/raw_data/vlibrasil/156_Letra_B/20210329013719_6062023f840b8.mp4,20210329013719_6062023f840b8.npy,vlisbrasil,156,Letra B
../dataset/raw_data/vlibrasil/157_Bebê/20201222101039_5fe1f04fa354f.mp4,20201222101039_5fe1f04fa354f.npy,vlisbrasil,157,Bebê
../dataset/raw_data/vlibrasil/157_Bebê/20201222101039_5fe1f04fb3b85.mp4,20201222101039_5fe1f04fb3b85.npy,vlisbrasil,157,Bebê
../dataset/raw_data/vlibrasil/157_Bebê/20210329110309_6061de1de96c6.mp4,20210329110309_6061de1de96c6.npy,vlisbrasil,157,Bebê
../dataset/raw_data/vlibrasil/158_Lembrar_ter_em_mente/20201222111100_5fe1fe742f1de.mp4,20201222111100_5fe1fe742f1de.npy,vlisbrasil,158,Lembrar (ter em mente)
../dataset/raw_data/vlibrasil/158_Lembrar_ter_em_mente/20201222111100_5fe1fe743b52c.mp4,20201222111100_5fe1fe743b52c.npy,vlisbrasil,158,Lembrar (ter em mente)
../dataset/raw_data/vlibrasil/158_Lembrar_ter_em_mente/20210329045540_606230bc7dab2.mp4,20210329045540_606230bc7dab2.npy,vlisbrasil,158,Lembrar (ter em mente)
../dataset/raw_data/vlibrasil/159_Passado/20201222121731_5fe20e0b01788.mp4,20201222121731_5fe20e0b01788.npy,vlisbrasil,159,Passado
../dataset/raw_data/vlibrasil/159_Passado/20201222121731_5fe20e0b0d89a.mp4,20201222121731_5fe20e0b0d89a.npy,vlisbrasil,159,Passado
../dataset/raw_data/vlibrasil/159_Passado/20210329031828_606219f4adfd4.mp4,20210329031828_606219f4adfd4.npy,vlisbrasil,159,Passado
../dataset/raw_data/vlibrasil/160_Mochila/20201222121857_5fe20e6103233.mp4,20201222121857_5fe20e6103233.npy,vlisbrasil,160,Mochila
../dataset/raw_data/vlibrasil/160_Mochila/20201222121857_5fe20e6113007.mp4,20201222121857_5fe20e6113007.npy,vlisbrasil,160,Mochila
../dataset/raw_data/vlibrasil/160_Mochila/20210329025258_606213fa677fa.mp4,20210329025258_606213fa677fa.npy,vlisbrasil,160,Mochila
../dataset/raw_data/vlibrasil/161_Careca/20201222122140_5fe20f04eb66c.mp4,20201222122140_5fe20f04eb66c.npy,vlisbrasil,161,Careca
../dataset/raw_data/vlibrasil/161_Careca/20201222122141_5fe20f050ae60.mp4,20201222122141_5fe20f050ae60.npy,vlisbrasil,161,Careca
../dataset/raw_data/vlibrasil/161_Careca/20210329124528_6061f6187c95a.mp4,20210329124528_6061f6187c95a.npy,vlisbrasil,161,Careca
../dataset/raw_data/vlibrasil/162_Bola/20201222122234_5fe20f3ae594c.mp4,20201222122234_5fe20f3ae594c.npy,vlisbrasil,162,Bola
../dataset/raw_data/vlibrasil/162_Bola/20201222122234_5fe20f3af2173.mp4,20201222122234_5fe20f3af2173.npy,vlisbrasil,162,Bola
../dataset/raw_data/vlibrasil/162_Bola/20210329110300_6061de148c72e.mp4,20210329110300_6061de148c72e.npy,vlisbrasil,162,Bola
../dataset/raw_data/vlibrasil/163_Balão/20201222122320_5fe20f6868a74.mp4,20201222122320_5fe20f6868a74.npy,vlisbrasil,163,Balão
../dataset/raw_data/vlibrasil/163_Balão/20201222122320_5fe20f68760f7.mp4,20201222122320_5fe20f68760f7.npy,vlisbrasil,163,Balão
../dataset/raw_data/vlibrasil/163_Balão/20210329104626_6061da32b2339.mp4,20210329104626_6061da32b2339.npy,vlisbrasil,163,Balão
../dataset/raw_data/vlibrasil/164_Banana/20201222122443_5fe20fbb47921.mp4,20201222122443_5fe20fbb47921.npy,vlisbrasil,164,Banana
../dataset/raw_data/vlibrasil/164_Banana/20201222122443_5fe20fbb554a7.mp4,20201222122443_5fe20fbb554a7.npy,vlisbrasil,164,Banana
../dataset/raw_data/vlibrasil/164_Banana/20210329110319_6061de2742ee7.mp4,20210329110319_6061de2742ee7.npy,vlisbrasil,164,Banana
../dataset/raw_data/vlibrasil/165_Barra_haste/20201222122800_5fe21080c593f.mp4,20201222122800_5fe21080c593f.npy,vlisbrasil,165,Barra (haste)
../dataset/raw_data/vlibrasil/165_Barra_haste/20201222122800_5fe21080d17d4.mp4,20201222122800_5fe21080d17d4.npy,vlisbrasil,165,Barra (haste)
../dataset/raw_data/vlibrasil/165_Barra_haste/20210623032531_60d37c9b3fe90.mp4,20210623032531_60d37c9b3fe90.npy,vlisbrasil,165,Barra (haste)
../dataset/raw_data/vlibrasil/166_Beisebol/20201222123618_5fe212727326d.mp4,20201222123618_5fe212727326d.npy,vlisbrasil,166,Beisebol
../dataset/raw_data/vlibrasil/166_Beisebol/20210209053241_6022f16939f07.mp4,20210209053241_6022f16939f07.npy,vlisbrasil,166,Beisebol
../dataset/raw_data/vlibrasil/166_Beisebol/20210329110308_6061de1ce8b01.mp4,20210329110308_6061de1ce8b01.npy,vlisbrasil,166,Beisebol
../dataset/raw_data/vlibrasil/167_Cesta_de_feira/20201222124139_5fe213b38acec.mp4,20201222124139_5fe213b38acec.npy,vlisbrasil,167,Cesta (de feira)
../dataset/raw_data/vlibrasil/167_Cesta_de_feira/20201222124139_5fe213b397a02.mp4,20201222124139_5fe213b397a02.npy,vlisbrasil,167,Cesta (de feira)
../dataset/raw_data/vlibrasil/167_Cesta_de_feira/20210329124532_6061f61cf3c6d.mp4,20210329124532_6061f61cf3c6d.npy,vlisbrasil,167,Cesta (de feira)
../dataset/raw_data/vlibrasil/168_Bolsa/20201222125202_5fe2162207240.mp4,20201222125202_5fe2162207240.npy,vlisbrasil,168,Bolsa
../dataset/raw_data/vlibrasil/168_Bolsa/20201222125202_5fe2162212c8c.mp4,20201222125202_5fe2162212c8c.npy,vlisbrasil,168,Bolsa
../dataset/raw_data/vlibrasil/168_Bolsa/20210127111544_6011759051c15.mp4,20210127111544_6011759051c15.npy,vlisbrasil,168,Bolsa
../dataset/raw_data/vlibrasil/169_Saco_de_lixo/20201222125417_5fe216a97056a.mp4,20201222125417_5fe216a97056a.npy,vlisbrasil,169,Saco de lixo
../dataset/raw_data/vlibrasil/169_Saco_de_lixo/20201222125417_5fe216a97f136.mp4,20201222125417_5fe216a97f136.npy,vlisbrasil,169,Saco de lixo
../dataset/raw_data/vlibrasil/169_Saco_de_lixo/20210329044948_60622f5cd487c.mp4,20210329044948_60622f5cd487c.npy,vlisbrasil,169,Saco de lixo
../dataset/raw_data/vlibrasil/170_Basquetebol/20201222010119_5fe2184f7ece9.mp4,20201222010119_5fe2184f7ece9.npy,vlisbrasil,170,Basquetebol
../dataset/raw_data/vlibrasil/170_Basquetebol/20201222010119_5fe2184f853d0.mp4,20201222010119_5fe2184f853d0.npy,vlisbrasil,170,Basquetebol
../dataset/raw_data/vlibrasil/170_Basquetebol/20210329110314_6061de228da34.mp4,20210329110314_6061de228da34.npy,vlisbrasil,170,Basquetebol
../dataset/raw_data/vlibrasil/171_Banho/20201222010232_5fe21898ec4f8.mp4,20201222010232_5fe21898ec4f8.npy,vlisbrasil,171,Banho
../dataset/raw_data/vlibrasil/171_Banho/20201222010233_5fe21899031c7.mp4,20201222010233_5fe21899031c7.npy,vlisbrasil,171,Banho
../dataset/raw_data/vlibrasil/171_Banho/20210329110314_6061de22e6d8f.mp4,20210329110314_6061de22e6d8f.npy,vlisbrasil,171,Banho
../dataset/raw_data/vlibrasil/172_Biquini/20201222011919_5fe21c8792269.mp4,20201222011919_5fe21c8792269.npy,vlisbrasil,172,Biquini
../dataset/raw_data/vlibrasil/172_Biquini/20201222011919_5fe21c87a2571.mp4,20201222011919_5fe21c87a2571.npy,vlisbrasil,172,Biquini
../dataset/raw_data/vlibrasil/172_Biquini/20210623032820_60d37d448c7a0.mp4,20210623032820_60d37d448c7a0.npy,vlisbrasil,172,Biquini
../dataset/raw_data/vlibrasil/173_Banheiro/20201222012000_5fe21cb024770.mp4,20201222012000_5fe21cb024770.npy,vlisbrasil,173,Banheiro
../dataset/raw_data/vlibrasil/173_Banheiro/20201222012000_5fe21cb02a4a2.mp4,20201222012000_5fe21cb02a4a2.npy,vlisbrasil,173,Banheiro
../dataset/raw_data/vlibrasil/173_Banheiro/20210329110316_6061de2488042.mp4,20210329110316_6061de2488042.npy,vlisbrasil,173,Banheiro
../dataset/raw_data/vlibrasil/174_Barulho/20201222013331_5fe21fdb0b0ea.mp4,20201222013331_5fe21fdb0b0ea.npy,vlisbrasil,174,Barulho
../dataset/raw_data/vlibrasil/174_Barulho/20210127111346_6011751a61805.mp4,20210127111346_6011751a61805.npy,vlisbrasil,174,Barulho
../dataset/raw_data/vlibrasil/174_Barulho/20210611045532_60c3bfb4b18b3.mp4,20210611045532_60c3bfb4b18b3.npy,vlisbrasil,174,Barulho
../dataset/raw_data/vlibrasil/175_Imparcial_neutro/20201222013459_5fe220338315f.mp4,20201222013459_5fe220338315f.npy,vlisbrasil,175,Imparcial (neutro)
../dataset/raw_data/vlibrasil/175_Imparcial_neutro/20201222013459_5fe2203390ba5.mp4,20201222013459_5fe2203390ba5.npy,vlisbrasil,175,Imparcial (neutro)
../dataset/raw_data/vlibrasil/175_Imparcial_neutro/20210623042732_60d38b240cdc3.mp4,20210623042732_60d38b240cdc3.npy,vlisbrasil,175,Imparcial (neutro)
../dataset/raw_data/vlibrasil/176_Gritar/20201222013552_5fe220689547f.mp4,20201222013552_5fe220689547f.npy,vlisbrasil,176,Gritar
../dataset/raw_data/vlibrasil/176_Gritar/20201222013552_5fe22068a17da.mp4,20201222013552_5fe22068a17da.npy,vlisbrasil,176,Gritar
../dataset/raw_data/vlibrasil/176_Gritar/20210329010404_6061fa74261ab.mp4,20210329010404_6061fa74261ab.npy,vlisbrasil,176,Gritar
../dataset/raw_data/vlibrasil/178_Cuidado/20201222013720_5fe220c06ef36.mp4,20201222013720_5fe220c06ef36.npy,vlisbrasil,178,Cuidado
../dataset/raw_data/vlibrasil/178_Cuidado/20201222013720_5fe220c07aa7e.mp4,20201222013720_5fe220c07aa7e.npy,vlisbrasil,178,Cuidado
../dataset/raw_data/vlibrasil/178_Cuidado/20210329124552_6061f630d794a.mp4,20210329124552_6061f630d794a.npy,vlisbrasil,178,Cuidado
../dataset/raw_data/vlibrasil/179_Manter_guardar/20201222014038_5fe2218683e63.mp4,20201222014038_5fe2218683e63.npy,vlisbrasil,179,Manter (guardar)
../dataset/raw_data/vlibrasil/179_Manter_guardar/20201222014038_5fe2218690c42.mp4,20201222014038_5fe2218690c42.npy,vlisbrasil,179,Manter (guardar)
../dataset/raw_data/vlibrasil/179_Manter_guardar/20210329025243_606213ebe5b18.mp4,20210329025243_606213ebe5b18.npy,vlisbrasil,179,Manter (guardar)
../dataset/raw_data/vlibrasil/180_Supervisionar/20201222035916_5fe242046cb88.mp4,20201222035916_5fe242046cb88.npy,vlisbrasil,180,Supervisionar
../dataset/raw_data/vlibrasil/180_Supervisionar/20201222035916_5fe24204863bb.mp4,20201222035916_5fe24204863bb.npy,vlisbrasil,180,Supervisionar
../dataset/raw_data/vlibrasil/180_Supervisionar/20210329045009_60622f710505d.mp4,20210329045009_60622f710505d.npy,vlisbrasil,180,Supervisionar
../dataset/raw_data/vlibrasil/181_Atitude/20201222040038_5fe24256ecff6.mp4,20201222040038_5fe24256ecff6.npy,vlisbrasil,181,Atitude
../dataset/raw_data/vlibrasil/181_Atitude/20201222040039_5fe2425704986.mp4,20201222040039_5fe2425704986.npy,vlisbrasil,181,Atitude
../dataset/raw_data/vlibrasil/181_Atitude/20210623032316_60d37c1456c26.mp4,20210623032316_60d37c1456c26.npy,vlisbrasil,181,Atitude
../dataset/raw_data/vlibrasil/182_Mar_oceano/20201222040309_5fe242edc20ed.mp4,20201222040309_5fe242edc20ed.npy,vlisbrasil,182,Mar (oceano)
../dataset/raw_data/vlibrasil/182_Mar_oceano/20201222040309_5fe242edcf17a.mp4,20201222040309_5fe242edcf17a.npy,vlisbrasil,182,Mar (oceano)
../dataset/raw_data/vlibrasil/182_Mar_oceano/20210329025316_6062140c7377a.mp4,20210329025316_6062140c7377a.npy,vlisbrasil,182,Mar (oceano)
../dataset/raw_data/vlibrasil/183_Urso/20201222040435_5fe24343f019f.mp4,20201222040435_5fe24343f019f.npy,vlisbrasil,183,Urso
../dataset/raw_data/vlibrasil/183_Urso/20201222040436_5fe24344084a2.mp4,20201222040436_5fe24344084a2.npy,vlisbrasil,183,Urso
../dataset/raw_data/vlibrasil/183_Urso/20210329045859_606231836d5d7.mp4,20210329045859_606231836d5d7.npy,vlisbrasil,183,Urso
../dataset/raw_data/vlibrasil/184_Praia/20201222041150_5fe244f6e5ba8.mp4,20201222041150_5fe244f6e5ba8.npy,vlisbrasil,184,Praia
../dataset/raw_data/vlibrasil/184_Praia/20201222041150_5fe244f6f3260.mp4,20201222041150_5fe244f6f3260.npy,vlisbrasil,184,Praia
../dataset/raw_data/vlibrasil/184_Praia/20210329031851_60621a0b7e096.mp4,20210329031851_60621a0b7e096.npy,vlisbrasil,184,Praia
../dataset/raw_data/vlibrasil/185_Ir/20201222041646_5fe2461e7efc1.mp4,20201222041646_5fe2461e7efc1.npy,vlisbrasil,185,Ir
../dataset/raw_data/vlibrasil/185_Ir/20201222041646_5fe2461e87ac1.mp4,20201222041646_5fe2461e87ac1.npy,vlisbrasil,185,Ir
../dataset/raw_data/vlibrasil/185_Ir/20210329010349_6061fa658a4fa.mp4,20210329010349_6061fa658a4fa.npy,vlisbrasil,185,Ir
../dataset/raw_data/vlibrasil/186_Sucesso/20201222041822_5fe2467e5164e.mp4,20201222041822_5fe2467e5164e.npy,vlisbrasil,186,Sucesso
../dataset/raw_data/vlibrasil/186_Sucesso/20210329045006_60622f6e1169f.mp4,20210329045006_60622f6e1169f.npy,vlisbrasil,186,Sucesso
../dataset/raw_data/vlibrasil/186_Sucesso/20210621043822_60d0eaaed4384.mp4,20210621043822_60d0eaaed4384.npy,vlisbrasil,186,Sucesso
../dataset/raw_data/vlibrasil/187_Assalto/20201222041858_5fe246a2eed25.mp4,20201222041858_5fe246a2eed25.npy,vlisbrasil,187,Assalto
../dataset/raw_data/vlibrasil/187_Assalto/20201223083101_5fe3d335ae11a.mp4,20201223083101_5fe3d335ae11a.npy,vlisbrasil,187,Assalto
../dataset/raw_data/vlibrasil/187_Assalto/20210329104615_6061da2701b77.mp4,20210329104615_6061da2701b77.npy,vlisbrasil,187,Assalto
../dataset/raw_data/vlibrasil/188_Por_que/20201222041954_5fe246daa37f7.mp4,20201222041954_5fe246daa37f7.npy,vlisbrasil,188,Por que
../dataset/raw_data/vlibrasil/188_Por_que/20201224065700_5fe465ecb90e0.mp4,20201224065700_5fe465ecb90e0.npy,vlisbrasil,188,Por que
../dataset/raw_data/vlibrasil/188_Por_que/20210329031848_60621a0844a79.mp4,20210329031848_60621a0844a79.npy,vlisbrasil,188,Por que
../dataset/raw_data/vlibrasil/189_Cama/20201222042054_5fe24716e9b74.mp4,20201222042054_5fe24716e9b74.npy,vlisbrasil,189,Cama
../dataset/raw_data/vlibrasil/189_Cama/20201223083951_5fe3d54740617.mp4,20201223083951_5fe3d54740617.npy,vlisbrasil,189,Cama
../dataset/raw_data/vlibrasil/189_Cama/20210329110255_6061de0f92c50.mp4,20210329110255_6061de0f92c50.npy,vlisbrasil,189,Cama
../dataset/raw_data/vlibrasil/190_Implorar_pedir/20201222042155_5fe247533674c.mp4,20201222042155_5fe247533674c.npy,vlisbrasil,190,Implorar (pedir)
../dataset/raw_data/vlibrasil/190_Implorar_pedir/20201223084618_5fe3d6caeb510.mp4,20201223084618_5fe3d6caeb510.npy,vlisbrasil,190,Implorar (pedir)
../dataset/raw_data/vlibrasil/190_Implorar_pedir/20210623043031_60d38bd74a704.mp4,20210623043031_60d38bd74a704.npy,vlisbrasil,190,Implorar (pedir)
../dataset/raw_data/vlibrasil/191_Campainha/20201222042341_5fe247bd47f1e.mp4,20201222042341_5fe247bd47f1e.npy,vlisbrasil,191,Campainha
../dataset/raw_data/vlibrasil/191_Campainha/20210209055657_6022f7195e418.mp4,20210209055657_6022f7195e418.npy,vlisbrasil,191,Campainha
../dataset/raw_data/vlibrasil/191_Campainha/20210402043103_606770f70b3d8.mp4,20210402043103_606770f70b3d8.npy,vlisbrasil,191,Campainha
../dataset/raw_data/vlibrasil/192_Pertencer/20201222042526_5fe24826610df.mp4,20201222042526_5fe24826610df.npy,vlisbrasil,192,Pertencer
../dataset/raw_data/vlibrasil/192_Pertencer/20201224065630_5fe465ce26965.mp4,20201224065630_5fe465ce26965.npy,vlisbrasil,192,Pertencer
../dataset/raw_data/vlibrasil/192_Pertencer/20210329031845_60621a0503b92.mp4,20210329031845_60621a0503b92.npy,vlisbrasil,192,Pertencer
../dataset/raw_data/vlibrasil/193_Desconectar/20201222042633_5fe24869b3dd0.mp4,20201222042633_5fe24869b3dd0.npy,vlisbrasil,193,Desconectar
../dataset/raw_data/vlibrasil/193_Desconectar/20201223084449_5fe3d6710daf3.mp4,20201223084449_5fe3d6710daf3.npy,vlisbrasil,193,Desconectar
../dataset/raw_data/vlibrasil/193_Desconectar/20210329050459_606232ebc83ed.mp4,20210329050459_606232ebc83ed.npy,vlisbrasil,193,Desconectar
../dataset/raw_data/vlibrasil/194_Colaborar/20201222042729_5fe248a1a328a.mp4,20201222042729_5fe248a1a328a.npy,vlisbrasil,194,Colaborar
../dataset/raw_data/vlibrasil/194_Colaborar/20201223084355_5fe3d63b7b87b.mp4,20201223084355_5fe3d63b7b87b.npy,vlisbrasil,194,Colaborar
../dataset/raw_data/vlibrasil/194_Colaborar/20210329124540_6061f624261dc.mp4,20210329124540_6061f624261dc.npy,vlisbrasil,194,Colaborar
../dataset/raw_data/vlibrasil/196_Benefício/20201222043021_5fe2494d22fa9.mp4,20201222043021_5fe2494d22fa9.npy,vlisbrasil,196,Benefício
../dataset/raw_data/vlibrasil/196_Benefício/20201223083649_5fe3d4912d5b8.mp4,20201223083649_5fe3d4912d5b8.npy,vlisbrasil,196,Benefício
../dataset/raw_data/vlibrasil/196_Benefício/20210623032718_60d37d0653c38.mp4,20210623032718_60d37d0653c38.npy,vlisbrasil,196,Benefício
../dataset/raw_data/vlibrasil/197_Melhor/20201222043111_5fe2497fd6bcc.mp4,20201222043111_5fe2497fd6bcc.npy,vlisbrasil,197,Melhor
../dataset/raw_data/vlibrasil/197_Melhor/20201223084654_5fe3d6ee8ec25.mp4,20201223084654_5fe3d6ee8ec25.npy,vlisbrasil,197,Melhor
../dataset/raw_data/vlibrasil/197_Melhor/20210329025249_606213f15f84f.mp4,20210329025249_606213f15f84f.npy,vlisbrasil,197,Melhor
../dataset/raw_data/vlibrasil/198_Bicicleta/20201222043216_5fe249c05aa9f.mp4,20201222043216_5fe249c05aa9f.npy,vlisbrasil,198,Bicicleta
../dataset/raw_data/vlibrasil/198_Bicicleta/20201223083807_5fe3d4df2c722.mp4,20201223083807_5fe3d4df2c722.npy,vlisbrasil,198,Bicicleta
../dataset/raw_data/vlibrasil/198_Bicicleta/20210329110307_6061de1bd7867.mp4,20210329110307_6061de1bd7867.npy,vlisbrasil,198,Bicicleta
../dataset/raw_data/vlibrasil/199_Grande_enorme/20201222043304_5fe249f0d22ed.mp4,20201222043304_5fe249f0d22ed.npy,vlisbrasil,199,Grande (enorme)
../dataset/raw_data/vlibrasil/199_Grande_enorme/20201223084542_5fe3d6a69dd76.mp4,20201223084542_5fe3d6a69dd76.npy,vlisbrasil,199,Grande (enorme)
../dataset/raw_data/vlibrasil/199_Grande_enorme/20210329010406_6061fa76c9a01.mp4,20210329010406_6061fa76c9a01.npy,vlisbrasil,199,Grande (enorme)
../dataset/raw_data/vlibrasil/200_Cabeçudo/20201222043838_5fe24b3e925bf.mp4,20201222043838_5fe24b3e925bf.npy,vlisbrasil,200,Cabeçudo
../dataset/raw_data/vlibrasil/200_Cabeçudo/20201223083903_5fe3d517cf6f7.mp4,20201223083903_5fe3d517cf6f7.npy,vlisbrasil,200,Cabeçudo
../dataset/raw_data/vlibrasil/200_Cabeçudo/20210329110258_6061de121f406.mp4,20210329110258_6061de121f406.npy,vlisbrasil,200,Cabeçudo
../dataset/raw_data/vlibrasil/201_Pequeno/20201222043942_5fe24b7eb5e66.mp4,20201222043942_5fe24b7eb5e66.npy,vlisbrasil,201,Pequeno
../dataset/raw_data/vlibrasil/201_Pequeno/20201224065506_5fe4657a67991.mp4,20201224065506_5fe4657a67991.npy,vlisbrasil,201,Pequeno
../dataset/raw_data/vlibrasil/201_Pequeno/20210410094226_607245f2ceda6.mp4,20210410094226_607245f2ceda6.npy,vlisbrasil,201,Pequeno
../dataset/raw_data/vlibrasil/202_Perder_peso/20201222044059_5fe24bcb51c50.mp4,20201222044059_5fe24bcb51c50.npy,vlisbrasil,202,Perder peso
../dataset/raw_data/vlibrasil/202_Perder_peso/20201224065546_5fe465a2ccd1b.mp4,20201224065546_5fe465a2ccd1b.npy,vlisbrasil,202,Perder peso
../dataset/raw_data/vlibrasil/202_Perder_peso/20210623095439_60d3d7cf7b319.mp4,20210623095439_60d3d7cf7b319.npy,vlisbrasil,202,Perder peso
../dataset/raw_data/vlibrasil/203_Pássaro/20201222044318_5fe24c56bca83.mp4,20201222044318_5fe24c56bca83.npy,vlisbrasil,203,Pássaro
../dataset/raw_data/vlibrasil/203_Pássaro/20201224065226_5fe464dabec33.mp4,20201224065226_5fe464dabec33.npy,vlisbrasil,203,Pássaro
../dataset/raw_data/vlibrasil/203_Pássaro/20210329031831_606219f7c765c.mp4,20210329031831_606219f7c765c.npy,vlisbrasil,203,Pássaro
../dataset/raw_data/vlibrasil/204_Pato/20201222044413_5fe24c8dac2ef.mp4,20201222044413_5fe24c8dac2ef.npy,vlisbrasil,204,Pato
../dataset/raw_data/vlibrasil/204_Pato/20201224065420_5fe4654cbe42b.mp4,20201224065420_5fe4654cbe42b.npy,vlisbrasil,204,Pato
../dataset/raw_data/vlibrasil/204_Pato/20210329031833_606219f9c2eba.mp4,20210329031833_606219f9c2eba.npy,vlisbrasil,204,Pato
../dataset/raw_data/vlibrasil/205_Mordida_picada/20201223084735_5fe3d7174c9ed.mp4,20201223084735_5fe3d7174c9ed.npy,vlisbrasil,205,Mordida (picada)
../dataset/raw_data/vlibrasil/205_Mordida_picada/20210128040034_601309d23f423.mp4,20210128040034_601309d23f423.npy,vlisbrasil,205,Mordida (picada)
../dataset/raw_data/vlibrasil/205_Mordida_picada/20210210073934_6023b7e6484b2.mp4,20210210073934_6023b7e6484b2.npy,vlisbrasil,205,Mordida (picada)
../dataset/raw_data/vlibrasil/206_Cobertor/20201222044549_5fe24cedc19ff.mp4,20201222044549_5fe24cedc19ff.npy,vlisbrasil,206,Cobertor
../dataset/raw_data/vlibrasil/206_Cobertor/20201223084258_5fe3d602b1d72.mp4,20201223084258_5fe3d602b1d72.npy,vlisbrasil,206,Cobertor
../dataset/raw_data/vlibrasil/206_Cobertor/20210329124538_6061f622074c3.mp4,20210329124538_6061f622074c3.npy,vlisbrasil,206,Cobertor
../dataset/raw_data/vlibrasil/207_Abençoar/20201222044636_5fe24d1cce30a.mp4,20201222044636_5fe24d1cce30a.npy,vlisbrasil,207,Abençoar
../dataset/raw_data/vlibrasil/207_Abençoar/20201223080800_5fe3cdd0d9774.mp4,20201223080800_5fe3cdd0d9774.npy,vlisbrasil,207,Abençoar
../dataset/raw_data/vlibrasil/207_Abençoar/20210331110631_606481e74680e.mp4,20210331110631_606481e74680e.npy,vlisbrasil,207,Abençoar
../dataset/raw_data/vlibrasil/208_Cego/20201222044842_5fe24d9a35014.mp4,20201222044842_5fe24d9a35014.npy,vlisbrasil,208,Cego
../dataset/raw_data/vlibrasil/208_Cego/20201223084222_5fe3d5de94975.mp4,20201223084222_5fe3d5de94975.npy,vlisbrasil,208,Cego
../dataset/raw_data/vlibrasil/208_Cego/20210329124530_6061f61a91053.mp4,20210329124530_6061f61a91053.npy,vlisbrasil,208,Cego
../dataset/raw_data/vlibrasil/212_Assim/20201223083515_5fe3d433ceec2.mp4,20201223083515_5fe3d433ceec2.npy,vlisbrasil,212,Assim
../dataset/raw_data/vlibrasil/212_Assim/20210611045029_60c3be859b892.mp4,20210611045029_60c3be859b892.npy,vlisbrasil,212,Assim
../dataset/raw_data/vlibrasil/212_Assim/20210623032301_60d37c0587cb4.mp4,20210623032301_60d37c0587cb4.npy,vlisbrasil,212,Assim
../dataset/raw_data/vlibrasil/213_Parentesco/20201223085008_5fe3d7b01f7b7.mp4,20201223085008_5fe3d7b01f7b7.npy,vlisbrasil,213,Parentesco
../dataset/raw_data/vlibrasil/213_Parentesco/20210619024330_60ce2cc20cc69.mp4,20210619024330_60ce2cc20cc69.npy,vlisbrasil,213,Parentesco
../dataset/raw_data/vlibrasil/213_Parentesco/20210623095403_60d3d7ab65bf8.mp4,20210623095403_60d3d7ab65bf8.npy,vlisbrasil,213,Parentesco
../dataset/raw_data/vlibrasil/214_Açúcar/20201224074321_5fe470c95d3d0.mp4,20201224074321_5fe470c95d3d0.npy,vlisbrasil,214,Açúcar
../dataset/raw_data/vlibrasil/214_Açúcar/20201224064420_5fe50bb4ad191.mp4,20201224064420_5fe50bb4ad191.npy,vlisbrasil,214,Açúcar
../dataset/raw_data/vlibrasil/214_Açúcar/20210331111457_606483e1950c6.mp4,20210331111457_606483e1950c6.npy,vlisbrasil,214,Açúcar
../dataset/raw_data/vlibrasil/215_Adaptar/20210122122526_600aee6608466.mp4,20210122122526_600aee6608466.npy,vlisbrasil,215,Adaptar
../dataset/raw_data/vlibrasil/215_Adaptar/20210122122526_600aee662405e.mp4,20210122122526_600aee662405e.npy,vlisbrasil,215,Adaptar
../dataset/raw_data/vlibrasil/215_Adaptar/20210331111632_60648440700d2.mp4,20210331111632_60648440700d2.npy,vlisbrasil,215,Adaptar
../dataset/raw_data/vlibrasil/216_Agradável/20201224074414_5fe470fe8905d.mp4,20201224074414_5fe470fe8905d.npy,vlisbrasil,216,Agradável
../dataset/raw_data/vlibrasil/216_Agradável/20201224064511_5fe50be7b7237.mp4,20201224064511_5fe50be7b7237.npy,vlisbrasil,216,Agradável
../dataset/raw_data/vlibrasil/216_Agradável/20210331112433_6064862194c2d.mp4,20210331112433_6064862194c2d.npy,vlisbrasil,216,Agradável
../dataset/raw_data/vlibrasil/217_Ambos/20201224074428_5fe4710c7a9ed.mp4,20201224074428_5fe4710c7a9ed.npy,vlisbrasil,217,Ambos
../dataset/raw_data/vlibrasil/217_Ambos/20201224064548_5fe50c0cd9bc3.mp4,20201224064548_5fe50c0cd9bc3.npy,vlisbrasil,217,Ambos
../dataset/raw_data/vlibrasil/217_Ambos/20210329080118_60625c3e421cd.mp4,20210329080118_60625c3e421cd.npy,vlisbrasil,217,Ambos
../dataset/raw_data/vlibrasil/218_Aniversário/20201224074443_5fe4711b6c8c8.mp4,20201224074443_5fe4711b6c8c8.npy,vlisbrasil,218,Aniversário
../dataset/raw_data/vlibrasil/218_Aniversário/20210329104558_6061da16af030.mp4,20210329104558_6061da16af030.npy,vlisbrasil,218,Aniversário
../dataset/raw_data/vlibrasil/218_Aniversário/20210505115050_6092b0cadf709.mp4,20210505115050_6092b0cadf709.npy,vlisbrasil,218,Aniversário
../dataset/raw_data/vlibrasil/220_Aposto/20201224074710_5fe471ae029ea.mp4,20201224074710_5fe471ae029ea.npy,vlisbrasil,220,Aposto
../dataset/raw_data/vlibrasil/220_Aposto/20201224064705_5fe50c59c104a.mp4,20201224064705_5fe50c59c104a.npy,vlisbrasil,220,Aposto
../dataset/raw_data/vlibrasil/220_Aposto/20210623032146_60d37bbac2db7.mp4,20210623032146_60d37bbac2db7.npy,vlisbrasil,220,Aposto
../dataset/raw_data/vlibrasil/221_Armário/20201224074727_5fe471bf2bc3d.mp4,20201224074727_5fe471bf2bc3d.npy,vlisbrasil,221,Armário
../dataset/raw_data/vlibrasil/221_Armário/20201224064729_5fe50c716dc09.mp4,20201224064729_5fe50c716dc09.npy,vlisbrasil,221,Armário
../dataset/raw_data/vlibrasil/221_Armário/20210329080838_60625df6c184b.mp4,20210329080838_60625df6c184b.npy,vlisbrasil,221,Armário
../dataset/raw_data/vlibrasil/222_Assistir/20201224074756_5fe471dc8ba91.mp4,20201224074756_5fe471dc8ba91.npy,vlisbrasil,222,Assistir
../dataset/raw_data/vlibrasil/222_Assistir/20201224064802_5fe50c92619ff.mp4,20201224064802_5fe50c92619ff.npy,vlisbrasil,222,Assistir
../dataset/raw_data/vlibrasil/222_Assistir/20210331015513_6064a97173fe1.mp4,20210331015513_6064a97173fe1.npy,vlisbrasil,222,Assistir
../dataset/raw_data/vlibrasil/223_Azul/20201224074815_5fe471ef54975.mp4,20201224074815_5fe471ef54975.npy,vlisbrasil,223,Azul
../dataset/raw_data/vlibrasil/223_Azul/20201224064827_5fe50cab69973.mp4,20201224064827_5fe50cab69973.npy,vlisbrasil,223,Azul
../dataset/raw_data/vlibrasil/223_Azul/20210331015516_6064a974c0e98.mp4,20210331015516_6064a974c0e98.npy,vlisbrasil,223,Azul
../dataset/raw_data/vlibrasil/224_Barato/20201224074838_5fe4720694769.mp4,20201224074838_5fe4720694769.npy,vlisbrasil,224,Barato
../dataset/raw_data/vlibrasil/224_Barato/20201224064855_5fe50cc7a1e1a.mp4,20201224064855_5fe50cc7a1e1a.npy,vlisbrasil,224,Barato
../dataset/raw_data/vlibrasil/224_Barato/20210331015534_6064a986a39af.mp4,20210331015534_6064a986a39af.npy,vlisbrasil,224,Barato
../dataset/raw_data/vlibrasil/225_Barco/20201224074851_5fe47213eb3b4.mp4,20201224074851_5fe47213eb3b4.npy,vlisbrasil,225,Barco
../dataset/raw_data/vlibrasil/225_Barco/20201224064914_5fe50cda159a0.mp4,20201224064914_5fe50cda159a0.npy,vlisbrasil,225,Barco
../dataset/raw_data/vlibrasil/225_Barco/20210202052044_6019b41c80865.mp4,20210202052044_6019b41c80865.npy,vlisbrasil,225,Barco
../dataset/raw_data/vlibrasil/226_Boi/20201224074912_5fe472286692e.mp4,20201224074912_5fe472286692e.npy,vlisbrasil,226,Boi
../dataset/raw_data/vlibrasil/226_Boi/20201224065049_5fe50d3972510.mp4,20201224065049_5fe50d3972510.npy,vlisbrasil,226,Boi
../dataset/raw_data/vlibrasil/226_Boi/20210331015538_6064a98a26d1f.mp4,20210331015538_6064a98a26d1f.npy,vlisbrasil,226,Boi
../dataset/raw_data/vlibrasil/227_Bolo/20201224074926_5fe47236ccc8c.mp4,20201224074926_5fe47236ccc8c.npy,vlisbrasil,227,Bolo
../dataset/raw_data/vlibrasil/227_Bolo/20201224065116_5fe50d54d9908.mp4,20201224065116_5fe50d54d9908.npy,vlisbrasil,227,Bolo
../dataset/raw_data/vlibrasil/227_Bolo/20210331015533_6064a985747b7.mp4,20210331015533_6064a985747b7.npy,vlisbrasil,227,Bolo
../dataset/raw_data/vlibrasil/228_Bomba/20201224074941_5fe472456ca53.mp4,20201224074941_5fe472456ca53.npy,vlisbrasil,228,Bomba
../dataset/raw_data/vlibrasil/228_Bomba/20201224065133_5fe50d6598735.mp4,20201224065133_5fe50d6598735.npy,vlisbrasil,228,Bomba
../dataset/raw_data/vlibrasil/228_Bomba/20210331015533_6064a9858cb59.mp4,20210331015533_6064a9858cb59.npy,vlisbrasil,228,Bomba
../dataset/raw_data/vlibrasil/229_Borboleta/20201224075005_5fe4725dece3a.mp4,20201224075005_5fe4725dece3a.npy,vlisbrasil,229,Borboleta
../dataset/raw_data/vlibrasil/229_Borboleta/20201224065203_5fe50d836fb83.mp4,20201224065203_5fe50d836fb83.npy,vlisbrasil,229,Borboleta
../dataset/raw_data/vlibrasil/229_Borboleta/20210623032839_60d37d573ade2.mp4,20210623032839_60d37d573ade2.npy,vlisbrasil,229,Borboleta
../dataset/raw_data/vlibrasil/230_Botão_broche/20201224075032_5fe47278e5893.mp4,20201224075032_5fe47278e5893.npy,vlisbrasil,230,Botão (broche)
../dataset/raw_data/vlibrasil/230_Botão_broche/20201224065223_5fe50d9768410.mp4,20201224065223_5fe50d9768410.npy,vlisbrasil,230,Botão (broche)
../dataset/raw_data/vlibrasil/230_Botão_broche/20210331015536_6064a98829661.mp4,20210331015536_6064a98829661.npy,vlisbrasil,230,Botão (broche)
../dataset/raw_data/vlibrasil/231_Brigar_dar_porrada/20201224075054_5fe4728e46432.mp4,20201224075054_5fe4728e46432.npy,vlisbrasil,231,Brigar (dar porrada)
../dataset/raw_data/vlibrasil/231_Brigar_dar_porrada/20201224065303_5fe50dbfeb998.mp4,20201224065303_5fe50dbfeb998.npy,vlisbrasil,231,Brigar (dar porrada)
../dataset/raw_data/vlibrasil/231_Brigar_dar_porrada/20210331015544_6064a9901878f.mp4,20210331015544_6064a9901878f.npy,vlisbrasil,231,Brigar (dar porrada)
../dataset/raw_data/vlibrasil/232_Cabeça_fria/20201224075113_5fe472a176ae5.mp4,20201224075113_5fe472a176ae5.npy,vlisbrasil,232,Cabeça fria
../dataset/raw_data/vlibrasil/232_Cabeça_fria/20201224065340_5fe50de493e77.mp4,20201224065340_5fe50de493e77.npy,vlisbrasil,232,Cabeça fria
../dataset/raw_data/vlibrasil/232_Cabeça_fria/20210331015539_6064a98bc7835.mp4,20210331015539_6064a98bc7835.npy,vlisbrasil,232,Cabeça fria
../dataset/raw_data/vlibrasil/233_Câmera/20201224075136_5fe472b899060.mp4,20201224075136_5fe472b899060.npy,vlisbrasil,233,Câmera
../dataset/raw_data/vlibrasil/233_Câmera/20201224065402_5fe50dfac4b76.mp4,20201224065402_5fe50dfac4b76.npy,vlisbrasil,233,Câmera
../dataset/raw_data/vlibrasil/233_Câmera/20210331015543_6064a98f046ad.mp4,20210331015543_6064a98f046ad.npy,vlisbrasil,233,Câmera
../dataset/raw_data/vlibrasil/235_Campeão/20201224075453_5fe4737dba007.mp4,20201224075453_5fe4737dba007.npy,vlisbrasil,235,Campeão
../dataset/raw_data/vlibrasil/235_Campeão/20201224065437_5fe50e1d12369.mp4,20201224065437_5fe50e1d12369.npy,vlisbrasil,235,Campeão
../dataset/raw_data/vlibrasil/235_Campeão/20210331015546_6064a9923d3b3.mp4,20210331015546_6064a9923d3b3.npy,vlisbrasil,235,Campeão
../dataset/raw_data/vlibrasil/236_Carpinteiro/20201224075515_5fe473935473f.mp4,20201224075515_5fe473935473f.npy,vlisbrasil,236,Carpinteiro
../dataset/raw_data/vlibrasil/236_Carpinteiro/20201224065506_5fe50e3a125f3.mp4,20201224065506_5fe50e3a125f3.npy,vlisbrasil,236,Carpinteiro
../dataset/raw_data/vlibrasil/236_Carpinteiro/20210623033052_60d37ddc50020.mp4,20210623033052_60d37ddc50020.npy,vlisbrasil,236,Carpinteiro
../dataset/raw_data/vlibrasil/237_Carro/20201224075536_5fe473a864d08.mp4,20201224075536_5fe473a864d08.npy,vlisbrasil,237,Carro
../dataset/raw_data/vlibrasil/237_Carro/20201224065551_5fe50e67d63ba.mp4,20201224065551_5fe50e67d63ba.npy,vlisbrasil,237,Carro
../dataset/raw_data/vlibrasil/237_Carro/20210331015554_6064a99a6e538.mp4,20210331015554_6064a99a6e538.npy,vlisbrasil,237,Carro
../dataset/raw_data/vlibrasil/238_Católico/20201224075559_5fe473bf22578.mp4,20201224075559_5fe473bf22578.npy,vlisbrasil,238,Católico
../dataset/raw_data/vlibrasil/238_Católico/20201224065615_5fe50e7f23169.mp4,20201224065615_5fe50e7f23169.npy,vlisbrasil,238,Católico
../dataset/raw_data/vlibrasil/238_Católico/20210331015609_6064a9a9041c9.mp4,20210331015609_6064a9a9041c9.npy,vlisbrasil,238,Católico
../dataset/raw_data/vlibrasil/239_Causa/20201224075616_5fe473d0a9113.mp4,20201224075616_5fe473d0a9113.npy,vlisbrasil,239,Causa
../dataset/raw_data/vlibrasil/239_Causa/20201224065642_5fe50e9a76f14.mp4,20201224065642_5fe50e9a76f14.npy,vlisbrasil,239,Causa
../dataset/raw_data/vlibrasil/239_Causa/20210623033111_60d37def5ab5f.mp4,20210623033111_60d37def5ab5f.npy,vlisbrasil,239,Causa
../dataset/raw_data/vlibrasil/240_Centro/20201224075643_5fe473ebefb23.mp4,20201224075643_5fe473ebefb23.npy,vlisbrasil,240,Centro
../dataset/raw_data/vlibrasil/240_Centro/20201224065728_5fe50ec83b9bd.mp4,20201224065728_5fe50ec83b9bd.npy,vlisbrasil,240,Centro
../dataset/raw_data/vlibrasil/240_Centro/20210623033613_60d37f1d22ea7.mp4,20210623033613_60d37f1d22ea7.npy,vlisbrasil,240,Centro
../dataset/raw_data/vlibrasil/242_Cérebro_de_ervilha/20201224080457_5fe475d9cb4f8.mp4,20201224080457_5fe475d9cb4f8.npy,vlisbrasil,242,Cérebro (de ervilha)
../dataset/raw_data/vlibrasil/242_Cérebro_de_ervilha/20201224065805_5fe50eed573e3.mp4,20201224065805_5fe50eed573e3.npy,vlisbrasil,242,Cérebro (de ervilha)
../dataset/raw_data/vlibrasil/242_Cérebro_de_ervilha/20210331021103_6064ad27ae28c.mp4,20210331021103_6064ad27ae28c.npy,vlisbrasil,242,Cérebro (de ervilha)
../dataset/raw_data/vlibrasil/243_Certificar_atestar/20201224080944_5fe476f87b41a.mp4,20201224080944_5fe476f87b41a.npy,vlisbrasil,243,Certificar (atestar)
../dataset/raw_data/vlibrasil/243_Certificar_atestar/20201224065832_5fe50f08a8d8c.mp4,20201224065832_5fe50f08a8d8c.npy,vlisbrasil,243,Certificar (atestar)
../dataset/raw_data/vlibrasil/243_Certificar_atestar/20210331021101_6064ad257e9d5.mp4,20210331021101_6064ad257e9d5.npy,vlisbrasil,243,Certificar (atestar)
../dataset/raw_data/vlibrasil/244_Cerveja/20201224081204_5fe47784e5cd6.mp4,20201224081204_5fe47784e5cd6.npy,vlisbrasil,244,Cerveja
../dataset/raw_data/vlibrasil/244_Cerveja/20201224065901_5fe50f25dd72e.mp4,20201224065901_5fe50f25dd72e.npy,vlisbrasil,244,Cerveja
../dataset/raw_data/vlibrasil/244_Cerveja/20210331021102_6064ad26a4f73.mp4,20210331021102_6064ad26a4f73.npy,vlisbrasil,244,Cerveja
../dataset/raw_data/vlibrasil/245_Chance/20201224081321_5fe477d1e3b36.mp4,20201224081321_5fe477d1e3b36.npy,vlisbrasil,245,Chance
../dataset/raw_data/vlibrasil/245_Chance/20201224065927_5fe50f3f55591.mp4,20201224065927_5fe50f3f55591.npy,vlisbrasil,245,Chance
../dataset/raw_data/vlibrasil/245_Chance/20210623033734_60d37f6e331f6.mp4,20210623033734_60d37f6e331f6.npy,vlisbrasil,245,Chance
../dataset/raw_data/vlibrasil/246_Chefe/20201224081514_5fe47842a4c61.mp4,20201224081514_5fe47842a4c61.npy,vlisbrasil,246,Chefe
../dataset/raw_data/vlibrasil/246_Chefe/20201224070005_5fe50f650baa3.mp4,20201224070005_5fe50f650baa3.npy,vlisbrasil,246,Chefe
../dataset/raw_data/vlibrasil/246_Chefe/20210331021104_6064ad2874678.mp4,20210331021104_6064ad2874678.npy,vlisbrasil,246,Chefe
../dataset/raw_data/vlibrasil/247_Chocolate/20201224081541_5fe4785d62260.mp4,20201224081541_5fe4785d62260.npy,vlisbrasil,247,Chocolate
../dataset/raw_data/vlibrasil/247_Chocolate/20201224070038_5fe50f863599f.mp4,20201224070038_5fe50f863599f.npy,vlisbrasil,247,Chocolate
../dataset/raw_data/vlibrasil/247_Chocolate/20210331021108_6064ad2c21082.mp4,20210331021108_6064ad2c21082.npy,vlisbrasil,247,Chocolate
../dataset/raw_data/vlibrasil/248_Cigarro/20201224081650_5fe478a207552.mp4,20201224081650_5fe478a207552.npy,vlisbrasil,248,Cigarro
../dataset/raw_data/vlibrasil/248_Cigarro/20201224070145_5fe50fc999321.mp4,20201224070145_5fe50fc999321.npy,vlisbrasil,248,Cigarro
../dataset/raw_data/vlibrasil/248_Cigarro/20210331021116_6064ad349399f.mp4,20210331021116_6064ad349399f.npy,vlisbrasil,248,Cigarro
../dataset/raw_data/vlibrasil/249_Círculo/20201224081718_5fe478be733bf.mp4,20201224081718_5fe478be733bf.npy,vlisbrasil,249,Círculo
../dataset/raw_data/vlibrasil/249_Círculo/20201224070235_5fe50ffbdba3a.mp4,20201224070235_5fe50ffbdba3a.npy,vlisbrasil,249,Círculo
../dataset/raw_data/vlibrasil/249_Círculo/20210623033913_60d37fd15aeb8.mp4,20210623033913_60d37fd15aeb8.npy,vlisbrasil,249,Círculo
../dataset/raw_data/vlibrasil/251_Comemorar_celebrar/20201224081811_5fe478f371ae7.mp4,20201224081811_5fe478f371ae7.npy,vlisbrasil,251,Comemorar (celebrar)
../dataset/raw_data/vlibrasil/251_Comemorar_celebrar/20201227073308_5fe862e4a16c2.mp4,20201227073308_5fe862e4a16c2.npy,vlisbrasil,251,Comemorar (celebrar)
../dataset/raw_data/vlibrasil/251_Comemorar_celebrar/20210331021122_6064ad3a21233.mp4,20210331021122_6064ad3a21233.npy,vlisbrasil,251,Comemorar (celebrar)
../dataset/raw_data/vlibrasil/252_Confortável/20201224081852_5fe4791c783a9.mp4,20201224081852_5fe4791c783a9.npy,vlisbrasil,252,Confortável
../dataset/raw_data/vlibrasil/252_Confortável/20201227073346_5fe8630a2774d.mp4,20201227073346_5fe8630a2774d.npy,vlisbrasil,252,Confortável
../dataset/raw_data/vlibrasil/252_Confortável/20210331021139_6064ad4bdfc5a.mp4,20210331021139_6064ad4bdfc5a.npy,vlisbrasil,252,Confortável
../dataset/raw_data/vlibrasil/253_Construir/20201224081917_5fe4793518217.mp4,20201224081917_5fe4793518217.npy,vlisbrasil,253,Construir
../dataset/raw_data/vlibrasil/253_Construir/20201227073424_5fe863304c1f6.mp4,20201227073424_5fe863304c1f6.npy,vlisbrasil,253,Construir
../dataset/raw_data/vlibrasil/253_Construir/20210331022856_6064b158198b8.mp4,20210331022856_6064b158198b8.npy,vlisbrasil,253,Construir
../dataset/raw_data/vlibrasil/254_Corpo/20201224081948_5fe479546c196.mp4,20201224081948_5fe479546c196.npy,vlisbrasil,254,Corpo
../dataset/raw_data/vlibrasil/254_Corpo/20201227073502_5fe86356df555.mp4,20201227073502_5fe86356df555.npy,vlisbrasil,254,Corpo
../dataset/raw_data/vlibrasil/254_Corpo/20210331022959_6064b197df23f.mp4,20210331022959_6064b197df23f.npy,vlisbrasil,254,Corpo
../dataset/raw_data/vlibrasil/255_Derramar/20201224082008_5fe47968f3455.mp4,20201224082008_5fe47968f3455.npy,vlisbrasil,255,Derramar
../dataset/raw_data/vlibrasil/255_Derramar/20201227073531_5fe86373d09ca.mp4,20201227073531_5fe86373d09ca.npy,vlisbrasil,255,Derramar
../dataset/raw_data/vlibrasil/255_Derramar/20210127040139_6011b893f14b3.mp4,20210127040139_6011b893f14b3.npy,vlisbrasil,255,Derramar
../dataset/raw_data/vlibrasil/257_Desafio/20201224082032_5fe479809793a.mp4,20201224082032_5fe479809793a.npy,vlisbrasil,257,Desafio
../dataset/raw_data/vlibrasil/257_Desafio/20201227073601_5fe8639186832.mp4,20201227073601_5fe8639186832.npy,vlisbrasil,257,Desafio
../dataset/raw_data/vlibrasil/257_Desafio/20210331022952_6064b1902b22c.mp4,20210331022952_6064b1902b22c.npy,vlisbrasil,257,Desafio
../dataset/raw_data/vlibrasil/258_Descuidado_irresponsável/20201224082115_5fe479abaad1b.mp4,20201224082115_5fe479abaad1b.npy,vlisbrasil,258,Descuidado (irresponsável)
../dataset/raw_data/vlibrasil/258_Descuidado_irresponsável/20201227073634_5fe863b27d94b.mp4,20201227073634_5fe863b27d94b.npy,vlisbrasil,258,Descuidado (irresponsável)
../dataset/raw_data/vlibrasil/258_Descuidado_irresponsável/20210331030946_6064baea93a1c.mp4,20210331030946_6064baea93a1c.npy,vlisbrasil,258,Descuidado (irresponsável)
../dataset/raw_data/vlibrasil/259_Dirigir/20201224082139_5fe479c3878a2.mp4,20201224082139_5fe479c3878a2.npy,vlisbrasil,259,Dirigir
../dataset/raw_data/vlibrasil/259_Dirigir/20201227073711_5fe863d7dc638.mp4,20201227073711_5fe863d7dc638.npy,vlisbrasil,259,Dirigir
../dataset/raw_data/vlibrasil/259_Dirigir/20210331022917_6064b16dec5c5.mp4,20210331022917_6064b16dec5c5.npy,vlisbrasil,259,Dirigir
../dataset/raw_data/vlibrasil/260_Doente/20201224082204_5fe479dc64cbf.mp4,20201224082204_5fe479dc64cbf.npy,vlisbrasil,260,Doente
../dataset/raw_data/vlibrasil/260_Doente/20201227073746_5fe863fae0f50.mp4,20201227073746_5fe863fae0f50.npy,vlisbrasil,260,Doente
../dataset/raw_data/vlibrasil/260_Doente/20210128120036_601228d42bc74.mp4,20210128120036_601228d42bc74.npy,vlisbrasil,260,Doente
../dataset/raw_data/vlibrasil/262_Empresa/20201224082558_5fe47ac64f767.mp4,20201224082558_5fe47ac64f767.npy,vlisbrasil,262,Empresa
../dataset/raw_data/vlibrasil/262_Empresa/20201227073846_5fe864368a129.mp4,20201227073846_5fe864368a129.npy,vlisbrasil,262,Empresa
../dataset/raw_data/vlibrasil/262_Empresa/20210331023015_6064b1a78f97f.mp4,20210331023015_6064b1a78f97f.npy,vlisbrasil,262,Empresa
../dataset/raw_data/vlibrasil/263_Emprestar_algo/20201224082645_5fe47af50059e.mp4,20201224082645_5fe47af50059e.npy,vlisbrasil,263,Emprestar algo
../dataset/raw_data/vlibrasil/263_Emprestar_algo/20201227080830_5fe86b2e575a4.mp4,20201227080830_5fe86b2e575a4.npy,vlisbrasil,263,Emprestar algo
../dataset/raw_data/vlibrasil/263_Emprestar_algo/20210331023017_6064b1a99aa8f.mp4,20210331023017_6064b1a99aa8f.npy,vlisbrasil,263,Emprestar algo
../dataset/raw_data/vlibrasil/264_Trapacear/20201224082720_5fe47b18e3db6.mp4,20201224082720_5fe47b18e3db6.npy,vlisbrasil,264,Trapacear
../dataset/raw_data/vlibrasil/264_Trapacear/20201227090152_5fe877b01e5b0.mp4,20201227090152_5fe877b01e5b0.npy,vlisbrasil,264,Trapacear
../dataset/raw_data/vlibrasil/264_Trapacear/20210623100639_60d3da9f514f8.mp4,20210623100639_60d3da9f514f8.npy,vlisbrasil,264,Trapacear
../dataset/raw_data/vlibrasil/265_Enganar/20201224082744_5fe47b309b5e8.mp4,20201224082744_5fe47b309b5e8.npy,vlisbrasil,265,Enganar
../dataset/raw_data/vlibrasil/265_Enganar/20201227090436_5fe87854c295c.mp4,20201227090436_5fe87854c295c.npy,vlisbrasil,265,Enganar
../dataset/raw_data/vlibrasil/265_Enganar/20210331023005_6064b19d276a5.mp4,20210331023005_6064b19d276a5.npy,vlisbrasil,265,Enganar
../dataset/raw_data/vlibrasil/266_Enterrar/20201224082811_5fe47b4bbc7aa.mp4,20201224082811_5fe47b4bbc7aa.npy,vlisbrasil,266,Enterrar
../dataset/raw_data/vlibrasil/266_Enterrar/20201229113234_5feb3e02591bc.mp4,20201229113234_5feb3e02591bc.npy,vlisbrasil,266,Enterrar
../dataset/raw_data/vlibrasil/266_Enterrar/20210623041322_60d387d2abc9c.mp4,20210623041322_60d387d2abc9c.npy,vlisbrasil,266,Enterrar
../dataset/raw_data/vlibrasil/267_Esperto_inteligente/20201224082854_5fe47b76c2062.mp4,20201224082854_5fe47b76c2062.npy,vlisbrasil,267,Esperto (inteligente)
../dataset/raw_data/vlibrasil/267_Esperto_inteligente/20201229125643_5feb51bbc0d33.mp4,20201229125643_5feb51bbc0d33.npy,vlisbrasil,267,Esperto (inteligente)
../dataset/raw_data/vlibrasil/267_Esperto_inteligente/20210331023807_6064b37f62fef.mp4,20210331023807_6064b37f62fef.npy,vlisbrasil,267,Esperto (inteligente)
../dataset/raw_data/vlibrasil/268_Explodir/20201224082925_5fe47b958cec0.mp4,20201224082925_5fe47b958cec0.npy,vlisbrasil,268,Explodir
../dataset/raw_data/vlibrasil/268_Explodir/20201229125740_5feb51f49b707.mp4,20201229125740_5feb51f49b707.npy,vlisbrasil,268,Explodir
../dataset/raw_data/vlibrasil/268_Explodir/20210623041857_60d389219077e.mp4,20210623041857_60d389219077e.npy,vlisbrasil,268,Explodir
../dataset/raw_data/vlibrasil/269_Federal/20201224083008_5fe47bc0de18c.mp4,20201224083008_5fe47bc0de18c.npy,vlisbrasil,269,Federal
../dataset/raw_data/vlibrasil/269_Federal/20201229125809_5feb52118c2c9.mp4,20201229125809_5feb52118c2c9.npy,vlisbrasil,269,Federal
../dataset/raw_data/vlibrasil/269_Federal/20210331025143_6064b6afb6e8d.mp4,20210331025143_6064b6afb6e8d.npy,vlisbrasil,269,Federal
../dataset/raw_data/vlibrasil/270_Feijões/20201224083030_5fe47bd6e3e46.mp4,20201224083030_5fe47bd6e3e46.npy,vlisbrasil,270,Feijões
../dataset/raw_data/vlibrasil/270_Feijões/20201229125833_5feb52295dfa4.mp4,20201229125833_5feb52295dfa4.npy,vlisbrasil,270,Feijões
../dataset/raw_data/vlibrasil/270_Feijões/20210331025154_6064b6ba2aa5f.mp4,20210331025154_6064b6ba2aa5f.npy,vlisbrasil,270,Feijões
../dataset/raw_data/vlibrasil/271_Ferver/20201224083119_5fe47c07a8eab.mp4,20201224083119_5fe47c07a8eab.npy,vlisbrasil,271,Ferver
../dataset/raw_data/vlibrasil/271_Ferver/20201229125903_5feb524750279.mp4,20201229125903_5feb524750279.npy,vlisbrasil,271,Ferver
../dataset/raw_data/vlibrasil/271_Ferver/20210331025444_6064b7640f06c.mp4,20210331025444_6064b7640f06c.npy,vlisbrasil,271,Ferver
../dataset/raw_data/vlibrasil/272_Ficar_com_vergonha/20201224083155_5fe47c2b695e0.mp4,20201224083155_5fe47c2b695e0.npy,vlisbrasil,272,Ficar com vergonha
../dataset/raw_data/vlibrasil/272_Ficar_com_vergonha/20201229010008_5feb528829304.mp4,20201229010008_5feb528829304.npy,vlisbrasil,272,Ficar com vergonha
../dataset/raw_data/vlibrasil/272_Ficar_com_vergonha/20210623042033_60d38981f1b5a.mp4,20210623042033_60d38981f1b5a.npy,vlisbrasil,272,Ficar com vergonha
../dataset/raw_data/vlibrasil/273_Flor/20201224083302_5fe47c6e0c51b.mp4,20201224083302_5fe47c6e0c51b.npy,vlisbrasil,273,Flor
../dataset/raw_data/vlibrasil/273_Flor/20201229010136_5feb52e0aa934.mp4,20201229010136_5feb52e0aa934.npy,vlisbrasil,273,Flor
../dataset/raw_data/vlibrasil/273_Flor/20210128120804_60122a9433de0.mp4,20210128120804_60122a9433de0.npy,vlisbrasil,273,Flor
../dataset/raw_data/vlibrasil/274_Fofinho/20201224083333_5fe47c8db5079.mp4,20201224083333_5fe47c8db5079.npy,vlisbrasil,274,Fofinho
../dataset/raw_data/vlibrasil/274_Fofinho/20201229010210_5feb53026776f.mp4,20201229010210_5feb53026776f.npy,vlisbrasil,274,Fofinho
../dataset/raw_data/vlibrasil/274_Fofinho/20210331025233_6064b6e18b67f.mp4,20210331025233_6064b6e18b67f.npy,vlisbrasil,274,Fofinho
../dataset/raw_data/vlibrasil/275_Freio/20201224083405_5fe47cad91b65.mp4,20201224083405_5fe47cad91b65.npy,vlisbrasil,275,Freio
../dataset/raw_data/vlibrasil/275_Freio/20201229010336_5feb5358a22d6.mp4,20201229010336_5feb5358a22d6.npy,vlisbrasil,275,Freio
../dataset/raw_data/vlibrasil/275_Freio/20210331025208_6064b6c8359a6.mp4,20210331025208_6064b6c8359a6.npy,vlisbrasil,275,Freio
../dataset/raw_data/vlibrasil/276_Garoto_menino/20201224083442_5fe47cd2c1cfb.mp4,20201224083442_5fe47cd2c1cfb.npy,vlisbrasil,276,Garoto (menino)
../dataset/raw_data/vlibrasil/276_Garoto_menino/20201229010951_5feb54cf34ba5.mp4,20201229010951_5feb54cf34ba5.npy,vlisbrasil,276,Garoto (menino)
../dataset/raw_data/vlibrasil/276_Garoto_menino/20210331025250_6064b6f25f0f1.mp4,20210331025250_6064b6f25f0f1.npy,vlisbrasil,276,Garoto (menino)
../dataset/raw_data/vlibrasil/277_Garrafa_de_vinho/20201224083512_5fe47cf02406d.mp4,20201224083512_5fe47cf02406d.npy,vlisbrasil,277,Garrafa de vinho
../dataset/raw_data/vlibrasil/277_Garrafa_de_vinho/20201229011059_5feb5513ae9b9.mp4,20201229011059_5feb5513ae9b9.npy,vlisbrasil,277,Garrafa de vinho
../dataset/raw_data/vlibrasil/277_Garrafa_de_vinho/20210331025252_6064b6f4921a5.mp4,20210331025252_6064b6f4921a5.npy,vlisbrasil,277,Garrafa de vinho
../dataset/raw_data/vlibrasil/278_Garrafa/20201224083536_5fe47d08002d5.mp4,20201224083536_5fe47d08002d5.npy,vlisbrasil,278,Garrafa
../dataset/raw_data/vlibrasil/278_Garrafa/20201229011215_5feb555f38d59.mp4,20201229011215_5feb555f38d59.npy,vlisbrasil,278,Garrafa
../dataset/raw_data/vlibrasil/278_Garrafa/20210331025303_6064b6ff6d9cd.mp4,20210331025303_6064b6ff6d9cd.npy,vlisbrasil,278,Garrafa
../dataset/raw_data/vlibrasil/279_Gato/20201224083723_5fe47d73b5f6e.mp4,20201224083723_5fe47d73b5f6e.npy,vlisbrasil,279,Gato
../dataset/raw_data/vlibrasil/279_Gato/20201229011314_5feb559ac8b72.mp4,20201229011314_5feb559ac8b72.npy,vlisbrasil,279,Gato
../dataset/raw_data/vlibrasil/279_Gato/20210331025236_6064b6e4f30e0.mp4,20210331025236_6064b6e4f30e0.npy,vlisbrasil,279,Gato
../dataset/raw_data/vlibrasil/280_Giz/20201224083745_5fe47d89933c4.mp4,20201224083745_5fe47d89933c4.npy,vlisbrasil,280,Giz
../dataset/raw_data/vlibrasil/280_Giz/20210505101649_60929ac1dcc73.mp4,20210505101649_60929ac1dcc73.npy,vlisbrasil,280,Giz
../dataset/raw_data/vlibrasil/280_Giz/20210623042558_60d38ac65cbab.mp4,20210623042558_60d38ac65cbab.npy,vlisbrasil,280,Giz
../dataset/raw_data/vlibrasil/281_Governo/20201224083812_5fe47da4e1676.mp4,20201224083812_5fe47da4e1676.npy,vlisbrasil,281,Governo
../dataset/raw_data/vlibrasil/281_Governo/20201229011456_5feb5600806f1.mp4,20201229011456_5feb5600806f1.npy,vlisbrasil,281,Governo
../dataset/raw_data/vlibrasil/281_Governo/20210331025251_6064b6f3f1460.mp4,20210331025251_6064b6f3f1460.npy,vlisbrasil,281,Governo
../dataset/raw_data/vlibrasil/282_Gravata_borboleta/20201224013143_5fe4c26f0baf8.mp4,20201224013143_5fe4c26f0baf8.npy,vlisbrasil,282,Gravata (borboleta)
../dataset/raw_data/vlibrasil/282_Gravata_borboleta/20201229011546_5feb563260929.mp4,20201229011546_5feb563260929.npy,vlisbrasil,282,Gravata (borboleta)
../dataset/raw_data/vlibrasil/282_Gravata_borboleta/20210623042649_60d38af9a730b.mp4,20210623042649_60d38af9a730b.npy,vlisbrasil,282,Gravata (borboleta)
../dataset/raw_data/vlibrasil/283_Igreja/20201224013204_5fe4c2841e3b7.mp4,20201224013204_5fe4c2841e3b7.npy,vlisbrasil,283,Igreja
../dataset/raw_data/vlibrasil/283_Igreja/20201229011643_5feb566be8eac.mp4,20201229011643_5feb566be8eac.npy,vlisbrasil,283,Igreja
../dataset/raw_data/vlibrasil/283_Igreja/20210331025304_6064b70075e30.mp4,20210331025304_6064b70075e30.npy,vlisbrasil,283,Igreja
../dataset/raw_data/vlibrasil/284_Inseto/20201224013315_5fe4c2cb73f05.mp4,20201224013315_5fe4c2cb73f05.npy,vlisbrasil,284,Inseto
../dataset/raw_data/vlibrasil/284_Inseto/20201229011719_5feb568fcbaea.mp4,20201229011719_5feb568fcbaea.npy,vlisbrasil,284,Inseto
../dataset/raw_data/vlibrasil/284_Inseto/20210331025256_6064b6f881cc0.mp4,20210331025256_6064b6f881cc0.npy,vlisbrasil,284,Inseto
../dataset/raw_data/vlibrasil/285_Intervalo_pra_descanso/20201224013348_5fe4c2ec865f5.mp4,20201224013348_5fe4c2ec865f5.npy,vlisbrasil,285,Intervalo (pra descanso)
../dataset/raw_data/vlibrasil/285_Intervalo_pra_descanso/20201229011822_5feb56ce83af6.mp4,20201229011822_5feb56ce83af6.npy,vlisbrasil,285,Intervalo (pra descanso)
../dataset/raw_data/vlibrasil/285_Intervalo_pra_descanso/20210623043634_60d38d42c6645.mp4,20210623043634_60d38d42c6645.npy,vlisbrasil,285,Intervalo (pra descanso)
../dataset/raw_data/vlibrasil/286_Jogo_de_damas/20201224013450_5fe4c32a2417e.mp4,20201224013450_5fe4c32a2417e.npy,vlisbrasil,286,Jogo de damas
../dataset/raw_data/vlibrasil/286_Jogo_de_damas/20201229011902_5feb56f68ac21.mp4,20201229011902_5feb56f68ac21.npy,vlisbrasil,286,Jogo de damas
../dataset/raw_data/vlibrasil/286_Jogo_de_damas/20210331030946_6064baeae44ab.mp4,20210331030946_6064baeae44ab.npy,vlisbrasil,286,Jogo de damas
../dataset/raw_data/vlibrasil/287_Jogo/20201224013534_5fe4c3566b7b2.mp4,20201224013534_5fe4c3566b7b2.npy,vlisbrasil,287,Jogo
../dataset/raw_data/vlibrasil/287_Jogo/20201229012439_5feb584702f16.mp4,20201229012439_5feb584702f16.npy,vlisbrasil,287,Jogo
../dataset/raw_data/vlibrasil/287_Jogo/20210808115310_610fefd60272e.mp4,20210808115310_610fefd60272e.npy,vlisbrasil,287,Jogo
../dataset/raw_data/vlibrasil/288_Lagarto/20201224014329_5fe4c531d9294.mp4,20201224014329_5fe4c531d9294.npy,vlisbrasil,288,Lagarto
../dataset/raw_data/vlibrasil/288_Lagarto/20201229012532_5feb587c293c2.mp4,20201229012532_5feb587c293c2.npy,vlisbrasil,288,Lagarto
../dataset/raw_data/vlibrasil/288_Lagarto/20210623043826_60d38db222c87.mp4,20210623043826_60d38db222c87.npy,vlisbrasil,288,Lagarto
../dataset/raw_data/vlibrasil/289_Levar/20201224014411_5fe4c55bc9d3d.mp4,20201224014411_5fe4c55bc9d3d.npy,vlisbrasil,289,Levar
../dataset/raw_data/vlibrasil/289_Levar/20201229012658_5feb58d261bde.mp4,20201229012658_5feb58d261bde.npy,vlisbrasil,289,Levar
../dataset/raw_data/vlibrasil/289_Levar/20210808033609_6110241926bb8.mp4,20210808033609_6110241926bb8.npy,vlisbrasil,289,Levar
../dataset/raw_data/vlibrasil/290_Liso_sem_dinheiro/20201224014501_5fe4c58d866fb.mp4,20201224014501_5fe4c58d866fb.npy,vlisbrasil,290,Liso (sem dinheiro)
../dataset/raw_data/vlibrasil/290_Liso_sem_dinheiro/20201229012756_5feb590c7d400.mp4,20201229012756_5feb590c7d400.npy,vlisbrasil,290,Liso (sem dinheiro)
../dataset/raw_data/vlibrasil/290_Liso_sem_dinheiro/20210331035701_6064c5fd0bee4.mp4,20210331035701_6064c5fd0bee4.npy,vlisbrasil,290,Liso (sem dinheiro)
../dataset/raw_data/vlibrasil/291_Loiro/20201224014531_5fe4c5ab0f0bb.mp4,20201224014531_5fe4c5ab0f0bb.npy,vlisbrasil,291,Loiro
../dataset/raw_data/vlibrasil/291_Loiro/20201229012846_5feb593ed3e47.mp4,20201229012846_5feb593ed3e47.npy,vlisbrasil,291,Loiro
../dataset/raw_data/vlibrasil/291_Loiro/20210331030943_6064bae757ca4.mp4,20210331030943_6064bae757ca4.npy,vlisbrasil,291,Loiro
../dataset/raw_data/vlibrasil/292_Manteiga/20201224014605_5fe4c5cdde63c.mp4,20201224014605_5fe4c5cdde63c.npy,vlisbrasil,292,Manteiga
../dataset/raw_data/vlibrasil/292_Manteiga/20201229012931_5feb596bb09a5.mp4,20201229012931_5feb596bb09a5.npy,vlisbrasil,292,Manteiga
../dataset/raw_data/vlibrasil/292_Manteiga/20210331030942_6064bae68bf17.mp4,20210331030942_6064bae68bf17.npy,vlisbrasil,292,Manteiga
../dataset/raw_data/vlibrasil/293_Marrom/20201224014634_5fe4c5ea7efee.mp4,20201224014634_5fe4c5ea7efee.npy,vlisbrasil,293,Marrom
../dataset/raw_data/vlibrasil/293_Marrom/20201229013111_5feb59cf1af0b.mp4,20201229013111_5feb59cf1af0b.npy,vlisbrasil,293,Marrom
../dataset/raw_data/vlibrasil/293_Marrom/20210331030941_6064bae576f76.mp4,20210331030941_6064bae576f76.npy,vlisbrasil,293,Marrom
../dataset/raw_data/vlibrasil/294_Martelo/20201224014832_5fe4c660abb8e.mp4,20201224014832_5fe4c660abb8e.npy,vlisbrasil,294,Martelo
../dataset/raw_data/vlibrasil/294_Martelo/20210123065825_600c9c01edded.mp4,20210123065825_600c9c01edded.npy,vlisbrasil,294,Martelo
../dataset/raw_data/vlibrasil/294_Martelo/20210331030946_6064baeac8c18.mp4,20210331030946_6064baeac8c18.npy,vlisbrasil,294,Martelo
../dataset/raw_data/vlibrasil/295_Mas/20201224014920_5fe4c690e6db4.mp4,20201224014920_5fe4c690e6db4.npy,vlisbrasil,295,Mas
../dataset/raw_data/vlibrasil/295_Mas/20201229013457_5feb5ab1db530.mp4,20201229013457_5feb5ab1db530.npy,vlisbrasil,295,Mas
../dataset/raw_data/vlibrasil/295_Mas/20210331030948_6064baec31ee2.mp4,20210331030948_6064baec31ee2.npy,vlisbrasil,295,Mas
../dataset/raw_data/vlibrasil/296_Meio/20201224015036_5fe4c6dc6b225.mp4,20201224015036_5fe4c6dc6b225.npy,vlisbrasil,296,Meio
../dataset/raw_data/vlibrasil/296_Meio/20201229013601_5feb5af16af78.mp4,20201229013601_5feb5af16af78.npy,vlisbrasil,296,Meio
../dataset/raw_data/vlibrasil/296_Meio/20210331030940_6064bae4bb29d.mp4,20210331030940_6064bae4bb29d.npy,vlisbrasil,296,Meio
../dataset/raw_data/vlibrasil/299_Mudar/20201224015714_5fe4c86a34465.mp4,20201224015714_5fe4c86a34465.npy,vlisbrasil,299,Mudar
../dataset/raw_data/vlibrasil/299_Mudar/20210210073209_6023b62929ba3.mp4,20210210073209_6023b62929ba3.npy,vlisbrasil,299,Mudar
../dataset/raw_data/vlibrasil/299_Mudar/20210331030940_6064bae45933f.mp4,20210331030940_6064bae45933f.npy,vlisbrasil,299,Mudar
../dataset/raw_data/vlibrasil/300_Não_poder/20201224020310_5fe4c9ce2d088.mp4,20201224020310_5fe4c9ce2d088.npy,vlisbrasil,300,Não poder
../dataset/raw_data/vlibrasil/300_Não_poder/20201229013825_5feb5b8179df5.mp4,20201229013825_5feb5b8179df5.npy,vlisbrasil,300,Não poder
../dataset/raw_data/vlibrasil/300_Não_poder/20210331030940_6064bae406cb8.mp4,20210331030940_6064bae406cb8.npy,vlisbrasil,300,Não poder
../dataset/raw_data/vlibrasil/301_Nascer/20201224020334_5fe4c9e6d360f.mp4,20201224020334_5fe4c9e6d360f.npy,vlisbrasil,301,Nascer
../dataset/raw_data/vlibrasil/301_Nascer/20201229014037_5feb5c0512aee.mp4,20201229014037_5feb5c0512aee.npy,vlisbrasil,301,Nascer
../dataset/raw_data/vlibrasil/301_Nascer/20210331030921_6064bad17beb1.mp4,20210331030921_6064bad17beb1.npy,vlisbrasil,301,Nascer
../dataset/raw_data/vlibrasil/302_Natal/20201224020408_5fe4ca0896db4.mp4,20201224020408_5fe4ca0896db4.npy,vlisbrasil,302,Natal
../dataset/raw_data/vlibrasil/302_Natal/20201229014139_5feb5c43e3c1e.mp4,20201229014139_5feb5c43e3c1e.npy,vlisbrasil,302,Natal
../dataset/raw_data/vlibrasil/302_Natal/20210331030855_6064bab766e01.mp4,20210331030855_6064bab766e01.npy,vlisbrasil,302,Natal
../dataset/raw_data/vlibrasil/303_Ocupado/20201224020437_5fe4ca2562a55.mp4,20201224020437_5fe4ca2562a55.npy,vlisbrasil,303,Ocupado
../dataset/raw_data/vlibrasil/303_Ocupado/20201229014738_5feb5daa6a422.mp4,20201229014738_5feb5daa6a422.npy,vlisbrasil,303,Ocupado
../dataset/raw_data/vlibrasil/303_Ocupado/20210331030851_6064bab370f0d.mp4,20210331030851_6064bab370f0d.npy,vlisbrasil,303,Ocupado
../dataset/raw_data/vlibrasil/304_Opção/20201224020753_5fe4cae9e4556.mp4,20201224020753_5fe4cae9e4556.npy,vlisbrasil,304,Opção
../dataset/raw_data/vlibrasil/304_Opção/20201229014807_5feb5dc7c8e25.mp4,20201229014807_5feb5dc7c8e25.npy,vlisbrasil,304,Opção
../dataset/raw_data/vlibrasil/304_Opção/20210331030849_6064bab1602fb.mp4,20210331030849_6064bab1602fb.npy,vlisbrasil,304,Opção
../dataset/raw_data/vlibrasil/305_Pão/20201224021212_5fe4cbec92cdf.mp4,20201224021212_5fe4cbec92cdf.npy,vlisbrasil,305,Pão
../dataset/raw_data/vlibrasil/305_Pão/20201229014908_5feb5e042986a.mp4,20201229014908_5feb5e042986a.npy,vlisbrasil,305,Pão
../dataset/raw_data/vlibrasil/305_Pão/20210331034332_6064c2d416b2d.mp4,20210331034332_6064c2d416b2d.npy,vlisbrasil,305,Pão
../dataset/raw_data/vlibrasil/307_Pegar/20201224025924_5fe4d6fccc24b.mp4,20201224025924_5fe4d6fccc24b.npy,vlisbrasil,307,Pegar
../dataset/raw_data/vlibrasil/307_Pegar/20201229015706_5feb5fe26f3e6.mp4,20201229015706_5feb5fe26f3e6.npy,vlisbrasil,307,Pegar
../dataset/raw_data/vlibrasil/307_Pegar/20210331034315_6064c2c33ac51.mp4,20210331034315_6064c2c33ac51.npy,vlisbrasil,307,Pegar
../dataset/raw_data/vlibrasil/308_Perigo/20201224030011_5fe4d72be9b77.mp4,20201224030011_5fe4d72be9b77.npy,vlisbrasil,308,Perigo
../dataset/raw_data/vlibrasil/308_Perigo/20201229015827_5feb6033b6b77.mp4,20201229015827_5feb6033b6b77.npy,vlisbrasil,308,Perigo
../dataset/raw_data/vlibrasil/308_Perigo/20210331034310_6064c2be5b037.mp4,20210331034310_6064c2be5b037.npy,vlisbrasil,308,Perigo
../dataset/raw_data/vlibrasil/311_Péssimo/20201224030627_5fe4d8a36c15d.mp4,20201224030627_5fe4d8a36c15d.npy,vlisbrasil,311,Péssimo
../dataset/raw_data/vlibrasil/311_Péssimo/20201229020246_5feb61363f925.mp4,20201229020246_5feb61363f925.npy,vlisbrasil,311,Péssimo
../dataset/raw_data/vlibrasil/311_Péssimo/20210331034305_6064c2b9d3277.mp4,20210331034305_6064c2b9d3277.npy,vlisbrasil,311,Péssimo
../dataset/raw_data/vlibrasil/313_Piscar_os_olhos/20201224031029_5fe4d995e7a7a.mp4,20201224031029_5fe4d995e7a7a.npy,vlisbrasil,313,Piscar os olhos
../dataset/raw_data/vlibrasil/313_Piscar_os_olhos/20201229020619_5feb620bdb620.mp4,20201229020619_5feb620bdb620.npy,vlisbrasil,313,Piscar os olhos
../dataset/raw_data/vlibrasil/313_Piscar_os_olhos/20210331034303_6064c2b75f651.mp4,20210331034303_6064c2b75f651.npy,vlisbrasil,313,Piscar os olhos
../dataset/raw_data/vlibrasil/314_Poder/20201224031315_5fe4da3bd7859.mp4,20201224031315_5fe4da3bd7859.npy,vlisbrasil,314,Poder
../dataset/raw_data/vlibrasil/314_Poder/20201229020755_5feb626b8822a.mp4,20201229020755_5feb626b8822a.npy,vlisbrasil,314,Poder
../dataset/raw_data/vlibrasil/314_Poder/20210331034300_6064c2b4d0eaf.mp4,20210331034300_6064c2b4d0eaf.npy,vlisbrasil,314,Poder
../dataset/raw_data/vlibrasil/315_Política/20201224031402_5fe4da6af1884.mp4,20201224031402_5fe4da6af1884.npy,vlisbrasil,315,Política
../dataset/raw_data/vlibrasil/315_Política/20201229020839_5feb629769f4a.mp4,20201229020839_5feb629769f4a.npy,vlisbrasil,315,Política
../dataset/raw_data/vlibrasil/315_Política/20210128121957_60122d5d8bca8.mp4,20210128121957_60122d5d8bca8.npy,vlisbrasil,315,Política
../dataset/raw_data/vlibrasil/316_Ponte/20201224031440_5fe4da909d0dc.mp4,20201224031440_5fe4da909d0dc.npy,vlisbrasil,316,Ponte
../dataset/raw_data/vlibrasil/316_Ponte/20201229020914_5feb62bab21e5.mp4,20201229020914_5feb62bab21e5.npy,vlisbrasil,316,Ponte
../dataset/raw_data/vlibrasil/316_Ponte/20210331034251_6064c2abce5a0.mp4,20210331034251_6064c2abce5a0.npy,vlisbrasil,316,Ponte
../dataset/raw_data/vlibrasil/317_Preço/20201224031519_5fe4dab7bd518.mp4,20201224031519_5fe4dab7bd518.npy,vlisbrasil,317,Preço
../dataset/raw_data/vlibrasil/317_Preço/20201229020951_5feb62dfe5214.mp4,20201229020951_5feb62dfe5214.npy,vlisbrasil,317,Preço
../dataset/raw_data/vlibrasil/317_Preço/20210331035619_6064c5d3116a6.mp4,20210331035619_6064c5d3116a6.npy,vlisbrasil,317,Preço
../dataset/raw_data/vlibrasil/318_Prédio/20201224031547_5fe4dad3e3258.mp4,20201224031547_5fe4dad3e3258.npy,vlisbrasil,318,Prédio
../dataset/raw_data/vlibrasil/318_Prédio/20201229021028_5feb630456cb5.mp4,20201229021028_5feb630456cb5.npy,vlisbrasil,318,Prédio
../dataset/raw_data/vlibrasil/318_Prédio/20210331035622_6064c5d6678b7.mp4,20210331035622_6064c5d6678b7.npy,vlisbrasil,318,Prédio
../dataset/raw_data/vlibrasil/319_Preto/20201224031630_5fe4dafe607c9.mp4,20201224031630_5fe4dafe607c9.npy,vlisbrasil,319,Preto
../dataset/raw_data/vlibrasil/319_Preto/20210209070307_6023069b13fed.mp4,20210209070307_6023069b13fed.npy,vlisbrasil,319,Preto
../dataset/raw_data/vlibrasil/319_Preto/20210329031857_60621a11109a6.mp4,20210329031857_60621a11109a6.npy,vlisbrasil,319,Preto
../dataset/raw_data/vlibrasil/320_Pulseira/20201224031717_5fe4db2d7b226.mp4,20201224031717_5fe4db2d7b226.npy,vlisbrasil,320,Pulseira
../dataset/raw_data/vlibrasil/320_Pulseira/20201229021157_5feb635dbaf85.mp4,20201229021157_5feb635dbaf85.npy,vlisbrasil,320,Pulseira
../dataset/raw_data/vlibrasil/320_Pulseira/20210331035638_6064c5e640b94.mp4,20210331035638_6064c5e640b94.npy,vlisbrasil,320,Pulseira
../dataset/raw_data/vlibrasil/321_Queixo/20210330054752_60638e78bfb9f.mp4,20210330054752_60638e78bfb9f.npy,vlisbrasil,321,Queixo
../dataset/raw_data/vlibrasil/321_Queixo/20210330054752_60638e78d60df.mp4,20210330054752_60638e78d60df.npy,vlisbrasil,321,Queixo
../dataset/raw_data/vlibrasil/321_Queixo/20210331035643_6064c5eb110b3.mp4,20210331035643_6064c5eb110b3.npy,vlisbrasil,321,Queixo
../dataset/raw_data/vlibrasil/323_Respirar/20201224032233_5fe4dc69b48e2.mp4,20201224032233_5fe4dc69b48e2.npy,vlisbrasil,323,Respirar
../dataset/raw_data/vlibrasil/323_Respirar/20201229021541_5feb643d3c4d1.mp4,20201229021541_5feb643d3c4d1.npy,vlisbrasil,323,Respirar
../dataset/raw_data/vlibrasil/323_Respirar/20210331035648_6064c5f094c7f.mp4,20210331035648_6064c5f094c7f.npy,vlisbrasil,323,Respirar
../dataset/raw_data/vlibrasil/324_Sangue/20201224032255_5fe4dc7f54599.mp4,20201224032255_5fe4dc7f54599.npy,vlisbrasil,324,Sangue
../dataset/raw_data/vlibrasil/324_Sangue/20201229021618_5feb646239ff7.mp4,20201229021618_5feb646239ff7.npy,vlisbrasil,324,Sangue
../dataset/raw_data/vlibrasil/324_Sangue/20210331035653_6064c5f5a4e84.mp4,20210331035653_6064c5f5a4e84.npy,vlisbrasil,324,Sangue
../dataset/raw_data/vlibrasil/325_Se_gabar/20201224032429_5fe4dcddccf42.mp4,20201224032429_5fe4dcddccf42.npy,vlisbrasil,325,Se gabar
../dataset/raw_data/vlibrasil/325_Se_gabar/20201229021726_5feb64a68dbe5.mp4,20201229021726_5feb64a68dbe5.npy,vlisbrasil,325,Se gabar
../dataset/raw_data/vlibrasil/325_Se_gabar/20210331035656_6064c5f83bfe9.mp4,20210331035656_6064c5f83bfe9.npy,vlisbrasil,325,Se gabar
../dataset/raw_data/vlibrasil/326_Seios/20201224032531_5fe4dd1b1b841.mp4,20201224032531_5fe4dd1b1b841.npy,vlisbrasil,326,Seios
../dataset/raw_data/vlibrasil/326_Seios/20201229021758_5feb64c63acd1.mp4,20201229021758_5feb64c63acd1.npy,vlisbrasil,326,Seios
../dataset/raw_data/vlibrasil/326_Seios/20210331035659_6064c5fb1bb01.mp4,20210331035659_6064c5fb1bb01.npy,vlisbrasil,326,Seios
../dataset/raw_data/vlibrasil/327_Simplificar/20201224032646_5fe4dd66e5b90.mp4,20201224032646_5fe4dd66e5b90.npy,vlisbrasil,327,Simplificar
../dataset/raw_data/vlibrasil/327_Simplificar/20201229022207_5feb65bfdcb20.mp4,20201229022207_5feb65bfdcb20.npy,vlisbrasil,327,Simplificar
../dataset/raw_data/vlibrasil/327_Simplificar/20210623100329_60d3d9e153f21.mp4,20210623100329_60d3d9e153f21.npy,vlisbrasil,327,Simplificar
../dataset/raw_data/vlibrasil/328_Sutiã/20201224055110_5fe4ff3e247d9.mp4,20201224055110_5fe4ff3e247d9.npy,vlisbrasil,328,Sutiã
../dataset/raw_data/vlibrasil/328_Sutiã/20201229022319_5feb660739288.mp4,20201229022319_5feb660739288.npy,vlisbrasil,328,Sutiã
../dataset/raw_data/vlibrasil/328_Sutiã/20210331035703_6064c5ff3b284.mp4,20210331035703_6064c5ff3b284.npy,vlisbrasil,328,Sutiã
../dataset/raw_data/vlibrasil/329_Técnico/20201224055200_5fe4ff70a87ee.mp4,20201224055200_5fe4ff70a87ee.npy,vlisbrasil,329,Técnico
../dataset/raw_data/vlibrasil/329_Técnico/20201229022404_5feb66344632d.mp4,20201229022404_5feb66344632d.npy,vlisbrasil,329,Técnico
../dataset/raw_data/vlibrasil/329_Técnico/20210331041023_6064c91f7574e.mp4,20210331041023_6064c91f7574e.npy,vlisbrasil,329,Técnico
../dataset/raw_data/vlibrasil/330_Tirar_foto/20201224055237_5fe4ff95432f5.mp4,20201224055237_5fe4ff95432f5.npy,vlisbrasil,330,Tirar foto
../dataset/raw_data/vlibrasil/330_Tirar_foto/20201229022614_5feb66b60b9e7.mp4,20201229022614_5feb66b60b9e7.npy,vlisbrasil,330,Tirar foto
../dataset/raw_data/vlibrasil/330_Tirar_foto/20210331040848_6064c8c09c1a2.mp4,20210331040848_6064c8c09c1a2.npy,vlisbrasil,330,Tirar foto
../dataset/raw_data/vlibrasil/331_Tórax/20201224055301_5fe4ffad2be84.mp4,20201224055301_5fe4ffad2be84.npy,vlisbrasil,331,Tórax
../dataset/raw_data/vlibrasil/331_Tórax/20201229022715_5feb66f3a3421.mp4,20201229022715_5feb66f3a3421.npy,vlisbrasil,331,Tórax
../dataset/raw_data/vlibrasil/331_Tórax/20210331040731_6064c873367da.mp4,20210331040731_6064c873367da.npy,vlisbrasil,331,Tórax
../dataset/raw_data/vlibrasil/332_Traduzir/20201224055329_5fe4ffc91faba.mp4,20201224055329_5fe4ffc91faba.npy,vlisbrasil,332,Traduzir
../dataset/raw_data/vlibrasil/332_Traduzir/20201229022820_5feb67341c661.mp4,20201229022820_5feb67341c661.npy,vlisbrasil,332,Traduzir
../dataset/raw_data/vlibrasil/332_Traduzir/20210331040838_6064c8b6838db.mp4,20210331040838_6064c8b6838db.npy,vlisbrasil,332,Traduzir
../dataset/raw_data/vlibrasil/333_Trazer/20201224055348_5fe4ffdcb6a0a.mp4,20201224055348_5fe4ffdcb6a0a.npy,vlisbrasil,333,Trazer
../dataset/raw_data/vlibrasil/333_Trazer/20201229023200_5feb68103c67e.mp4,20201229023200_5feb68103c67e.npy,vlisbrasil,333,Trazer
../dataset/raw_data/vlibrasil/333_Trazer/20210331040751_6064c887d87b4.mp4,20210331040751_6064c887d87b4.npy,vlisbrasil,333,Trazer
../dataset/raw_data/vlibrasil/334_Vassoura/20201224055413_5fe4fff5ee0d5.mp4,20201224055413_5fe4fff5ee0d5.npy,vlisbrasil,334,Vassoura
../dataset/raw_data/vlibrasil/334_Vassoura/20201229023327_5feb6867b91b6.mp4,20201229023327_5feb6867b91b6.npy,vlisbrasil,334,Vassoura
../dataset/raw_data/vlibrasil/334_Vassoura/20210331040931_6064c8eb9cee8.mp4,20210331040931_6064c8eb9cee8.npy,vlisbrasil,334,Vassoura
../dataset/raw_data/vlibrasil/335_Vela/20201224055521_5fe500396e1b5.mp4,20201224055521_5fe500396e1b5.npy,vlisbrasil,335,Vela
../dataset/raw_data/vlibrasil/335_Vela/20201229023431_5feb68a7cacd7.mp4,20201229023431_5feb68a7cacd7.npy,vlisbrasil,335,Vela
../dataset/raw_data/vlibrasil/335_Vela/20210331041144_6064c970c4d5f.mp4,20210331041144_6064c970c4d5f.npy,vlisbrasil,335,Vela
../dataset/raw_data/vlibrasil/336_Verificar/20201224055557_5fe5005dea6e6.mp4,20201224055557_5fe5005dea6e6.npy,vlisbrasil,336,Verificar
../dataset/raw_data/vlibrasil/336_Verificar/20201229023635_5feb6923083bb.mp4,20201229023635_5feb6923083bb.npy,vlisbrasil,336,Verificar
../dataset/raw_data/vlibrasil/336_Verificar/20210808033729_6110246920547.mp4,20210808033729_6110246920547.npy,vlisbrasil,336,Verificar
../dataset/raw_data/vlibrasil/337_FrenteÁ_Frente/20210127124834_60118b520a6ec.mp4,20210127124834_60118b520a6ec.npy,vlisbrasil,337,Frente/Á Frente
../dataset/raw_data/vlibrasil/337_FrenteÁ_Frente/20210210071114_6023b14290fd9.mp4,20210210071114_6023b14290fd9.npy,vlisbrasil,337,Frente/Á Frente
../dataset/raw_data/vlibrasil/337_FrenteÁ_Frente/20210331113234_606488027c063.mp4,20210331113234_606488027c063.npy,vlisbrasil,337,Frente/Á Frente
../dataset/raw_data/vlibrasil/338_Antes/20201230032021_5fecc4e512fb2.mp4,20201230032021_5fecc4e512fb2.npy,vlisbrasil,338,Antes
../dataset/raw_data/vlibrasil/338_Antes/20201230032021_5fecc4e51e433.mp4,20201230032021_5fecc4e51e433.npy,vlisbrasil,338,Antes
../dataset/raw_data/vlibrasil/338_Antes/20210329080451_60625d132ca3b.mp4,20210329080451_60625d132ca3b.npy,vlisbrasil,338,Antes
../dataset/raw_data/vlibrasil/339_Bater_papo/20210113031031_5fff3797c28c3.mp4,20210113031031_5fff3797c28c3.npy,vlisbrasil,339,Bater papo
../dataset/raw_data/vlibrasil/339_Bater_papo/20210114112721_600054c926391.mp4,20210114112721_600054c926391.npy,vlisbrasil,339,Bater papo
../dataset/raw_data/vlibrasil/339_Bater_papo/20210331015521_6064a979cf12c.mp4,20210331015521_6064a979cf12c.npy,vlisbrasil,339,Bater papo
../dataset/raw_data/vlibrasil/340_Batida_ritmo/20210113031359_5fff38670502b.mp4,20210113031359_5fff38670502b.npy,vlisbrasil,340,Batida (ritmo)
../dataset/raw_data/vlibrasil/340_Batida_ritmo/20210114112812_600054fc54166.mp4,20210114112812_600054fc54166.npy,vlisbrasil,340,Batida (ritmo)
../dataset/raw_data/vlibrasil/340_Batida_ritmo/20210407082921_606d9791ce70e.mp4,20210407082921_606d9791ce70e.npy,vlisbrasil,340,Batida (ritmo)
../dataset/raw_data/vlibrasil/342_Biscoito/20210113031457_5fff38a1864a2.mp4,20210113031457_5fff38a1864a2.npy,vlisbrasil,342,Biscoito
../dataset/raw_data/vlibrasil/342_Biscoito/20210114113031_60005587447cd.mp4,20210114113031_60005587447cd.npy,vlisbrasil,342,Biscoito
../dataset/raw_data/vlibrasil/342_Biscoito/20210331015539_6064a98b6db02.mp4,20210331015539_6064a98b6db02.npy,vlisbrasil,342,Biscoito
../dataset/raw_data/vlibrasil/343_Cada/20210113031517_5fff38b5f39b4.mp4,20210113031517_5fff38b5f39b4.npy,vlisbrasil,343,Cada
../dataset/raw_data/vlibrasil/343_Cada/20210114113212_600055ec218b4.mp4,20210114113212_600055ec218b4.npy,vlisbrasil,343,Cada
../dataset/raw_data/vlibrasil/343_Cada/20210402050207_6067783f5a60e.mp4,20210402050207_6067783f5a60e.npy,vlisbrasil,343,Cada
../dataset/raw_data/vlibrasil/347_Cancelar/20210113031938_5fff39badec01.mp4,20210113031938_5fff39badec01.npy,vlisbrasil,347,Cancelar
../dataset/raw_data/vlibrasil/347_Cancelar/20210114113346_6000564ad46e2.mp4,20210114113346_6000564ad46e2.npy,vlisbrasil,347,Cancelar
../dataset/raw_data/vlibrasil/347_Cancelar/20210331015548_6064a994465c6.mp4,20210331015548_6064a994465c6.npy,vlisbrasil,347,Cancelar
../dataset/raw_data/vlibrasil/348_Capacete/20210113032008_5fff39d86b644.mp4,20210113032008_5fff39d86b644.npy,vlisbrasil,348,Capacete
../dataset/raw_data/vlibrasil/348_Capacete/20210114113415_60005667b1aab.mp4,20210114113415_60005667b1aab.npy,vlisbrasil,348,Capacete
../dataset/raw_data/vlibrasil/348_Capacete/20210401084417_6065b211b466b.mp4,20210401084417_6065b211b466b.npy,vlisbrasil,348,Capacete
../dataset/raw_data/vlibrasil/349_Cartão_de_Crédito/20210113032028_5fff39ec14cbd.mp4,20210113032028_5fff39ec14cbd.npy,vlisbrasil,349,Cartão de Crédito
../dataset/raw_data/vlibrasil/349_Cartão_de_Crédito/20210114113508_6000569cc7c4d.mp4,20210114113508_6000569cc7c4d.npy,vlisbrasil,349,Cartão de Crédito
../dataset/raw_data/vlibrasil/349_Cartão_de_Crédito/20210401083547_6065b0138f4b2.mp4,20210401083547_6065b0138f4b2.npy,vlisbrasil,349,Cartão de Crédito
../dataset/raw_data/vlibrasil/350_Casaco/20210113032141_5fff3a352a1a1.mp4,20210113032141_5fff3a352a1a1.npy,vlisbrasil,350,Casaco
../dataset/raw_data/vlibrasil/350_Casaco/20210113044728_5fff4e50e149e.mp4,20210113044728_5fff4e50e149e.npy,vlisbrasil,350,Casaco
../dataset/raw_data/vlibrasil/350_Casaco/20210331015557_6064a99d2f075.mp4,20210331015557_6064a99d2f075.npy,vlisbrasil,350,Casaco
../dataset/raw_data/vlibrasil/351_Cidade/20210113032159_5fff3a4755706.mp4,20210113032159_5fff3a4755706.npy,vlisbrasil,351,Cidade
../dataset/raw_data/vlibrasil/351_Cidade/20210113044959_5fff4ee77cf63.mp4,20210113044959_5fff4ee77cf63.npy,vlisbrasil,351,Cidade
../dataset/raw_data/vlibrasil/351_Cidade/20210331021112_6064ad305cc18.mp4,20210331021112_6064ad305cc18.npy,vlisbrasil,351,Cidade
../dataset/raw_data/vlibrasil/352_Coco/20210113032245_5fff3a7568260.mp4,20210113032245_5fff3a7568260.npy,vlisbrasil,352,Coco
../dataset/raw_data/vlibrasil/352_Coco/20210113045147_5fff4f5344dad.mp4,20210113045147_5fff4f5344dad.npy,vlisbrasil,352,Coco
../dataset/raw_data/vlibrasil/352_Coco/20210331021119_6064ad3721192.mp4,20210331021119_6064ad3721192.npy,vlisbrasil,352,Coco
../dataset/raw_data/vlibrasil/353_Coletar/20210113032300_5fff3a84a5c9b.mp4,20210113032300_5fff3a84a5c9b.npy,vlisbrasil,353,Coletar
../dataset/raw_data/vlibrasil/353_Coletar/20210113045217_5fff4f71cbc6e.mp4,20210113045217_5fff4f71cbc6e.npy,vlisbrasil,353,Coletar
../dataset/raw_data/vlibrasil/353_Coletar/20210623034029_60d3801d4df77.mp4,20210623034029_60d3801d4df77.npy,vlisbrasil,353,Coletar
../dataset/raw_data/vlibrasil/354_Computador/20210113032319_5fff3a979dd58.mp4,20210113032319_5fff3a979dd58.npy,vlisbrasil,354,Computador
../dataset/raw_data/vlibrasil/354_Computador/20210113045328_5fff4fb8d62d6.mp4,20210113045328_5fff4fb8d62d6.npy,vlisbrasil,354,Computador
../dataset/raw_data/vlibrasil/354_Computador/20210331021125_6064ad3d7dbcc.mp4,20210331021125_6064ad3d7dbcc.npy,vlisbrasil,354,Computador
../dataset/raw_data/vlibrasil/355_Comunicar/20210113032337_5fff3aa939f76.mp4,20210113032337_5fff3aa939f76.npy,vlisbrasil,355,Comunicar
../dataset/raw_data/vlibrasil/355_Comunicar/20210113045530_5fff5032cdf43.mp4,20210113045530_5fff5032cdf43.npy,vlisbrasil,355,Comunicar
../dataset/raw_data/vlibrasil/355_Comunicar/20210331021127_6064ad3fb68c2.mp4,20210331021127_6064ad3fb68c2.npy,vlisbrasil,355,Comunicar
../dataset/raw_data/vlibrasil/356_Conceito/20210113032358_5fff3abe827dd.mp4,20210113032358_5fff3abe827dd.npy,vlisbrasil,356,Conceito
../dataset/raw_data/vlibrasil/356_Conceito/20210113045631_5fff506fbc0dc.mp4,20210113045631_5fff506fbc0dc.npy,vlisbrasil,356,Conceito
../dataset/raw_data/vlibrasil/356_Conceito/20210331021130_6064ad42afd07.mp4,20210331021130_6064ad42afd07.npy,vlisbrasil,356,Conceito
../dataset/raw_data/vlibrasil/357_Conclusão/20210113032426_5fff3ada8f689.mp4,20210113032426_5fff3ada8f689.npy,vlisbrasil,357,Conclusão
../dataset/raw_data/vlibrasil/357_Conclusão/20210114114336_60005898e130b.mp4,20210114114336_60005898e130b.npy,vlisbrasil,357,Conclusão
../dataset/raw_data/vlibrasil/357_Conclusão/20210331021134_6064ad46265f7.mp4,20210331021134_6064ad46265f7.npy,vlisbrasil,357,Conclusão
../dataset/raw_data/vlibrasil/358_Condutor/20210113032456_5fff3af874df9.mp4,20210113032456_5fff3af874df9.npy,vlisbrasil,358,Condutor
../dataset/raw_data/vlibrasil/358_Condutor/20210114114418_600058c2de325.mp4,20210114114418_600058c2de325.npy,vlisbrasil,358,Condutor
../dataset/raw_data/vlibrasil/358_Condutor/20210331021138_6064ad4ab4898.mp4,20210331021138_6064ad4ab4898.npy,vlisbrasil,358,Condutor
../dataset/raw_data/vlibrasil/359_Confrontar_enfrentar/20210113032545_5fff3b293b20e.mp4,20210113032545_5fff3b293b20e.npy,vlisbrasil,359,Confrontar (enfrentar)
../dataset/raw_data/vlibrasil/359_Confrontar_enfrentar/20210114114613_60005935e9a00.mp4,20210114114613_60005935e9a00.npy,vlisbrasil,359,Confrontar (enfrentar)
../dataset/raw_data/vlibrasil/359_Confrontar_enfrentar/20210331021046_6064ad16351b8.mp4,20210331021046_6064ad16351b8.npy,vlisbrasil,359,Confrontar (enfrentar)
../dataset/raw_data/vlibrasil/360_Contagem/20210113032710_5fff3b7e46e7d.mp4,20210113032710_5fff3b7e46e7d.npy,vlisbrasil,360,Contagem
../dataset/raw_data/vlibrasil/360_Contagem/20210114114730_60005982ed9a3.mp4,20210114114730_60005982ed9a3.npy,vlisbrasil,360,Contagem
../dataset/raw_data/vlibrasil/360_Contagem/20210331022907_6064b16321938.mp4,20210331022907_6064b16321938.npy,vlisbrasil,360,Contagem
../dataset/raw_data/vlibrasil/361_Contato/20210113032735_5fff3b97c4434.mp4,20210113032735_5fff3b97c4434.npy,vlisbrasil,361,Contato
../dataset/raw_data/vlibrasil/361_Contato/20210114114802_600059a22e551.mp4,20210114114802_600059a22e551.npy,vlisbrasil,361,Contato
../dataset/raw_data/vlibrasil/361_Contato/20210331022857_6064b159b4307.mp4,20210331022857_6064b159b4307.npy,vlisbrasil,361,Contato
../dataset/raw_data/vlibrasil/362_Continuar/20210113032758_5fff3bae42e2d.mp4,20210113032758_5fff3bae42e2d.npy,vlisbrasil,362,Continuar
../dataset/raw_data/vlibrasil/362_Continuar/20210114114957_60005a15539e7.mp4,20210114114957_60005a15539e7.npy,vlisbrasil,362,Continuar
../dataset/raw_data/vlibrasil/362_Continuar/20210331022855_6064b157b60ed.mp4,20210331022855_6064b157b60ed.npy,vlisbrasil,362,Continuar
../dataset/raw_data/vlibrasil/363_Cópia/20210113033018_5fff3c3a0db75.mp4,20210113033018_5fff3c3a0db75.npy,vlisbrasil,363,Cópia
../dataset/raw_data/vlibrasil/363_Cópia/20210114015110_6000767e30958.mp4,20210114015110_6000767e30958.npy,vlisbrasil,363,Cópia
../dataset/raw_data/vlibrasil/363_Cópia/20210331022859_6064b15b9796d.mp4,20210331022859_6064b15b9796d.npy,vlisbrasil,363,Cópia
../dataset/raw_data/vlibrasil/364_Cor/20210113033100_5fff3c64f0ac6.mp4,20210113033100_5fff3c64f0ac6.npy,vlisbrasil,364,Cor
../dataset/raw_data/vlibrasil/364_Cor/20210113045812_5fff50d48cdd1.mp4,20210113045812_5fff50d48cdd1.npy,vlisbrasil,364,Cor
../dataset/raw_data/vlibrasil/364_Cor/20210331022904_6064b1602268a.mp4,20210331022904_6064b1602268a.npy,vlisbrasil,364,Cor
../dataset/raw_data/vlibrasil/365_Coroa/20210113034939_5fff40c33f121.mp4,20210113034939_5fff40c33f121.npy,vlisbrasil,365,Coroa
../dataset/raw_data/vlibrasil/365_Coroa/20210114015356_600077247179a.mp4,20210114015356_600077247179a.npy,vlisbrasil,365,Coroa
../dataset/raw_data/vlibrasil/365_Coroa/20210401084433_6065b2213ab05.mp4,20210401084433_6065b2213ab05.npy,vlisbrasil,365,Coroa
../dataset/raw_data/vlibrasil/366_Correspondente/20210113034957_5fff40d5d410b.mp4,20210113034957_5fff40d5d410b.npy,vlisbrasil,366,Correspondente
../dataset/raw_data/vlibrasil/366_Correspondente/20210114015449_6000775932dd7.mp4,20210114015449_6000775932dd7.npy,vlisbrasil,366,Correspondente
../dataset/raw_data/vlibrasil/366_Correspondente/20210623034510_60d38136dd109.mp4,20210623034510_60d38136dd109.npy,vlisbrasil,366,Correspondente
../dataset/raw_data/vlibrasil/367_Cruz/20210113035022_5fff40ee7e9a0.mp4,20210113035022_5fff40ee7e9a0.npy,vlisbrasil,367,Cruz
../dataset/raw_data/vlibrasil/367_Cruz/20210114015933_600078753f41d.mp4,20210114015933_600078753f41d.npy,vlisbrasil,367,Cruz
../dataset/raw_data/vlibrasil/367_Cruz/20210401083607_6065b0274662f.mp4,20210401083607_6065b0274662f.npy,vlisbrasil,367,Cruz
../dataset/raw_data/vlibrasil/370_Encorajar/20210113035743_5fff42a79ec99.mp4,20210113035743_5fff42a79ec99.npy,vlisbrasil,370,Encorajar
../dataset/raw_data/vlibrasil/370_Encorajar/20210115065627_600166cba1434.mp4,20210115065627_600166cba1434.npy,vlisbrasil,370,Encorajar
../dataset/raw_data/vlibrasil/370_Encorajar/20210331023018_6064b1aa05713.mp4,20210331023018_6064b1aa05713.npy,vlisbrasil,370,Encorajar
../dataset/raw_data/vlibrasil/371_Estrangeiro/20210122122857_600aef393dc4f.mp4,20210122122857_600aef393dc4f.npy,vlisbrasil,371,Estrangeiro
../dataset/raw_data/vlibrasil/371_Estrangeiro/20210122122857_600aef395300e.mp4,20210122122857_600aef395300e.npy,vlisbrasil,371,Estrangeiro
../dataset/raw_data/vlibrasil/371_Estrangeiro/20210623041554_60d3886ae6365.mp4,20210623041554_60d3886ae6365.npy,vlisbrasil,371,Estrangeiro
../dataset/raw_data/vlibrasil/372_Escova_de_cabelo/20210113040012_5fff433cb0ddd.mp4,20210113040012_5fff433cb0ddd.npy,vlisbrasil,372,Escova de cabelo
../dataset/raw_data/vlibrasil/372_Escova_de_cabelo/20210113050228_5fff51d4962ce.mp4,20210113050228_5fff51d4962ce.npy,vlisbrasil,372,Escova de cabelo
../dataset/raw_data/vlibrasil/372_Escova_de_cabelo/20210331023020_6064b1ac70a10.mp4,20210331023020_6064b1ac70a10.npy,vlisbrasil,372,Escova de cabelo
../dataset/raw_data/vlibrasil/373_Fechado/20210113040116_5fff437c7951d.mp4,20210113040116_5fff437c7951d.npy,vlisbrasil,373,Fechado
../dataset/raw_data/vlibrasil/373_Fechado/20210113050304_5fff51f8ec22c.mp4,20210113050304_5fff51f8ec22c.npy,vlisbrasil,373,Fechado
../dataset/raw_data/vlibrasil/373_Fechado/20210331025143_6064b6afa099b.mp4,20210331025143_6064b6afa099b.npy,vlisbrasil,373,Fechado
../dataset/raw_data/vlibrasil/374_Encerrar/20210209054032_6022f340c9b1b.mp4,20210209054032_6022f340c9b1b.npy,vlisbrasil,374,Encerrar
../dataset/raw_data/vlibrasil/374_Encerrar/20210505075910_60927a7e8f788.mp4,20210505075910_60927a7e8f788.npy,vlisbrasil,374,Encerrar
../dataset/raw_data/vlibrasil/374_Encerrar/20210623041038_60d3872ee6ba8.mp4,20210623041038_60d3872ee6ba8.npy,vlisbrasil,374,Encerrar
../dataset/raw_data/vlibrasil/375_Fim_de_semana/20210113040347_5fff441397cd7.mp4,20210113040347_5fff441397cd7.npy,vlisbrasil,375,Fim de semana
../dataset/raw_data/vlibrasil/375_Fim_de_semana/20210113050418_5fff5242436ba.mp4,20210113050418_5fff5242436ba.npy,vlisbrasil,375,Fim de semana
../dataset/raw_data/vlibrasil/375_Fim_de_semana/20210331025253_6064b6f5a1102.mp4,20210331025253_6064b6f5a1102.npy,vlisbrasil,375,Fim de semana
../dataset/raw_data/vlibrasil/376_Fim/20210113040419_5fff443379e8d.mp4,20210113040419_5fff443379e8d.npy,vlisbrasil,376,Fim
../dataset/raw_data/vlibrasil/376_Fim/20210115093839_60018ccfa0644.mp4,20210115093839_60018ccfa0644.npy,vlisbrasil,376,Fim
../dataset/raw_data/vlibrasil/376_Fim/20210331025237_6064b6e53ada8.mp4,20210331025237_6064b6e53ada8.npy,vlisbrasil,376,Fim
../dataset/raw_data/vlibrasil/377_Frio/20210113040439_5fff44474742d.mp4,20210113040439_5fff44474742d.npy,vlisbrasil,377,Frio
../dataset/raw_data/vlibrasil/377_Frio/20210113050611_5fff52b3d9fd1.mp4,20210113050611_5fff52b3d9fd1.npy,vlisbrasil,377,Frio
../dataset/raw_data/vlibrasil/377_Frio/20210127041312_6011bb48711dc.mp4,20210127041312_6011bb48711dc.npy,vlisbrasil,377,Frio
../dataset/raw_data/vlibrasil/378_Internet/20210113040500_5fff445cb5624.mp4,20210113040500_5fff445cb5624.npy,vlisbrasil,378,Internet
../dataset/raw_data/vlibrasil/378_Internet/20210115094108_60018d64c2f92.mp4,20210115094108_60018d64c2f92.npy,vlisbrasil,378,Internet
../dataset/raw_data/vlibrasil/378_Internet/20210331025315_6064b70b9c2ce.mp4,20210331025315_6064b70b9c2ce.npy,vlisbrasil,378,Internet
../dataset/raw_data/vlibrasil/379_Lotado/20210113040534_5fff447e894dc.mp4,20210113040534_5fff447e894dc.npy,vlisbrasil,379,Lotado
../dataset/raw_data/vlibrasil/379_Lotado/20210115101836_6001962cf08a5.mp4,20210115101836_6001962cf08a5.npy,vlisbrasil,379,Lotado
../dataset/raw_data/vlibrasil/379_Lotado/20210401084445_6065b22d71aff.mp4,20210401084445_6065b22d71aff.npy,vlisbrasil,379,Lotado
../dataset/raw_data/vlibrasil/380_Milho/20210113040620_5fff44ac04c12.mp4,20210113040620_5fff44ac04c12.npy,vlisbrasil,380,Milho
../dataset/raw_data/vlibrasil/380_Milho/20210115102124_600196d4c251a.mp4,20210115102124_600196d4c251a.npy,vlisbrasil,380,Milho
../dataset/raw_data/vlibrasil/380_Milho/20210331030940_6064bae4b7741.mp4,20210331030940_6064bae4b7741.npy,vlisbrasil,380,Milho
../dataset/raw_data/vlibrasil/381_Moeda/20210113040643_5fff44c356a00.mp4,20210113040643_5fff44c356a00.npy,vlisbrasil,381,Moeda
../dataset/raw_data/vlibrasil/381_Moeda/20210113051415_5fff5497cd4a8.mp4,20210113051415_5fff5497cd4a8.npy,vlisbrasil,381,Moeda
../dataset/raw_data/vlibrasil/381_Moeda/20210623051448_60d3963898a1c.mp4,20210623051448_60d3963898a1c.npy,vlisbrasil,381,Moeda
../dataset/raw_data/vlibrasil/382_País/20210113040739_5fff44fb8515f.mp4,20210113040739_5fff44fb8515f.npy,vlisbrasil,382,País
../dataset/raw_data/vlibrasil/382_País/20210115110134_6001a03edf1a6.mp4,20210115110134_6001a03edf1a6.npy,vlisbrasil,382,País
../dataset/raw_data/vlibrasil/382_País/20210331034334_6064c2d693fae.mp4,20210331034334_6064c2d693fae.npy,vlisbrasil,382,País
../dataset/raw_data/vlibrasil/384_Parabéns/20210113041238_5fff46261cfff.mp4,20210113041238_5fff46261cfff.npy,vlisbrasil,384,Parabéns
../dataset/raw_data/vlibrasil/384_Parabéns/20210115110613_6001a155b0d67.mp4,20210115110613_6001a155b0d67.npy,vlisbrasil,384,Parabéns
../dataset/raw_data/vlibrasil/384_Parabéns/20210331034325_6064c2cd80405.mp4,20210331034325_6064c2cd80405.npy,vlisbrasil,384,Parabéns
../dataset/raw_data/vlibrasil/385_Pente/20210113041350_5fff466e33e26.mp4,20210113041350_5fff466e33e26.npy,vlisbrasil,385,Pente
../dataset/raw_data/vlibrasil/385_Pente/20210113053155_5fff58bb1931c.mp4,20210113053155_5fff58bb1931c.npy,vlisbrasil,385,Pente
../dataset/raw_data/vlibrasil/385_Pente/20210331034312_6064c2c0c9b61.mp4,20210331034312_6064c2c0c9b61.npy,vlisbrasil,385,Pente
../dataset/raw_data/vlibrasil/386_Portão/20210113041427_5fff4693b78ff.mp4,20210113041427_5fff4693b78ff.npy,vlisbrasil,386,Portão
../dataset/raw_data/vlibrasil/386_Portão/20210113053349_5fff592dd3345.mp4,20210113053349_5fff592dd3345.npy,vlisbrasil,386,Portão
../dataset/raw_data/vlibrasil/386_Portão/20210331034243_6064c2a3aa0b6.mp4,20210331034243_6064c2a3aa0b6.npy,vlisbrasil,386,Portão
../dataset/raw_data/vlibrasil/387_Prima/20210113041533_5fff46d5dfb6a.mp4,20210113041533_5fff46d5dfb6a.npy,vlisbrasil,387,Prima
../dataset/raw_data/vlibrasil/387_Prima/20210115122841_6001b4a9ce943.mp4,20210115122841_6001b4a9ce943.npy,vlisbrasil,387,Prima
../dataset/raw_data/vlibrasil/387_Prima/20210331035628_6064c5dc2b841.mp4,20210331035628_6064c5dc2b841.npy,vlisbrasil,387,Prima
../dataset/raw_data/vlibrasil/388_Primo/20210113041713_5fff4739c2059.mp4,20210113041713_5fff4739c2059.npy,vlisbrasil,388,Primo
../dataset/raw_data/vlibrasil/388_Primo/20210115122938_6001b4e25ed5f.mp4,20210115122938_6001b4e25ed5f.npy,vlisbrasil,388,Primo
../dataset/raw_data/vlibrasil/388_Primo/20210331035629_6064c5ddbc7af.mp4,20210331035629_6064c5ddbc7af.npy,vlisbrasil,388,Primo
../dataset/raw_data/vlibrasil/389_Progresso/20210113041803_5fff476beb79f.mp4,20210113041803_5fff476beb79f.npy,vlisbrasil,389,Progresso
../dataset/raw_data/vlibrasil/389_Progresso/20210113053519_5fff59871b6e9.mp4,20210113053519_5fff59871b6e9.npy,vlisbrasil,389,Progresso
../dataset/raw_data/vlibrasil/389_Progresso/20210331035631_6064c5df4914e.mp4,20210331035631_6064c5df4914e.npy,vlisbrasil,389,Progresso
../dataset/raw_data/vlibrasil/390_Prosseguir/20210113042107_5fff48236b3dd.mp4,20210113042107_5fff48236b3dd.npy,vlisbrasil,390,Prosseguir
../dataset/raw_data/vlibrasil/390_Prosseguir/20210113053557_5fff59ad30d7a.mp4,20210113053557_5fff59ad30d7a.npy,vlisbrasil,390,Prosseguir
../dataset/raw_data/vlibrasil/390_Prosseguir/20210331035636_6064c5e438098.mp4,20210331035636_6064c5e438098.npy,vlisbrasil,390,Prosseguir
../dataset/raw_data/vlibrasil/391_Próximo/20210113042154_5fff485265bc5.mp4,20210113042154_5fff485265bc5.npy,vlisbrasil,391,Próximo
../dataset/raw_data/vlibrasil/391_Próximo/20210113053635_5fff59d3e31d0.mp4,20210113053635_5fff59d3e31d0.npy,vlisbrasil,391,Próximo
../dataset/raw_data/vlibrasil/391_Próximo/20210331035637_6064c5e583169.mp4,20210331035637_6064c5e583169.npy,vlisbrasil,391,Próximo
../dataset/raw_data/vlibrasil/392_Quebrar/20210113043042_5fff4a62ae688.mp4,20210113043042_5fff4a62ae688.npy,vlisbrasil,392,Quebrar
../dataset/raw_data/vlibrasil/392_Quebrar/20210115040825_6001e829673be.mp4,20210115040825_6001e829673be.npy,vlisbrasil,392,Quebrar
../dataset/raw_data/vlibrasil/392_Quebrar/20210331035640_6064c5e8ab700.mp4,20210331035640_6064c5e8ab700.npy,vlisbrasil,392,Quebrar
../dataset/raw_data/vlibrasil/394_Reclamação/20210113043431_5fff4b47a53fa.mp4,20210113043431_5fff4b47a53fa.npy,vlisbrasil,394,Reclamação
../dataset/raw_data/vlibrasil/394_Reclamação/20210115040924_6001e864f1475.mp4,20210115040924_6001e864f1475.npy,vlisbrasil,394,Reclamação
../dataset/raw_data/vlibrasil/394_Reclamação/20210331035646_6064c5ee5f4d6.mp4,20210331035646_6064c5ee5f4d6.npy,vlisbrasil,394,Reclamação
../dataset/raw_data/vlibrasil/395_Resultado/20210113043453_5fff4b5d988f5.mp4,20210113043453_5fff4b5d988f5.npy,vlisbrasil,395,Resultado
../dataset/raw_data/vlibrasil/395_Resultado/20210113053738_5fff5a12f3bc7.mp4,20210113053738_5fff5a12f3bc7.npy,vlisbrasil,395,Resultado
../dataset/raw_data/vlibrasil/395_Resultado/20210331035650_6064c5f2d85d3.mp4,20210331035650_6064c5f2d85d3.npy,vlisbrasil,395,Resultado
../dataset/raw_data/vlibrasil/396_Tosse/20210113043514_5fff4b72bb2c1.mp4,20210113043514_5fff4b72bb2c1.npy,vlisbrasil,396,Tosse
../dataset/raw_data/vlibrasil/396_Tosse/20210116123518_600307b67e8fd.mp4,20210116123518_600307b67e8fd.npy,vlisbrasil,396,Tosse
../dataset/raw_data/vlibrasil/396_Tosse/20210331040733_6064c8759c95e.mp4,20210331040733_6064c8759c95e.npy,vlisbrasil,396,Tosse
../dataset/raw_data/vlibrasil/397_Vamos/20210113043530_5fff4b8290151.mp4,20210113043530_5fff4b8290151.npy,vlisbrasil,397,Vamos
../dataset/raw_data/vlibrasil/397_Vamos/20210114100907_600042738dae7.mp4,20210114100907_600042738dae7.npy,vlisbrasil,397,Vamos
../dataset/raw_data/vlibrasil/397_Vamos/20210331040846_6064c8be0c7a6.mp4,20210331040846_6064c8be0c7a6.npy,vlisbrasil,397,Vamos
../dataset/raw_data/vlibrasil/398_Venha/20210113043554_5fff4b9ae205b.mp4,20210113043554_5fff4b9ae205b.npy,vlisbrasil,398,Venha
../dataset/raw_data/vlibrasil/398_Venha/20210114101112_600042f0cb561.mp4,20210114101112_600042f0cb561.npy,vlisbrasil,398,Venha
../dataset/raw_data/vlibrasil/398_Venha/20210331040843_6064c8bb3b7ab.mp4,20210331040843_6064c8bb3b7ab.npy,vlisbrasil,398,Venha
../dataset/raw_data/vlibrasil/399_Vestido/20210113043723_5fff4bf3d1eec.mp4,20210113043723_5fff4bf3d1eec.npy,vlisbrasil,399,Vestido
../dataset/raw_data/vlibrasil/399_Vestido/20210114101308_600043646b69d.mp4,20210114101308_600043646b69d.npy,vlisbrasil,399,Vestido
../dataset/raw_data/vlibrasil/399_Vestido/20210331040701_6064c8552a3d9.mp4,20210331040701_6064c8552a3d9.npy,vlisbrasil,399,Vestido
../dataset/raw_data/vlibrasil/401_Envergonhado/20210113050123_5fff5193c5964.mp4,20210113050123_5fff5193c5964.npy,vlisbrasil,401,Envergonhado
../dataset/raw_data/vlibrasil/401_Envergonhado/20210331023013_6064b1a5bfc6e.mp4,20210331023013_6064b1a5bfc6e.npy,vlisbrasil,401,Envergonhado
../dataset/raw_data/vlibrasil/401_Envergonhado/20210616020031_60ca2e2faf106.mp4,20210616020031_60ca2e2faf106.npy,vlisbrasil,401,Envergonhado
../dataset/raw_data/vlibrasil/403_Lagarta/20210113051223_5fff5427f0424.mp4,20210113051223_5fff5427f0424.npy,vlisbrasil,403,Lagarta
../dataset/raw_data/vlibrasil/403_Lagarta/20210617045530_60cba8b2d10ef.mp4,20210617045530_60cba8b2d10ef.npy,vlisbrasil,403,Lagarta
../dataset/raw_data/vlibrasil/403_Lagarta/20210808033555_6110240b9fdb8.mp4,20210808033555_6110240b9fdb8.npy,vlisbrasil,403,Lagarta
../dataset/raw_data/vlibrasil/404_Perto/20210113053232_5fff58e04c08d.mp4,20210113053232_5fff58e04c08d.npy,vlisbrasil,404,Perto
../dataset/raw_data/vlibrasil/404_Perto/20210331034308_6064c2bc4c319.mp4,20210331034308_6064c2bc4c319.npy,vlisbrasil,404,Perto
../dataset/raw_data/vlibrasil/404_Perto/20210619025041_60ce2e71d3a28.mp4,20210619025041_60ce2e71d3a28.npy,vlisbrasil,404,Perto
../dataset/raw_data/vlibrasil/405_Abraço/20210114111956_6000530ce4618.mp4,20210114111956_6000530ce4618.npy,vlisbrasil,405,Abraço
../dataset/raw_data/vlibrasil/405_Abraço/20210114111956_6000530cf225e.mp4,20210114111956_6000530cf225e.npy,vlisbrasil,405,Abraço
../dataset/raw_data/vlibrasil/405_Abraço/20210331110639_606481ef54c64.mp4,20210331110639_606481ef54c64.npy,vlisbrasil,405,Abraço
../dataset/raw_data/vlibrasil/406_Ação/20210114112159_600053870db18.mp4,20210114112159_600053870db18.npy,vlisbrasil,406,Ação
../dataset/raw_data/vlibrasil/406_Ação/20210114112159_60005387181b9.mp4,20210114112159_60005387181b9.npy,vlisbrasil,406,Ação
../dataset/raw_data/vlibrasil/406_Ação/20210331111451_606483db6482a.mp4,20210331111451_606483db6482a.npy,vlisbrasil,406,Ação
../dataset/raw_data/vlibrasil/407_Alce/20210114112253_600053bd7fbb2.mp4,20210114112253_600053bd7fbb2.npy,vlisbrasil,407,Alce
../dataset/raw_data/vlibrasil/407_Alce/20210114112253_600053bd860bd.mp4,20210114112253_600053bd860bd.npy,vlisbrasil,407,Alce
../dataset/raw_data/vlibrasil/407_Alce/20210331112506_60648642d6df4.mp4,20210331112506_60648642d6df4.npy,vlisbrasil,407,Alce
../dataset/raw_data/vlibrasil/408_Almofada/20210114112331_600053e36f5a5.mp4,20210114112331_600053e36f5a5.npy,vlisbrasil,408,Almofada
../dataset/raw_data/vlibrasil/408_Almofada/20210114112331_600053e37a2b0.mp4,20210114112331_600053e37a2b0.npy,vlisbrasil,408,Almofada
../dataset/raw_data/vlibrasil/408_Almofada/20210329075907_60625bbb4e5a3.mp4,20210329075907_60625bbb4e5a3.npy,vlisbrasil,408,Almofada
../dataset/raw_data/vlibrasil/409_Amargo/20210114112431_6000541fd8989.mp4,20210114112431_6000541fd8989.npy,vlisbrasil,409,Amargo
../dataset/raw_data/vlibrasil/409_Amargo/20210329080040_60625c183ff41.mp4,20210329080040_60625c183ff41.npy,vlisbrasil,409,Amargo
../dataset/raw_data/vlibrasil/409_Amargo/20210929044037_6154c1350e31d.mp4,20210929044037_6154c1350e31d.npy,vlisbrasil,409,Amargo
../dataset/raw_data/vlibrasil/410_Ambiente/20210114112520_60005450b9d29.mp4,20210114112520_60005450b9d29.npy,vlisbrasil,410,Ambiente
../dataset/raw_data/vlibrasil/410_Ambiente/20210114112520_60005450c2ffd.mp4,20210114112520_60005450c2ffd.npy,vlisbrasil,410,Ambiente
../dataset/raw_data/vlibrasil/410_Ambiente/20210329080118_60625c3eede40.mp4,20210329080118_60625c3eede40.npy,vlisbrasil,410,Ambiente
../dataset/raw_data/vlibrasil/411_Asno/20210114112559_6000547744750.mp4,20210114112559_6000547744750.npy,vlisbrasil,411,Asno
../dataset/raw_data/vlibrasil/411_Asno/20210114112559_6000547750983.mp4,20210114112559_6000547750983.npy,vlisbrasil,411,Asno
../dataset/raw_data/vlibrasil/411_Asno/20210623032244_60d37bf4caf98.mp4,20210623032244_60d37bf4caf98.npy,vlisbrasil,411,Asno
../dataset/raw_data/vlibrasil/412_Bebida/20210114112934_6000554eae36c.mp4,20210114112934_6000554eae36c.npy,vlisbrasil,412,Bebida
../dataset/raw_data/vlibrasil/412_Bebida/20210114112934_6000554eb9f5f.mp4,20210114112934_6000554eb9f5f.npy,vlisbrasil,412,Bebida
../dataset/raw_data/vlibrasil/412_Bebida/20210402043032_606770d8814d9.mp4,20210402043032_606770d8814d9.npy,vlisbrasil,412,Bebida
../dataset/raw_data/vlibrasil/413_Búfalo/20210114113130_600055c20e048.mp4,20210114113130_600055c20e048.npy,vlisbrasil,413,Búfalo
../dataset/raw_data/vlibrasil/413_Búfalo/20210613113554_60c617cac24fa.mp4,20210613113554_60c617cac24fa.npy,vlisbrasil,413,Búfalo
../dataset/raw_data/vlibrasil/413_Búfalo/20210623032956_60d37da40f229.mp4,20210623032956_60d37da40f229.npy,vlisbrasil,413,Búfalo
../dataset/raw_data/vlibrasil/414_Calmo/20210114113309_60005625ac702.mp4,20210114113309_60005625ac702.npy,vlisbrasil,414,Calmo
../dataset/raw_data/vlibrasil/414_Calmo/20210114113309_60005625b823d.mp4,20210114113309_60005625b823d.npy,vlisbrasil,414,Calmo
../dataset/raw_data/vlibrasil/414_Calmo/20210402030019_60675bb3f0683.mp4,20210402030019_60675bb3f0683.npy,vlisbrasil,414,Calmo
../dataset/raw_data/vlibrasil/415_Cavalo/20210114113617_600056e1e0e61.mp4,20210114113617_600056e1e0e61.npy,vlisbrasil,415,Cavalo
../dataset/raw_data/vlibrasil/415_Cavalo/20210114113617_600056e1ec5af.mp4,20210114113617_600056e1ec5af.npy,vlisbrasil,415,Cavalo
../dataset/raw_data/vlibrasil/415_Cavalo/20210401103420_6065cbdc5ab7f.mp4,20210401103420_6065cbdc5ab7f.npy,vlisbrasil,415,Cavalo
../dataset/raw_data/vlibrasil/416_Chão/20210114113710_60005716c003f.mp4,20210114113710_60005716c003f.npy,vlisbrasil,416,Chão
../dataset/raw_data/vlibrasil/416_Chão/20210116014000_600316e0a64cb.mp4,20210116014000_600316e0a64cb.npy,vlisbrasil,416,Chão
../dataset/raw_data/vlibrasil/416_Chão/20210623033757_60d37f854ebb8.mp4,20210623033757_60d37f854ebb8.npy,vlisbrasil,416,Chão
../dataset/raw_data/vlibrasil/417_Choro/20210114113800_60005748c524e.mp4,20210114113800_60005748c524e.npy,vlisbrasil,417,Choro
../dataset/raw_data/vlibrasil/417_Choro/20210114113800_60005748d1441.mp4,20210114113800_60005748d1441.npy,vlisbrasil,417,Choro
../dataset/raw_data/vlibrasil/417_Choro/20210401085701_6065b50d89124.mp4,20210401085701_6065b50d89124.npy,vlisbrasil,417,Choro
../dataset/raw_data/vlibrasil/418_Ciclo/20210114113855_6000577f11a63.mp4,20210114113855_6000577f11a63.npy,vlisbrasil,418,Ciclo
../dataset/raw_data/vlibrasil/418_Ciclo/20210114113855_6000577f1db61.mp4,20210114113855_6000577f1db61.npy,vlisbrasil,418,Ciclo
../dataset/raw_data/vlibrasil/418_Ciclo/20210331021109_6064ad2d8bb0d.mp4,20210331021109_6064ad2d8bb0d.npy,vlisbrasil,418,Ciclo
../dataset/raw_data/vlibrasil/419_Colapso/20210114113945_600057b15ff0c.mp4,20210114113945_600057b15ff0c.npy,vlisbrasil,419,Colapso
../dataset/raw_data/vlibrasil/419_Colapso/20210621054228_60d0f9b4c3fb1.mp4,20210621054228_60d0f9b4c3fb1.npy,vlisbrasil,419,Colapso
../dataset/raw_data/vlibrasil/419_Colapso/20210623034011_60d3800b4019c.mp4,20210623034011_60d3800b4019c.npy,vlisbrasil,419,Colapso
../dataset/raw_data/vlibrasil/420_Comer_à_noite/20210114114040_600057e857c33.mp4,20210114114040_600057e857c33.npy,vlisbrasil,420,Comer à noite
../dataset/raw_data/vlibrasil/420_Comer_à_noite/20210401035447_606616f713211.mp4,20210401035447_606616f713211.npy,vlisbrasil,420,Comer à noite
../dataset/raw_data/vlibrasil/420_Comer_à_noite/20210613125051_60c6295b64aa5.mp4,20210613125051_60c6295b64aa5.npy,vlisbrasil,420,Comer à noite
../dataset/raw_data/vlibrasil/421_Comportamento_conduta/20210114114201_60005839e47a2.mp4,20210114114201_60005839e47a2.npy,vlisbrasil,421,Comportamento (conduta)
../dataset/raw_data/vlibrasil/421_Comportamento_conduta/20210114114201_60005839f0d4e.mp4,20210114114201_60005839f0d4e.npy,vlisbrasil,421,Comportamento (conduta)
../dataset/raw_data/vlibrasil/421_Comportamento_conduta/20210402043117_60677105a0ae9.mp4,20210402043117_60677105a0ae9.npy,vlisbrasil,421,Comportamento (conduta)
../dataset/raw_data/vlibrasil/423_Controle/20210114014955_6000763306ca8.mp4,20210114014955_6000763306ca8.npy,vlisbrasil,423,Controle
../dataset/raw_data/vlibrasil/423_Controle/20210114014955_6000763312806.mp4,20210114014955_6000763312806.npy,vlisbrasil,423,Controle
../dataset/raw_data/vlibrasil/423_Controle/20210401035508_6066170c4dbc6.mp4,20210401035508_6066170c4dbc6.npy,vlisbrasil,423,Controle
../dataset/raw_data/vlibrasil/424_Veado/20210323045950_605a48b614aae.mp4,20210323045950_605a48b614aae.npy,vlisbrasil,424,Veado
../dataset/raw_data/vlibrasil/424_Veado/20210323045950_605a48b632766.mp4,20210323045950_605a48b632766.npy,vlisbrasil,424,Veado
../dataset/raw_data/vlibrasil/424_Veado/20210623100752_60d3dae84165c.mp4,20210623100752_60d3dae84165c.npy,vlisbrasil,424,Veado
../dataset/raw_data/vlibrasil/425_Cortar/20210114015858_600078524fcee.mp4,20210114015858_600078524fcee.npy,vlisbrasil,425,Cortar
../dataset/raw_data/vlibrasil/425_Cortar/20210126073133_601098458c0e2.mp4,20210126073133_601098458c0e2.npy,vlisbrasil,425,Cortar
../dataset/raw_data/vlibrasil/425_Cortar/20210127040013_6011b83d8a906.mp4,20210127040013_6011b83d8a906.npy,vlisbrasil,425,Cortar
../dataset/raw_data/vlibrasil/427_Cultura/20210114020250_6000793a7772d.mp4,20210114020250_6000793a7772d.npy,vlisbrasil,427,Cultura
../dataset/raw_data/vlibrasil/427_Cultura/20210114020250_6000793a81b47.mp4,20210114020250_6000793a81b47.npy,vlisbrasil,427,Cultura
../dataset/raw_data/vlibrasil/427_Cultura/20210401085652_6065b5044dbeb.mp4,20210401085652_6065b5044dbeb.npy,vlisbrasil,427,Cultura
../dataset/raw_data/vlibrasil/428_Curioso/20210114020449_600079b1e0e81.mp4,20210114020449_600079b1e0e81.npy,vlisbrasil,428,Curioso
../dataset/raw_data/vlibrasil/428_Curioso/20210114020449_600079b1ebb42.mp4,20210114020449_600079b1ebb42.npy,vlisbrasil,428,Curioso
../dataset/raw_data/vlibrasil/428_Curioso/20210623034554_60d381621ca22.mp4,20210623034554_60d381621ca22.npy,vlisbrasil,428,Curioso
../dataset/raw_data/vlibrasil/429_Currículo/20210114020702_60007a362b3cf.mp4,20210114020702_60007a362b3cf.npy,vlisbrasil,429,Currículo
../dataset/raw_data/vlibrasil/429_Currículo/20210114020702_60007a36357fa.mp4,20210114020702_60007a36357fa.npy,vlisbrasil,429,Currículo
../dataset/raw_data/vlibrasil/429_Currículo/20210401091932_6065ba54d566b.mp4,20210401091932_6065ba54d566b.npy,vlisbrasil,429,Currículo
../dataset/raw_data/vlibrasil/430_Curva/20210114020806_60007a764b2ae.mp4,20210114020806_60007a764b2ae.npy,vlisbrasil,430,Curva
../dataset/raw_data/vlibrasil/430_Curva/20210114020806_60007a765b169.mp4,20210114020806_60007a765b169.npy,vlisbrasil,430,Curva
../dataset/raw_data/vlibrasil/430_Curva/20210401091946_6065ba62c5e61.mp4,20210401091946_6065ba62c5e61.npy,vlisbrasil,430,Curva
../dataset/raw_data/vlibrasil/431_Dança/20210114021219_60007b739ac0a.mp4,20210114021219_60007b739ac0a.npy,vlisbrasil,431,Dança
../dataset/raw_data/vlibrasil/431_Dança/20210114021219_60007b73a6875.mp4,20210114021219_60007b73a6875.npy,vlisbrasil,431,Dança
../dataset/raw_data/vlibrasil/431_Dança/20210401094510_6065c056ec048.mp4,20210401094510_6065c056ec048.npy,vlisbrasil,431,Dança
../dataset/raw_data/vlibrasil/432_Decidir/20210114021604_60007c54aec83.mp4,20210114021604_60007c54aec83.npy,vlisbrasil,432,Decidir
../dataset/raw_data/vlibrasil/432_Decidir/20210114021604_60007c54b8138.mp4,20210114021604_60007c54b8138.npy,vlisbrasil,432,Decidir
../dataset/raw_data/vlibrasil/432_Decidir/20210401100614_6065c54645dfe.mp4,20210401100614_6065c54645dfe.npy,vlisbrasil,432,Decidir
../dataset/raw_data/vlibrasil/433_Decorar_ornamentar/20210114021706_60007c92cd6be.mp4,20210114021706_60007c92cd6be.npy,vlisbrasil,433,Decorar (ornamentar)
../dataset/raw_data/vlibrasil/433_Decorar_ornamentar/20210114021706_60007c92d8b50.mp4,20210114021706_60007c92d8b50.npy,vlisbrasil,433,Decorar (ornamentar)
../dataset/raw_data/vlibrasil/433_Decorar_ornamentar/20210401102018_6065c892218fb.mp4,20210401102018_6065c892218fb.npy,vlisbrasil,433,Decorar (ornamentar)
../dataset/raw_data/vlibrasil/434_Defender_proteger/20210114021810_60007cd22cd10.mp4,20210114021810_60007cd22cd10.npy,vlisbrasil,434,Defender (proteger)
../dataset/raw_data/vlibrasil/434_Defender_proteger/20210209055728_6022f738254da.mp4,20210209055728_6022f738254da.npy,vlisbrasil,434,Defender (proteger)
../dataset/raw_data/vlibrasil/434_Defender_proteger/20210401104638_6065cebebb2dc.mp4,20210401104638_6065cebebb2dc.npy,vlisbrasil,434,Defender (proteger)
../dataset/raw_data/vlibrasil/435_Demitir/20210114021924_60007d1c7cce7.mp4,20210114021924_60007d1c7cce7.npy,vlisbrasil,435,Demitir
../dataset/raw_data/vlibrasil/435_Demitir/20210210075158_6023bacec0d0a.mp4,20210210075158_6023bacec0d0a.npy,vlisbrasil,435,Demitir
../dataset/raw_data/vlibrasil/435_Demitir/20210402030046_60675bcecaa17.mp4,20210402030046_60675bcecaa17.npy,vlisbrasil,435,Demitir
../dataset/raw_data/vlibrasil/436_Democracia/20210401115229_6065de2dc75d4.mp4,20210401115229_6065de2dc75d4.npy,vlisbrasil,436,Democracia
../dataset/raw_data/vlibrasil/436_Democracia/20210401120400_6065e0e0e7d89.mp4,20210401120400_6065e0e0e7d89.npy,vlisbrasil,436,Democracia
../dataset/raw_data/vlibrasil/436_Democracia/20210401120847_6065e1ffe864d.mp4,20210401120847_6065e1ffe864d.npy,vlisbrasil,436,Democracia
../dataset/raw_data/vlibrasil/437_Depender/20210114022227_60007dd3a8cc3.mp4,20210114022227_60007dd3a8cc3.npy,vlisbrasil,437,Depender
../dataset/raw_data/vlibrasil/437_Depender/20210114022227_60007dd3b2a71.mp4,20210114022227_60007dd3b2a71.npy,vlisbrasil,437,Depender
../dataset/raw_data/vlibrasil/437_Depender/20210623034655_60d3819f8d662.mp4,20210623034655_60d3819f8d662.npy,vlisbrasil,437,Depender
../dataset/raw_data/vlibrasil/438_Depósito/20210114022324_60007e0c5d62b.mp4,20210114022324_60007e0c5d62b.npy,vlisbrasil,438,Depósito
../dataset/raw_data/vlibrasil/438_Depósito/20210114022324_60007e0c6746a.mp4,20210114022324_60007e0c6746a.npy,vlisbrasil,438,Depósito
../dataset/raw_data/vlibrasil/438_Depósito/20210623034713_60d381b18c627.mp4,20210623034713_60d381b18c627.npy,vlisbrasil,438,Depósito
../dataset/raw_data/vlibrasil/439_Desapontamento/20210114022404_60007e3415a6a.mp4,20210114022404_60007e3415a6a.npy,vlisbrasil,439,Desapontamento
../dataset/raw_data/vlibrasil/439_Desapontamento/20210114022404_60007e3421c05.mp4,20210114022404_60007e3421c05.npy,vlisbrasil,439,Desapontamento
../dataset/raw_data/vlibrasil/439_Desapontamento/20210623034809_60d381e93e232.mp4,20210623034809_60d381e93e232.npy,vlisbrasil,439,Desapontamento
../dataset/raw_data/vlibrasil/440_Desassistido/20210114022509_60007e7586074.mp4,20210114022509_60007e7586074.npy,vlisbrasil,440,Desassistido
../dataset/raw_data/vlibrasil/440_Desassistido/20210114022509_60007e759071a.mp4,20210114022509_60007e759071a.npy,vlisbrasil,440,Desassistido
../dataset/raw_data/vlibrasil/440_Desassistido/20210808115117_610fef65b7bc2.mp4,20210808115117_610fef65b7bc2.npy,vlisbrasil,440,Desassistido
../dataset/raw_data/vlibrasil/441_Desgosto/20210114022648_60007ed8800c0.mp4,20210114022648_60007ed8800c0.npy,vlisbrasil,441,Desgosto
../dataset/raw_data/vlibrasil/441_Desgosto/20210114022648_60007ed88a54c.mp4,20210114022648_60007ed88a54c.npy,vlisbrasil,441,Desgosto
../dataset/raw_data/vlibrasil/441_Desgosto/20210401044007_60662197e1018.mp4,20210401044007_60662197e1018.npy,vlisbrasil,441,Desgosto
../dataset/raw_data/vlibrasil/442_Destruir/20210114022817_60007f311fb31.mp4,20210114022817_60007f311fb31.npy,vlisbrasil,442,Destruir
../dataset/raw_data/vlibrasil/442_Destruir/20210114022817_60007f312c1ce.mp4,20210114022817_60007f312c1ce.npy,vlisbrasil,442,Destruir
../dataset/raw_data/vlibrasil/442_Destruir/20210401112420_6065d7948e6f1.mp4,20210401112420_6065d7948e6f1.npy,vlisbrasil,442,Destruir
../dataset/raw_data/vlibrasil/443_Devolver/20210114022959_60007f97ca4a6.mp4,20210114022959_60007f97ca4a6.npy,vlisbrasil,443,Devolver
../dataset/raw_data/vlibrasil/443_Devolver/20210613010353_60c62c696fa3f.mp4,20210613010353_60c62c696fa3f.npy,vlisbrasil,443,Devolver
../dataset/raw_data/vlibrasil/443_Devolver/20210623034944_60d38248dc43e.mp4,20210623034944_60d38248dc43e.npy,vlisbrasil,443,Devolver
../dataset/raw_data/vlibrasil/444_Dia/20210114023029_60007fb565055.mp4,20210114023029_60007fb565055.npy,vlisbrasil,444,Dia
../dataset/raw_data/vlibrasil/444_Dia/20210114023029_60007fb56f0da.mp4,20210114023029_60007fb56f0da.npy,vlisbrasil,444,Dia
../dataset/raw_data/vlibrasil/444_Dia/20210401100136_6065c4303775f.mp4,20210401100136_6065c4303775f.npy,vlisbrasil,444,Dia
../dataset/raw_data/vlibrasil/445_Diálogo/20210114023203_6000801334577.mp4,20210114023203_6000801334577.npy,vlisbrasil,445,Diálogo
../dataset/raw_data/vlibrasil/445_Diálogo/20210114023203_60008013445cc.mp4,20210114023203_60008013445cc.npy,vlisbrasil,445,Diálogo
../dataset/raw_data/vlibrasil/445_Diálogo/20210401035549_60661735ca769.mp4,20210401035549_60661735ca769.npy,vlisbrasil,445,Diálogo
../dataset/raw_data/vlibrasil/446_Dinossauro/20210114023256_600080486db4e.mp4,20210114023256_600080486db4e.npy,vlisbrasil,446,Dinossauro
../dataset/raw_data/vlibrasil/446_Dinossauro/20210114023256_60008048782be.mp4,20210114023256_60008048782be.npy,vlisbrasil,446,Dinossauro
../dataset/raw_data/vlibrasil/446_Dinossauro/20210401035617_6066175135e1e.mp4,20210401035617_6066175135e1e.npy,vlisbrasil,446,Dinossauro
../dataset/raw_data/vlibrasil/447_Diploma/20210114023632_6000812045493.mp4,20210114023632_6000812045493.npy,vlisbrasil,447,Diploma
../dataset/raw_data/vlibrasil/447_Diploma/20210114023632_6000812051237.mp4,20210114023632_6000812051237.npy,vlisbrasil,447,Diploma
../dataset/raw_data/vlibrasil/447_Diploma/20210401035612_6066174ce4c39.mp4,20210401035612_6066174ce4c39.npy,vlisbrasil,447,Diploma
../dataset/raw_data/vlibrasil/448_Direcionar/20210114023713_60008149db6e2.mp4,20210114023713_60008149db6e2.npy,vlisbrasil,448,Direcionar
../dataset/raw_data/vlibrasil/448_Direcionar/20210114023713_60008149e8317.mp4,20210114023713_60008149e8317.npy,vlisbrasil,448,Direcionar
../dataset/raw_data/vlibrasil/448_Direcionar/20210401035646_6066176e90c76.mp4,20210401035646_6066176e90c76.npy,vlisbrasil,448,Direcionar
../dataset/raw_data/vlibrasil/449_Disciplina/20210114023859_600081b3eb11b.mp4,20210114023859_600081b3eb11b.npy,vlisbrasil,449,Disciplina
../dataset/raw_data/vlibrasil/449_Disciplina/20210114023900_600081b400b88.mp4,20210114023900_600081b400b88.npy,vlisbrasil,449,Disciplina
../dataset/raw_data/vlibrasil/449_Disciplina/20210402030118_60675beee0d4a.mp4,20210402030118_60675beee0d4a.npy,vlisbrasil,449,Disciplina
../dataset/raw_data/vlibrasil/450_Discordar/20210114023942_600081de37db2.mp4,20210114023942_600081de37db2.npy,vlisbrasil,450,Discordar
../dataset/raw_data/vlibrasil/450_Discordar/20210114023942_600081de42a26.mp4,20210114023942_600081de42a26.npy,vlisbrasil,450,Discordar
../dataset/raw_data/vlibrasil/450_Discordar/20210401044241_6066223150a95.mp4,20210401044241_6066223150a95.npy,vlisbrasil,450,Discordar
../dataset/raw_data/vlibrasil/451_Discriminar/20210114024037_600082153f7ca.mp4,20210114024037_600082153f7ca.npy,vlisbrasil,451,Discriminar
../dataset/raw_data/vlibrasil/451_Discriminar/20210116123802_6003085a833e9.mp4,20210116123802_6003085a833e9.npy,vlisbrasil,451,Discriminar
../dataset/raw_data/vlibrasil/451_Discriminar/20210331023015_6064b1a794cbf.mp4,20210331023015_6064b1a794cbf.npy,vlisbrasil,451,Discriminar
../dataset/raw_data/vlibrasil/452_Discutir_debater/20210114024145_6000825933865.mp4,20210114024145_6000825933865.npy,vlisbrasil,452,Discutir (debater)
../dataset/raw_data/vlibrasil/452_Discutir_debater/20210114024145_6000825942e4c.mp4,20210114024145_6000825942e4c.npy,vlisbrasil,452,Discutir (debater)
../dataset/raw_data/vlibrasil/452_Discutir_debater/20210411080600_6072d818c7d7a.mp4,20210411080600_6072d818c7d7a.npy,vlisbrasil,452,Discutir (debater)
../dataset/raw_data/vlibrasil/453_Distribuir/20210114024235_6000828bd5914.mp4,20210114024235_6000828bd5914.npy,vlisbrasil,453,Distribuir
../dataset/raw_data/vlibrasil/453_Distribuir/20210114024235_6000828be0bbc.mp4,20210114024235_6000828be0bbc.npy,vlisbrasil,453,Distribuir
../dataset/raw_data/vlibrasil/453_Distribuir/20210402030136_60675c003c535.mp4,20210402030136_60675c003c535.npy,vlisbrasil,453,Distribuir
../dataset/raw_data/vlibrasil/454_Dividir/20210114024325_600082bd4bf3f.mp4,20210114024325_600082bd4bf3f.npy,vlisbrasil,454,Dividir
../dataset/raw_data/vlibrasil/454_Dividir/20210114024325_600082bd55fa8.mp4,20210114024325_600082bd55fa8.npy,vlisbrasil,454,Dividir
../dataset/raw_data/vlibrasil/454_Dividir/20210623040650_60d3864aa1f12.mp4,20210623040650_60d3864aa1f12.npy,vlisbrasil,454,Dividir
../dataset/raw_data/vlibrasil/455_Divórcio/20210114024355_600082db9ac0f.mp4,20210114024355_600082db9ac0f.npy,vlisbrasil,455,Divórcio
../dataset/raw_data/vlibrasil/455_Divórcio/20210114024355_600082dba4772.mp4,20210114024355_600082dba4772.npy,vlisbrasil,455,Divórcio
../dataset/raw_data/vlibrasil/455_Divórcio/20210402030151_60675c0f1eafa.mp4,20210402030151_60675c0f1eafa.npy,vlisbrasil,455,Divórcio
../dataset/raw_data/vlibrasil/456_Doce/20210114025206_600084c64cff1.mp4,20210114025206_600084c64cff1.npy,vlisbrasil,456,Doce
../dataset/raw_data/vlibrasil/456_Doce/20210114025206_600084c656abb.mp4,20210114025206_600084c656abb.npy,vlisbrasil,456,Doce
../dataset/raw_data/vlibrasil/456_Doce/20210401035703_6066177f3ef96.mp4,20210401035703_6066177f3ef96.npy,vlisbrasil,456,Doce
../dataset/raw_data/vlibrasil/457_Dólar/20210114030816_600088909cc16.mp4,20210114030816_600088909cc16.npy,vlisbrasil,457,Dólar
../dataset/raw_data/vlibrasil/457_Dólar/20210114030816_60008890a9772.mp4,20210114030816_60008890a9772.npy,vlisbrasil,457,Dólar
../dataset/raw_data/vlibrasil/457_Dólar/20210402043131_606771137dd80.mp4,20210402043131_606771137dd80.npy,vlisbrasil,457,Dólar
../dataset/raw_data/vlibrasil/458_Médico_doutor/20210114030937_600088e1bf926.mp4,20210114030937_600088e1bf926.npy,vlisbrasil,458,Médico (doutor)
../dataset/raw_data/vlibrasil/458_Médico_doutor/20210114030937_600088e1cbad1.mp4,20210114030937_600088e1cbad1.npy,vlisbrasil,458,Médico (doutor)
../dataset/raw_data/vlibrasil/458_Médico_doutor/20210402045357_60677655ecdaf.mp4,20210402045357_60677655ecdaf.npy,vlisbrasil,458,Médico (doutor)
../dataset/raw_data/vlibrasil/460_Dúvida_incerteza/20210114095805_6000e89d77e08.mp4,20210114095805_6000e89d77e08.npy,vlisbrasil,460,Dúvida (incerteza)
../dataset/raw_data/vlibrasil/460_Dúvida_incerteza/20210114095805_6000e89d84a04.mp4,20210114095805_6000e89d84a04.npy,vlisbrasil,460,Dúvida (incerteza)
../dataset/raw_data/vlibrasil/460_Dúvida_incerteza/20210402043213_6067713d5f724.mp4,20210402043213_6067713d5f724.npy,vlisbrasil,460,Dúvida (incerteza)
../dataset/raw_data/vlibrasil/461_Em_dobro/20210114100041_6000e939077cf.mp4,20210114100041_6000e939077cf.npy,vlisbrasil,461,Em dobro
../dataset/raw_data/vlibrasil/461_Em_dobro/20210402043228_6067714c28825.mp4,20210402043228_6067714c28825.npy,vlisbrasil,461,Em dobro
../dataset/raw_data/vlibrasil/461_Em_dobro/20210613011024_60c62df0ef167.mp4,20210613011024_60c62df0ef167.npy,vlisbrasil,461,Em dobro
../dataset/raw_data/vlibrasil/462_Encaracolado/20210114100331_6000e9e3468b2.mp4,20210114100331_6000e9e3468b2.npy,vlisbrasil,462,Encaracolado
../dataset/raw_data/vlibrasil/462_Encaracolado/20210114100331_6000e9e34cb08.mp4,20210114100331_6000e9e34cb08.npy,vlisbrasil,462,Encaracolado
../dataset/raw_data/vlibrasil/462_Encaracolado/20210401092006_6065ba76c4688.mp4,20210401092006_6065ba76c4688.npy,vlisbrasil,462,Encaracolado
../dataset/raw_data/vlibrasil/464_Enfermeira/20210114101948_6000edb44c4e0.mp4,20210114101948_6000edb44c4e0.npy,vlisbrasil,464,Enfermeira
../dataset/raw_data/vlibrasil/464_Enfermeira/20210114101948_6000edb45244d.mp4,20210114101948_6000edb45244d.npy,vlisbrasil,464,Enfermeira
../dataset/raw_data/vlibrasil/464_Enfermeira/20210402043243_6067715b8846d.mp4,20210402043243_6067715b8846d.npy,vlisbrasil,464,Enfermeira
../dataset/raw_data/vlibrasil/465_Entrevista/20210114102225_6000ee511228f.mp4,20210114102225_6000ee511228f.npy,vlisbrasil,465,Entrevista
../dataset/raw_data/vlibrasil/465_Entrevista/20210114102225_6000ee511df65.mp4,20210114102225_6000ee511df65.npy,vlisbrasil,465,Entrevista
../dataset/raw_data/vlibrasil/465_Entrevista/20210401035713_60661789048c7.mp4,20210401035713_60661789048c7.npy,vlisbrasil,465,Entrevista
../dataset/raw_data/vlibrasil/466_Escapar/20210115063131_600160f3ec4d1.mp4,20210115063131_600160f3ec4d1.npy,vlisbrasil,466,Escapar
../dataset/raw_data/vlibrasil/466_Escapar/20210115063132_600160f407427.mp4,20210115063132_600160f407427.npy,vlisbrasil,466,Escapar
../dataset/raw_data/vlibrasil/466_Escapar/20210623041413_60d3880524640.mp4,20210623041413_60d3880524640.npy,vlisbrasil,466,Escapar
../dataset/raw_data/vlibrasil/467_Escurecer/20210115064230_60016386445f8.mp4,20210115064230_60016386445f8.npy,vlisbrasil,467,Escurecer
../dataset/raw_data/vlibrasil/467_Escurecer/20210115064230_6001638650518.mp4,20210115064230_6001638650518.npy,vlisbrasil,467,Escurecer
../dataset/raw_data/vlibrasil/467_Escurecer/20210401035737_606617a15d47a.mp4,20210401035737_606617a15d47a.npy,vlisbrasil,467,Escurecer
../dataset/raw_data/vlibrasil/468_Escuro_sombrio/20210115064418_600163f22fb6e.mp4,20210115064418_600163f22fb6e.npy,vlisbrasil,468,Escuro (sombrio)
../dataset/raw_data/vlibrasil/468_Escuro_sombrio/20210115064418_600163f23b3c6.mp4,20210115064418_600163f23b3c6.npy,vlisbrasil,468,Escuro (sombrio)
../dataset/raw_data/vlibrasil/468_Escuro_sombrio/20210401094938_6065c162b8f37.mp4,20210401094938_6065c162b8f37.npy,vlisbrasil,468,Escuro (sombrio)
../dataset/raw_data/vlibrasil/469_Especialista/20210115064940_6001653459aae.mp4,20210115064940_6001653459aae.npy,vlisbrasil,469,Especialista
../dataset/raw_data/vlibrasil/469_Especialista/20210115064940_600165346633b.mp4,20210115064940_600165346633b.npy,vlisbrasil,469,Especialista
../dataset/raw_data/vlibrasil/469_Especialista/20210401094532_6065c06c6cc61.mp4,20210401094532_6065c06c6cc61.npy,vlisbrasil,469,Especialista
../dataset/raw_data/vlibrasil/470_Espinha/20210115065252_600165f4a9279.mp4,20210115065252_600165f4a9279.npy,vlisbrasil,470,Espinha
../dataset/raw_data/vlibrasil/470_Espinha/20210115065252_600165f4aefd3.mp4,20210115065252_600165f4aefd3.npy,vlisbrasil,470,Espinha
../dataset/raw_data/vlibrasil/470_Espinha/20210623041511_60d3883fc3247.mp4,20210623041511_60d3883fc3247.npy,vlisbrasil,470,Espinha
../dataset/raw_data/vlibrasil/472_Evitar/20210115065810_60016732e58ed.mp4,20210115065810_60016732e58ed.npy,vlisbrasil,472,Evitar
../dataset/raw_data/vlibrasil/472_Evitar/20210115065810_60016732efedd.mp4,20210115065810_60016732efedd.npy,vlisbrasil,472,Evitar
../dataset/raw_data/vlibrasil/472_Evitar/20210401110837_6065d3e5c05bf.mp4,20210401110837_6065d3e5c05bf.npy,vlisbrasil,472,Evitar
../dataset/raw_data/vlibrasil/474_Explicar/20210115065940_6001678cdd0e6.mp4,20210115065940_6001678cdd0e6.npy,vlisbrasil,474,Explicar
../dataset/raw_data/vlibrasil/474_Explicar/20210115065940_6001678ce89ef.mp4,20210115065940_6001678ce89ef.npy,vlisbrasil,474,Explicar
../dataset/raw_data/vlibrasil/474_Explicar/20210401035751_606617afbd0e6.mp4,20210401035751_606617afbd0e6.npy,vlisbrasil,474,Explicar
../dataset/raw_data/vlibrasil/475_Faz/20210115070018_600167b2924cb.mp4,20210115070018_600167b2924cb.npy,vlisbrasil,475,Faz
../dataset/raw_data/vlibrasil/475_Faz/20210115070018_600167b29ec1c.mp4,20210115070018_600167b29ec1c.npy,vlisbrasil,475,Faz
../dataset/raw_data/vlibrasil/475_Faz/20210402043257_6067716951d2e.mp4,20210402043257_6067716951d2e.npy,vlisbrasil,475,Faz
../dataset/raw_data/vlibrasil/476_Filha/20210115093716_60018c7c8285b.mp4,20210115093716_60018c7c8285b.npy,vlisbrasil,476,Filha
../dataset/raw_data/vlibrasil/476_Filha/20210115093716_60018c7c8da82.mp4,20210115093716_60018c7c8da82.npy,vlisbrasil,476,Filha
../dataset/raw_data/vlibrasil/476_Filha/20210623042132_60d389bce5c30.mp4,20210623042132_60d389bce5c30.npy,vlisbrasil,476,Filha
../dataset/raw_data/vlibrasil/478_Gotejamento/20210115093955_60018d1b083ef.mp4,20210115093955_60018d1b083ef.npy,vlisbrasil,478,Gotejamento
../dataset/raw_data/vlibrasil/478_Gotejamento/20210115093955_60018d1b149c7.mp4,20210115093955_60018d1b149c7.npy,vlisbrasil,478,Gotejamento
../dataset/raw_data/vlibrasil/478_Gotejamento/20210402043315_6067717b10fa5.mp4,20210402043315_6067717b10fa5.npy,vlisbrasil,478,Gotejamento
../dataset/raw_data/vlibrasil/480_Jantar_banquete/20210115094219_60018dab5e4c4.mp4,20210115094219_60018dab5e4c4.npy,vlisbrasil,480,Jantar (banquete)
../dataset/raw_data/vlibrasil/480_Jantar_banquete/20210115094219_60018dab6a137.mp4,20210115094219_60018dab6a137.npy,vlisbrasil,480,Jantar (banquete)
../dataset/raw_data/vlibrasil/480_Jantar_banquete/20210401035827_606617d316ce7.mp4,20210401035827_606617d316ce7.npy,vlisbrasil,480,Jantar (banquete)
../dataset/raw_data/vlibrasil/481_Lábia/20210115094357_60018e0d6e8f9.mp4,20210115094357_60018e0d6e8f9.npy,vlisbrasil,481,Lábia
../dataset/raw_data/vlibrasil/481_Lábia/20210115094357_60018e0d794c0.mp4,20210115094357_60018e0d794c0.npy,vlisbrasil,481,Lábia
../dataset/raw_data/vlibrasil/481_Lábia/20210401044520_606622d037dd1.mp4,20210401044520_606622d037dd1.npy,vlisbrasil,481,Lábia
../dataset/raw_data/vlibrasil/482_Leão/20210115094507_60018e53499b3.mp4,20210115094507_60018e53499b3.npy,vlisbrasil,482,Leão
../dataset/raw_data/vlibrasil/482_Leão/20210115094507_60018e53534e6.mp4,20210115094507_60018e53534e6.npy,vlisbrasil,482,Leão
../dataset/raw_data/vlibrasil/482_Leão/20210401044538_606622e2afae0.mp4,20210401044538_606622e2afae0.npy,vlisbrasil,482,Leão
../dataset/raw_data/vlibrasil/483_Letra_D/20210115101550_60019586bb7f9.mp4,20210115101550_60019586bb7f9.npy,vlisbrasil,483,Letra D
../dataset/raw_data/vlibrasil/483_Letra_D/20210115101550_60019586c5f37.mp4,20210115101550_60019586c5f37.npy,vlisbrasil,483,Letra D
../dataset/raw_data/vlibrasil/483_Letra_D/20210401093754_6065bea222f48.mp4,20210401093754_6065bea222f48.npy,vlisbrasil,483,Letra D
../dataset/raw_data/vlibrasil/484_Breve/20210115101723_600195e3444ae.mp4,20210115101723_600195e3444ae.npy,vlisbrasil,484,Breve
../dataset/raw_data/vlibrasil/484_Breve/20210115101723_600195e350789.mp4,20210115101723_600195e350789.npy,vlisbrasil,484,Breve
../dataset/raw_data/vlibrasil/484_Breve/20210401094914_6065c14a2912e.mp4,20210401094914_6065c14a2912e.npy,vlisbrasil,484,Breve
../dataset/raw_data/vlibrasil/486_Menina/20210115101933_60019665ee110.mp4,20210115101933_60019665ee110.npy,vlisbrasil,486,Menina
../dataset/raw_data/vlibrasil/486_Menina/20210123065912_600c9c305b686.mp4,20210123065912_600c9c305b686.npy,vlisbrasil,486,Menina
../dataset/raw_data/vlibrasil/486_Menina/20210401100214_6065c4561e727.mp4,20210401100214_6065c4561e727.npy,vlisbrasil,486,Menina
../dataset/raw_data/vlibrasil/487_Mergulho/20210115102031_6001969f0a7ae.mp4,20210115102031_6001969f0a7ae.npy,vlisbrasil,487,Mergulho
../dataset/raw_data/vlibrasil/487_Mergulho/20210115102031_6001969f16374.mp4,20210115102031_6001969f16374.npy,vlisbrasil,487,Mergulho
../dataset/raw_data/vlibrasil/487_Mergulho/20210402030210_60675c22a7c52.mp4,20210402030210_60675c22a7c52.npy,vlisbrasil,487,Mergulho
../dataset/raw_data/vlibrasil/489_Moral/20210115102234_6001971a10382.mp4,20210115102234_6001971a10382.npy,vlisbrasil,489,Moral
../dataset/raw_data/vlibrasil/489_Moral/20210621043039_60d0e8df7eee0.mp4,20210621043039_60d0e8df7eee0.npy,vlisbrasil,489,Moral
../dataset/raw_data/vlibrasil/489_Moral/20210623095109_60d3d6fd0a7bc.mp4,20210623095109_60d3d6fd0a7bc.npy,vlisbrasil,489,Moral
../dataset/raw_data/vlibrasil/490_Morrer_falecer/20210115102331_60019753e4009.mp4,20210115102331_60019753e4009.npy,vlisbrasil,490,Morrer (falecer)
../dataset/raw_data/vlibrasil/490_Morrer_falecer/20210115102331_60019753efb12.mp4,20210115102331_60019753efb12.npy,vlisbrasil,490,Morrer (falecer)
../dataset/raw_data/vlibrasil/490_Morrer_falecer/20210401035913_606618013f47a.mp4,20210401035913_606618013f47a.npy,vlisbrasil,490,Morrer (falecer)
../dataset/raw_data/vlibrasil/491_Não/20210115102431_6001978f393e4.mp4,20210115102431_6001978f393e4.npy,vlisbrasil,491,Não
../dataset/raw_data/vlibrasil/491_Não/20210126074907_60109c631eeb5.mp4,20210126074907_60109c631eeb5.npy,vlisbrasil,491,Não
../dataset/raw_data/vlibrasil/491_Não/20210127054047_6011cfcf180dc.mp4,20210127054047_6011cfcf180dc.npy,vlisbrasil,491,Não
../dataset/raw_data/vlibrasil/492_Necessário/20210115102751_600198577e22a.mp4,20210115102751_600198577e22a.npy,vlisbrasil,492,Necessário
../dataset/raw_data/vlibrasil/492_Necessário/20210115102751_6001985788ad1.mp4,20210115102751_6001985788ad1.npy,vlisbrasil,492,Necessário
../dataset/raw_data/vlibrasil/492_Necessário/20210401110902_6065d3fef02d0.mp4,20210401110902_6065d3fef02d0.npy,vlisbrasil,492,Necessário
../dataset/raw_data/vlibrasil/493_Obscuro/20210115104911_60019d574cef6.mp4,20210115104911_60019d574cef6.npy,vlisbrasil,493,Obscuro
../dataset/raw_data/vlibrasil/493_Obscuro/20210115104911_60019d5757e87.mp4,20210115104911_60019d5757e87.npy,vlisbrasil,493,Obscuro
../dataset/raw_data/vlibrasil/493_Obscuro/20210623095256_60d3d7682e544.mp4,20210623095256_60d3d7682e544.npy,vlisbrasil,493,Obscuro
../dataset/raw_data/vlibrasil/494_Ondulação/20210115105933_60019fc5a7466.mp4,20210115105933_60019fc5a7466.npy,vlisbrasil,494,Ondulação
../dataset/raw_data/vlibrasil/494_Ondulação/20210115105933_60019fc5b3a43.mp4,20210115105933_60019fc5b3a43.npy,vlisbrasil,494,Ondulação
../dataset/raw_data/vlibrasil/494_Ondulação/20210401035931_606618131415c.mp4,20210401035931_606618131415c.npy,vlisbrasil,494,Ondulação
../dataset/raw_data/vlibrasil/496_Paixão/20210115110322_6001a0aad6615.mp4,20210115110322_6001a0aad6615.npy,vlisbrasil,496,Paixão
../dataset/raw_data/vlibrasil/496_Paixão/20210116012016_6003124085aee.mp4,20210116012016_6003124085aee.npy,vlisbrasil,496,Paixão
../dataset/raw_data/vlibrasil/496_Paixão/20210402080444_6067a30c583ae.mp4,20210402080444_6067a30c583ae.npy,vlisbrasil,496,Paixão
../dataset/raw_data/vlibrasil/497_Para_baixo/20210115110509_6001a115613da.mp4,20210115110509_6001a115613da.npy,vlisbrasil,497,Para baixo
../dataset/raw_data/vlibrasil/497_Para_baixo/20210115110509_6001a1156db1d.mp4,20210115110509_6001a1156db1d.npy,vlisbrasil,497,Para baixo
../dataset/raw_data/vlibrasil/497_Para_baixo/20210329031825_606219f1e48b2.mp4,20210329031825_606219f1e48b2.npy,vlisbrasil,497,Para baixo
../dataset/raw_data/vlibrasil/499_Pessoa_malvada/20210115111353_6001a321a622c.mp4,20210115111353_6001a321a622c.npy,vlisbrasil,499,Pessoa malvada
../dataset/raw_data/vlibrasil/499_Pessoa_malvada/20210115111353_6001a321b2b8a.mp4,20210115111353_6001a321b2b8a.npy,vlisbrasil,499,Pessoa malvada
../dataset/raw_data/vlibrasil/499_Pessoa_malvada/20210401104655_6065cecfea384.mp4,20210401104655_6065cecfea384.npy,vlisbrasil,499,Pessoa malvada
../dataset/raw_data/vlibrasil/500_Porco/20210115111453_6001a35d42913.mp4,20210115111453_6001a35d42913.npy,vlisbrasil,500,Porco
../dataset/raw_data/vlibrasil/500_Porco/20210115111453_6001a35d494f6.mp4,20210115111453_6001a35d494f6.npy,vlisbrasil,500,Porco
../dataset/raw_data/vlibrasil/500_Porco/20210401040955_60661a83d96da.mp4,20210401040955_60661a83d96da.npy,vlisbrasil,500,Porco
../dataset/raw_data/vlibrasil/501_Preso/20210115111843_6001a4436f233.mp4,20210115111843_6001a4436f233.npy,vlisbrasil,501,Preso
../dataset/raw_data/vlibrasil/501_Preso/20210115111843_6001a4437af90.mp4,20210115111843_6001a4437af90.npy,vlisbrasil,501,Preso
../dataset/raw_data/vlibrasil/501_Preso/20210623095825_60d3d8b1a79d1.mp4,20210623095825_60d3d8b1a79d1.npy,vlisbrasil,501,Preso
../dataset/raw_data/vlibrasil/502_Licença/20210115122722_6001b45ab8e58.mp4,20210115122722_6001b45ab8e58.npy,vlisbrasil,502,Licença
../dataset/raw_data/vlibrasil/502_Licença/20210115122722_6001b45ac29b0.mp4,20210115122722_6001b45ac29b0.npy,vlisbrasil,502,Licença
../dataset/raw_data/vlibrasil/502_Licença/20210410083346_607235da0e892.mp4,20210410083346_607235da0e892.npy,vlisbrasil,502,Licença
../dataset/raw_data/vlibrasil/504_Profundo/20210115040050_6001e662ed6dd.mp4,20210115040050_6001e662ed6dd.npy,vlisbrasil,504,Profundo
../dataset/raw_data/vlibrasil/504_Profundo/20210115040051_6001e6630518c.mp4,20210115040051_6001e6630518c.npy,vlisbrasil,504,Profundo
../dataset/raw_data/vlibrasil/504_Profundo/20210402043429_606771c504c20.mp4,20210402043429_606771c504c20.npy,vlisbrasil,504,Profundo
../dataset/raw_data/vlibrasil/505_Protesto/20210115040218_6001e6ba5c6eb.mp4,20210115040218_6001e6ba5c6eb.npy,vlisbrasil,505,Protesto
../dataset/raw_data/vlibrasil/505_Protesto/20210115040218_6001e6ba68faa.mp4,20210115040218_6001e6ba68faa.npy,vlisbrasil,505,Protesto
../dataset/raw_data/vlibrasil/505_Protesto/20210402030220_60675c2c0b01a.mp4,20210402030220_60675c2c0b01a.npy,vlisbrasil,505,Protesto
../dataset/raw_data/vlibrasil/506_Psiquiatra/20210115040321_6001e6f9029dc.mp4,20210115040321_6001e6f9029dc.npy,vlisbrasil,506,Psiquiatra
../dataset/raw_data/vlibrasil/506_Psiquiatra/20210115040321_6001e6f90f03e.mp4,20210115040321_6001e6f90f03e.npy,vlisbrasil,506,Psiquiatra
../dataset/raw_data/vlibrasil/506_Psiquiatra/20210402043447_606771d7d64bd.mp4,20210402043447_606771d7d64bd.npy,vlisbrasil,506,Psiquiatra
../dataset/raw_data/vlibrasil/508_Rosquinha_de_massa_frita/20210115041038_6001e8aeedfbd.mp4,20210115041038_6001e8aeedfbd.npy,vlisbrasil,508,Rosquinha (de massa frita)
../dataset/raw_data/vlibrasil/508_Rosquinha_de_massa_frita/20210621043149_60d0e9255bd0f.mp4,20210621043149_60d0e9255bd0f.npy,vlisbrasil,508,Rosquinha (de massa frita)
../dataset/raw_data/vlibrasil/508_Rosquinha_de_massa_frita/20210623100144_60d3d978acbc9.mp4,20210623100144_60d3d978acbc9.npy,vlisbrasil,508,Rosquinha (de massa frita)
../dataset/raw_data/vlibrasil/509_Sério/20210116120554_600300d2b06e1.mp4,20210116120554_600300d2b06e1.npy,vlisbrasil,509,Sério
../dataset/raw_data/vlibrasil/509_Sério/20210116120554_600300d2bfcc0.mp4,20210116120554_600300d2bfcc0.npy,vlisbrasil,509,Sério
../dataset/raw_data/vlibrasil/509_Sério/20210401044556_606622f4b8f44.mp4,20210401044556_606622f4b8f44.npy,vlisbrasil,509,Sério
../dataset/raw_data/vlibrasil/510_Show/20210116120942_600301b69d6e7.mp4,20210116120942_600301b69d6e7.npy,vlisbrasil,510,Show
../dataset/raw_data/vlibrasil/510_Show/20210116120942_600301b6aad0b.mp4,20210116120942_600301b6aad0b.npy,vlisbrasil,510,Show
../dataset/raw_data/vlibrasil/510_Show/20210401112800_6065d870acf0b.mp4,20210401112800_6065d870acf0b.npy,vlisbrasil,510,Show
../dataset/raw_data/vlibrasil/511_Situação/20210116122255_600304cfc1554.mp4,20210116122255_600304cfc1554.npy,vlisbrasil,511,Situação
../dataset/raw_data/vlibrasil/511_Situação/20210116122255_600304cfcc97c.mp4,20210116122255_600304cfcc97c.npy,vlisbrasil,511,Situação
../dataset/raw_data/vlibrasil/511_Situação/20210808033639_611024370f6cc.mp4,20210808033639_611024370f6cc.npy,vlisbrasil,511,Situação
../dataset/raw_data/vlibrasil/512_Sonho/20210116122354_6003050a2564c.mp4,20210116122354_6003050a2564c.npy,vlisbrasil,512,Sonho
../dataset/raw_data/vlibrasil/512_Sonho/20210116122354_6003050a32714.mp4,20210116122354_6003050a32714.npy,vlisbrasil,512,Sonho
../dataset/raw_data/vlibrasil/512_Sonho/20210402043513_606771f19bf7c.mp4,20210402043513_606771f19bf7c.npy,vlisbrasil,512,Sonho
../dataset/raw_data/vlibrasil/513_Suave/20210116122445_6003053da4fcd.mp4,20210116122445_6003053da4fcd.npy,vlisbrasil,513,Suave
../dataset/raw_data/vlibrasil/513_Suave/20210116122445_6003053dae90e.mp4,20210116122445_6003053dae90e.npy,vlisbrasil,513,Suave
../dataset/raw_data/vlibrasil/513_Suave/20210401090241_6065b661db88f.mp4,20210401090241_6065b661db88f.npy,vlisbrasil,513,Suave
../dataset/raw_data/vlibrasil/514_Sujo/20210116122533_6003056daea7a.mp4,20210116122533_6003056daea7a.npy,vlisbrasil,514,Sujo
../dataset/raw_data/vlibrasil/514_Sujo/20210116122533_6003056db9528.mp4,20210116122533_6003056db9528.npy,vlisbrasil,514,Sujo
../dataset/raw_data/vlibrasil/514_Sujo/20210401041103_60661ac727b4a.mp4,20210401041103_60661ac727b4a.npy,vlisbrasil,514,Sujo
../dataset/raw_data/vlibrasil/515_Sumir/20210116122621_6003059db1d1a.mp4,20210116122621_6003059db1d1a.npy,vlisbrasil,515,Sumir
../dataset/raw_data/vlibrasil/515_Sumir/20210116122621_6003059dbec8a.mp4,20210116122621_6003059dbec8a.npy,vlisbrasil,515,Sumir
../dataset/raw_data/vlibrasil/515_Sumir/20210401044613_60662305ebf2f.mp4,20210401044613_60662305ebf2f.npy,vlisbrasil,515,Sumir
../dataset/raw_data/vlibrasil/516_Surgir/20210116122727_600305df6b0e8.mp4,20210116122727_600305df6b0e8.npy,vlisbrasil,516,Surgir
../dataset/raw_data/vlibrasil/516_Surgir/20210116122727_600305df75170.mp4,20210116122727_600305df75170.npy,vlisbrasil,516,Surgir
../dataset/raw_data/vlibrasil/516_Surgir/20210401044629_60662315b98bb.mp4,20210401044629_60662315b98bb.npy,vlisbrasil,516,Surgir
../dataset/raw_data/vlibrasil/517_Teimoso/20210116123024_600306906375c.mp4,20210116123024_600306906375c.npy,vlisbrasil,517,Teimoso
../dataset/raw_data/vlibrasil/517_Teimoso/20210209055650_6022f712a0c02.mp4,20210209055650_6022f712a0c02.npy,vlisbrasil,517,Teimoso
../dataset/raw_data/vlibrasil/517_Teimoso/20210401104713_6065cee13a0b4.mp4,20210401104713_6065cee13a0b4.npy,vlisbrasil,517,Teimoso
../dataset/raw_data/vlibrasil/518_Tigre/20210116123208_600306f8bf648.mp4,20210116123208_600306f8bf648.npy,vlisbrasil,518,Tigre
../dataset/raw_data/vlibrasil/518_Tigre/20210116123208_600306f8c9b56.mp4,20210116123208_600306f8c9b56.npy,vlisbrasil,518,Tigre
../dataset/raw_data/vlibrasil/518_Tigre/20210623100538_60d3da62cbc82.mp4,20210623100538_60d3da62cbc82.npy,vlisbrasil,518,Tigre
../dataset/raw_data/vlibrasil/519_Tonto_confuso/20210116123420_6003077ca7049.mp4,20210116123420_6003077ca7049.npy,vlisbrasil,519,Tonto (confuso)
../dataset/raw_data/vlibrasil/519_Tonto_confuso/20210116123420_6003077cb3229.mp4,20210116123420_6003077cb3229.npy,vlisbrasil,519,Tonto (confuso)
../dataset/raw_data/vlibrasil/519_Tonto_confuso/20210402030255_60675c4f9a8a9.mp4,20210402030255_60675c4f9a8a9.npy,vlisbrasil,519,Tonto (confuso)
../dataset/raw_data/vlibrasil/521_Tribunal/20210116124715_60030a83cf8b4.mp4,20210116124715_60030a83cf8b4.npy,vlisbrasil,521,Tribunal
../dataset/raw_data/vlibrasil/521_Tribunal/20210209055638_6022f706e46d3.mp4,20210209055638_6022f706e46d3.npy,vlisbrasil,521,Tribunal
../dataset/raw_data/vlibrasil/521_Tribunal/20210401102122_6065c8d27081f.mp4,20210401102122_6065c8d27081f.npy,vlisbrasil,521,Tribunal
../dataset/raw_data/vlibrasil/522_Vaca/20210116014351_600317c750e55.mp4,20210116014351_600317c750e55.npy,vlisbrasil,522,Vaca
../dataset/raw_data/vlibrasil/522_Vaca/20210116020038_60031bb684cb5.mp4,20210116020038_60031bb684cb5.npy,vlisbrasil,522,Vaca
../dataset/raw_data/vlibrasil/522_Vaca/20210401103433_6065cbe97ee4d.mp4,20210401103433_6065cbe97ee4d.npy,vlisbrasil,522,Vaca
../dataset/raw_data/vlibrasil/524_Afogar/20210117025815_60047ab7edc61.mp4,20210117025815_60047ab7edc61.npy,vlisbrasil,524,Afogar
../dataset/raw_data/vlibrasil/524_Afogar/20210331112417_60648611e7e06.mp4,20210331112417_60648611e7e06.npy,vlisbrasil,524,Afogar
../dataset/raw_data/vlibrasil/524_Afogar/20210929043913_6154c0e1839e5.mp4,20210929043913_6154c0e1839e5.npy,vlisbrasil,524,Afogar
../dataset/raw_data/vlibrasil/525_Alimentação/20210117025907_60047aebe5f1d.mp4,20210117025907_60047aebe5f1d.npy,vlisbrasil,525,Alimentação
../dataset/raw_data/vlibrasil/525_Alimentação/20210117025907_60047aebf0ddf.mp4,20210117025907_60047aebf0ddf.npy,vlisbrasil,525,Alimentação
../dataset/raw_data/vlibrasil/525_Alimentação/20210329075818_60625b8a3bcd5.mp4,20210329075818_60625b8a3bcd5.npy,vlisbrasil,525,Alimentação
../dataset/raw_data/vlibrasil/526_Amanhã/20210117025936_60047b084ed6a.mp4,20210117025936_60047b084ed6a.npy,vlisbrasil,526,Amanhã
../dataset/raw_data/vlibrasil/526_Amanhã/20210117025936_60047b08596c3.mp4,20210117025936_60047b08596c3.npy,vlisbrasil,526,Amanhã
../dataset/raw_data/vlibrasil/526_Amanhã/20210329075923_60625bcb39c6d.mp4,20210329075923_60625bcb39c6d.npy,vlisbrasil,526,Amanhã
../dataset/raw_data/vlibrasil/527_Animado/20210117030005_60047b25c9234.mp4,20210117030005_60047b25c9234.npy,vlisbrasil,527,Animado
../dataset/raw_data/vlibrasil/527_Animado/20210117030005_60047b25d3507.mp4,20210117030005_60047b25d3507.npy,vlisbrasil,527,Animado
../dataset/raw_data/vlibrasil/527_Animado/20210329080358_60625cde4267a.mp4,20210329080358_60625cde4267a.npy,vlisbrasil,527,Animado
../dataset/raw_data/vlibrasil/528_Apaixonarse/20210117030037_60047b45e16f2.mp4,20210117030037_60047b45e16f2.npy,vlisbrasil,528,Apaixonar-se
../dataset/raw_data/vlibrasil/528_Apaixonarse/20210117030037_60047b45ee0a4.mp4,20210117030037_60047b45ee0a4.npy,vlisbrasil,528,Apaixonar-se
../dataset/raw_data/vlibrasil/528_Apaixonarse/20210329080510_60625d269a373.mp4,20210329080510_60625d269a373.npy,vlisbrasil,528,Apaixonar-se
../dataset/raw_data/vlibrasil/529_Arquivo/20210117030131_60047b7bde4b7.mp4,20210117030131_60047b7bde4b7.npy,vlisbrasil,529,Arquivo
../dataset/raw_data/vlibrasil/529_Arquivo/20210329080850_60625e02eb5b8.mp4,20210329080850_60625e02eb5b8.npy,vlisbrasil,529,Arquivo
../dataset/raw_data/vlibrasil/529_Arquivo/20210611044919_60c3be3fdcdee.mp4,20210611044919_60c3be3fdcdee.npy,vlisbrasil,529,Arquivo
../dataset/raw_data/vlibrasil/530_Associação/20210117030153_60047b9149330.mp4,20210117030153_60047b9149330.npy,vlisbrasil,530,Associação
../dataset/raw_data/vlibrasil/530_Associação/20210117030153_60047b9155f53.mp4,20210117030153_60047b9155f53.npy,vlisbrasil,530,Associação
../dataset/raw_data/vlibrasil/530_Associação/20210402092926_6067b6e6837a2.mp4,20210402092926_6067b6e6837a2.npy,vlisbrasil,530,Associação
../dataset/raw_data/vlibrasil/531_Autoridade/20210117030233_60047bb9ed88f.mp4,20210117030233_60047bb9ed88f.npy,vlisbrasil,531,Autoridade
../dataset/raw_data/vlibrasil/531_Autoridade/20210117030234_60047bba03e0c.mp4,20210117030234_60047bba03e0c.npy,vlisbrasil,531,Autoridade
../dataset/raw_data/vlibrasil/531_Autoridade/20210402061057_60678861c6177.mp4,20210402061057_60678861c6177.npy,vlisbrasil,531,Autoridade
../dataset/raw_data/vlibrasil/532_Avaliar/20210117030258_60047bd2d8086.mp4,20210117030258_60047bd2d8086.npy,vlisbrasil,532,Avaliar
../dataset/raw_data/vlibrasil/532_Avaliar/20210117030258_60047bd2e329f.mp4,20210117030258_60047bd2e329f.npy,vlisbrasil,532,Avaliar
../dataset/raw_data/vlibrasil/532_Avaliar/20210402070338_606794ba572fa.mp4,20210402070338_606794ba572fa.npy,vlisbrasil,532,Avaliar
../dataset/raw_data/vlibrasil/533_Básico/20210117030349_60047c056832b.mp4,20210117030349_60047c056832b.npy,vlisbrasil,533,Básico
../dataset/raw_data/vlibrasil/533_Básico/20210611045544_60c3bfc03a801.mp4,20210611045544_60c3bfc03a801.npy,vlisbrasil,533,Básico
../dataset/raw_data/vlibrasil/533_Básico/20210623032545_60d37ca9ea69f.mp4,20210623032545_60d37ca9ea69f.npy,vlisbrasil,533,Básico
../dataset/raw_data/vlibrasil/534_Bateria/20210117030417_60047c219468e.mp4,20210117030417_60047c219468e.npy,vlisbrasil,534,Bateria
../dataset/raw_data/vlibrasil/534_Bateria/20210117030417_60047c219e41f.mp4,20210117030417_60047c219e41f.npy,vlisbrasil,534,Bateria
../dataset/raw_data/vlibrasil/534_Bateria/20210402042942_606770a64c0e1.mp4,20210402042942_606770a64c0e1.npy,vlisbrasil,534,Bateria
../dataset/raw_data/vlibrasil/535_Bêbado/20210117030444_60047c3c94a83.mp4,20210117030444_60047c3c94a83.npy,vlisbrasil,535,Bêbado
../dataset/raw_data/vlibrasil/535_Bêbado/20210117030444_60047c3ca2efc.mp4,20210117030444_60047c3ca2efc.npy,vlisbrasil,535,Bêbado
../dataset/raw_data/vlibrasil/535_Bêbado/20210402042956_606770b419ae3.mp4,20210402042956_606770b419ae3.npy,vlisbrasil,535,Bêbado
../dataset/raw_data/vlibrasil/536_Bem/20210117030507_60047c536874c.mp4,20210117030507_60047c536874c.npy,vlisbrasil,536,Bem
../dataset/raw_data/vlibrasil/536_Bem/20210117030507_60047c5372b06.mp4,20210117030507_60047c5372b06.npy,vlisbrasil,536,Bem
../dataset/raw_data/vlibrasil/536_Bem/20210402095605_6067bd25691d4.mp4,20210402095605_6067bd25691d4.npy,vlisbrasil,536,Bem
../dataset/raw_data/vlibrasil/537_Boxe_esporte/20210117030531_60047c6b672d0.mp4,20210117030531_60047c6b672d0.npy,vlisbrasil,537,Boxe (esporte)
../dataset/raw_data/vlibrasil/537_Boxe_esporte/20210117030531_60047c6b7322d.mp4,20210117030531_60047c6b7322d.npy,vlisbrasil,537,Boxe (esporte)
../dataset/raw_data/vlibrasil/537_Boxe_esporte/20210402095635_6067bd43c72d5.mp4,20210402095635_6067bd43c72d5.npy,vlisbrasil,537,Boxe (esporte)
../dataset/raw_data/vlibrasil/538_Cair/20210117030633_60047ca94ecd8.mp4,20210117030633_60047ca94ecd8.npy,vlisbrasil,538,Cair
../dataset/raw_data/vlibrasil/538_Cair/20210117030633_60047ca95b0e2.mp4,20210117030633_60047ca95b0e2.npy,vlisbrasil,538,Cair
../dataset/raw_data/vlibrasil/538_Cair/20210402080249_6067a299b56af.mp4,20210402080249_6067a299b56af.npy,vlisbrasil,538,Cair
../dataset/raw_data/vlibrasil/539_Caixa/20210117030700_60047cc41d783.mp4,20210117030700_60047cc41d783.npy,vlisbrasil,539,Caixa
../dataset/raw_data/vlibrasil/539_Caixa/20210117030700_60047cc42a4fc.mp4,20210117030700_60047cc42a4fc.npy,vlisbrasil,539,Caixa
../dataset/raw_data/vlibrasil/539_Caixa/20210128060255_6013267fd1632.mp4,20210128060255_6013267fd1632.npy,vlisbrasil,539,Caixa
../dataset/raw_data/vlibrasil/540_Calculadora/20210117030854_60047d364935e.mp4,20210117030854_60047d364935e.npy,vlisbrasil,540,Calculadora
../dataset/raw_data/vlibrasil/540_Calculadora/20210117030854_60047d3654f69.mp4,20210117030854_60047d3654f69.npy,vlisbrasil,540,Calculadora
../dataset/raw_data/vlibrasil/540_Calculadora/20210402104730_6067c93267642.mp4,20210402104730_6067c93267642.npy,vlisbrasil,540,Calculadora
../dataset/raw_data/vlibrasil/541_Cerca_barreira/20210117031002_60047d7aa6753.mp4,20210117031002_60047d7aa6753.npy,vlisbrasil,541,Cerca (barreira)
../dataset/raw_data/vlibrasil/541_Cerca_barreira/20210117031002_60047d7ab451f.mp4,20210117031002_60047d7ab451f.npy,vlisbrasil,541,Cerca (barreira)
../dataset/raw_data/vlibrasil/541_Cerca_barreira/20210402095735_6067bd7fc1903.mp4,20210402095735_6067bd7fc1903.npy,vlisbrasil,541,Cerca (barreira)
../dataset/raw_data/vlibrasil/542_Cheio/20210117041140_60048bec1419e.mp4,20210117041140_60048bec1419e.npy,vlisbrasil,542,Cheio
../dataset/raw_data/vlibrasil/542_Cheio/20210117041140_60048bec1c595.mp4,20210117041140_60048bec1c595.npy,vlisbrasil,542,Cheio
../dataset/raw_data/vlibrasil/542_Cheio/20210402063836_60678edc27075.mp4,20210402063836_60678edc27075.npy,vlisbrasil,542,Cheio
../dataset/raw_data/vlibrasil/543_Chique/20210117041353_60048c71c61c7.mp4,20210117041353_60048c71c61c7.npy,vlisbrasil,543,Chique
../dataset/raw_data/vlibrasil/543_Chique/20210117041353_60048c71d296e.mp4,20210117041353_60048c71d296e.npy,vlisbrasil,543,Chique
../dataset/raw_data/vlibrasil/543_Chique/20210402104746_6067c9428a9d0.mp4,20210402104746_6067c9428a9d0.npy,vlisbrasil,543,Chique
../dataset/raw_data/vlibrasil/544_Classe/20210117041433_60048c994c5a9.mp4,20210117041433_60048c994c5a9.npy,vlisbrasil,544,Classe
../dataset/raw_data/vlibrasil/544_Classe/20210117041433_60048c9958583.mp4,20210117041433_60048c9958583.npy,vlisbrasil,544,Classe
../dataset/raw_data/vlibrasil/544_Classe/20210402092939_6067b6f3342ea.mp4,20210402092939_6067b6f3342ea.npy,vlisbrasil,544,Classe
../dataset/raw_data/vlibrasil/545_Comer/20210117041510_60048cbe7db0f.mp4,20210117041510_60048cbe7db0f.npy,vlisbrasil,545,Comer
../dataset/raw_data/vlibrasil/545_Comer/20210117041510_60048cbe8b9e8.mp4,20210117041510_60048cbe8b9e8.npy,vlisbrasil,545,Comer
../dataset/raw_data/vlibrasil/545_Comer/20210402050411_606778bb3d90d.mp4,20210402050411_606778bb3d90d.npy,vlisbrasil,545,Comer
../dataset/raw_data/vlibrasil/546_Corado/20210117041544_60048ce0c5e74.mp4,20210117041544_60048ce0c5e74.npy,vlisbrasil,546,Corado
../dataset/raw_data/vlibrasil/546_Corado/20210117041544_60048ce0d1b8a.mp4,20210117041544_60048ce0d1b8a.npy,vlisbrasil,546,Corado
../dataset/raw_data/vlibrasil/546_Corado/20210623034149_60d3806d57b8a.mp4,20210623034149_60d3806d57b8a.npy,vlisbrasil,546,Corado
../dataset/raw_data/vlibrasil/547_Cotovelo/20210117041754_60048d62c8f2b.mp4,20210117041754_60048d62c8f2b.npy,vlisbrasil,547,Cotovelo
../dataset/raw_data/vlibrasil/547_Cotovelo/20210117041754_60048d62d4d65.mp4,20210117041754_60048d62d4d65.npy,vlisbrasil,547,Cotovelo
../dataset/raw_data/vlibrasil/547_Cotovelo/20210402050222_6067784e4efd7.mp4,20210402050222_6067784e4efd7.npy,vlisbrasil,547,Cotovelo
../dataset/raw_data/vlibrasil/548_Dedo/20210117041832_60048d880cfac.mp4,20210117041832_60048d880cfac.npy,vlisbrasil,548,Dedo
../dataset/raw_data/vlibrasil/548_Dedo/20210117041832_60048d8817549.mp4,20210117041832_60048d8817549.npy,vlisbrasil,548,Dedo
../dataset/raw_data/vlibrasil/548_Dedo/20210329124611_6061f64392330.mp4,20210329124611_6061f64392330.npy,vlisbrasil,548,Dedo
../dataset/raw_data/vlibrasil/549_Delicioso/20210117041919_60048db76b46b.mp4,20210117041919_60048db76b46b.npy,vlisbrasil,549,Delicioso
../dataset/raw_data/vlibrasil/549_Delicioso/20210117041919_60048db7722f4.mp4,20210117041919_60048db7722f4.npy,vlisbrasil,549,Delicioso
../dataset/raw_data/vlibrasil/549_Delicioso/20210402100026_6067be2a58b70.mp4,20210402100026_6067be2a58b70.npy,vlisbrasil,549,Delicioso
../dataset/raw_data/vlibrasil/550_Departamento/20210117041957_60048ddd164e0.mp4,20210117041957_60048ddd164e0.npy,vlisbrasil,550,Departamento
../dataset/raw_data/vlibrasil/550_Departamento/20210117041957_60048ddd206f1.mp4,20210117041957_60048ddd206f1.npy,vlisbrasil,550,Departamento
../dataset/raw_data/vlibrasil/550_Departamento/20210623034639_60d3818f5e6bc.mp4,20210623034639_60d3818f5e6bc.npy,vlisbrasil,550,Departamento
../dataset/raw_data/vlibrasil/551_Deprimir/20210117042022_60048df6729c8.mp4,20210117042022_60048df6729c8.npy,vlisbrasil,551,Deprimir
../dataset/raw_data/vlibrasil/551_Deprimir/20210117042022_60048df67ec14.mp4,20210117042022_60048df67ec14.npy,vlisbrasil,551,Deprimir
../dataset/raw_data/vlibrasil/551_Deprimir/20210402100042_6067be3a72f1e.mp4,20210402100042_6067be3a72f1e.npy,vlisbrasil,551,Deprimir
../dataset/raw_data/vlibrasil/552_Descobrir/20210117042142_60048e4698a21.mp4,20210117042142_60048e4698a21.npy,vlisbrasil,552,Descobrir
../dataset/raw_data/vlibrasil/552_Descobrir/20210117042142_60048e46a3978.mp4,20210117042142_60048e46a3978.npy,vlisbrasil,552,Descobrir
../dataset/raw_data/vlibrasil/552_Descobrir/20210411080520_6072d7f02f89d.mp4,20210411080520_6072d7f02f89d.npy,vlisbrasil,552,Descobrir
../dataset/raw_data/vlibrasil/553_email/20210117042238_60048e7e0a8f3.mp4,20210117042238_60048e7e0a8f3.npy,vlisbrasil,553,e-mail
../dataset/raw_data/vlibrasil/553_email/20210117042238_60048e7e14745.mp4,20210117042238_60048e7e14745.npy,vlisbrasil,553,e-mail
../dataset/raw_data/vlibrasil/553_email/20210402050438_606778d6711aa.mp4,20210402050438_606778d6711aa.npy,vlisbrasil,553,e-mail
../dataset/raw_data/vlibrasil/554_Econômico/20210117042651_60048f7bc2ac7.mp4,20210117042651_60048f7bc2ac7.npy,vlisbrasil,554,Econômico
../dataset/raw_data/vlibrasil/554_Econômico/20210117042651_60048f7bce357.mp4,20210117042651_60048f7bce357.npy,vlisbrasil,554,Econômico
../dataset/raw_data/vlibrasil/554_Econômico/20210623040811_60d3869b6d4aa.mp4,20210623040811_60d3869b6d4aa.npy,vlisbrasil,554,Econômico
../dataset/raw_data/vlibrasil/555_Educado/20210117042811_60048fcbb6eda.mp4,20210117042811_60048fcbb6eda.npy,vlisbrasil,555,Educado
../dataset/raw_data/vlibrasil/555_Educado/20210210072921_6023b58128ac1.mp4,20210210072921_6023b58128ac1.npy,vlisbrasil,555,Educado
../dataset/raw_data/vlibrasil/555_Educado/20210402100119_6067be5f58f60.mp4,20210402100119_6067be5f58f60.npy,vlisbrasil,555,Educado
../dataset/raw_data/vlibrasil/556_Ego/20210117042836_60048fe42c90d.mp4,20210117042836_60048fe42c90d.npy,vlisbrasil,556,Ego
../dataset/raw_data/vlibrasil/556_Ego/20210117042836_60048fe438ae5.mp4,20210117042836_60048fe438ae5.npy,vlisbrasil,556,Ego
../dataset/raw_data/vlibrasil/556_Ego/20210402050721_60677979d59fa.mp4,20210402050721_60677979d59fa.npy,vlisbrasil,556,Ego
../dataset/raw_data/vlibrasil/557_Elástico/20210117042901_60048ffd5af55.mp4,20210117042901_60048ffd5af55.npy,vlisbrasil,557,Elástico
../dataset/raw_data/vlibrasil/557_Elástico/20210117042901_60048ffd668f1.mp4,20210117042901_60048ffd668f1.npy,vlisbrasil,557,Elástico
../dataset/raw_data/vlibrasil/557_Elástico/20210402050734_606779864cc2a.mp4,20210402050734_606779864cc2a.npy,vlisbrasil,557,Elástico
../dataset/raw_data/vlibrasil/558_Elefante/20210117042947_6004902b2d068.mp4,20210117042947_6004902b2d068.npy,vlisbrasil,558,Elefante
../dataset/raw_data/vlibrasil/558_Elefante/20210402053145_60677f310b459.mp4,20210402053145_60677f310b459.npy,vlisbrasil,558,Elefante
../dataset/raw_data/vlibrasil/558_Elefante/20210613011008_60c62de073d8d.mp4,20210613011008_60c62de073d8d.npy,vlisbrasil,558,Elefante
../dataset/raw_data/vlibrasil/559_Elétrico/20210117043036_6004905c0e994.mp4,20210117043036_6004905c0e994.npy,vlisbrasil,559,Elétrico
../dataset/raw_data/vlibrasil/559_Elétrico/20210117043036_6004905c1b3d7.mp4,20210117043036_6004905c1b3d7.npy,vlisbrasil,559,Elétrico
../dataset/raw_data/vlibrasil/559_Elétrico/20210402050318_6067788665c6a.mp4,20210402050318_6067788665c6a.npy,vlisbrasil,559,Elétrico
../dataset/raw_data/vlibrasil/560_Elevador/20210117043236_600490d42265b.mp4,20210117043236_600490d42265b.npy,vlisbrasil,560,Elevador
../dataset/raw_data/vlibrasil/560_Elevador/20210117043236_600490d42fcac.mp4,20210117043236_600490d42fcac.npy,vlisbrasil,560,Elevador
../dataset/raw_data/vlibrasil/560_Elevador/20210402053159_60677f3f156af.mp4,20210402053159_60677f3f156af.npy,vlisbrasil,560,Elevador
../dataset/raw_data/vlibrasil/561_Embaraçar/20210117043348_6004911c7aaae.mp4,20210117043348_6004911c7aaae.npy,vlisbrasil,561,Embaraçar
../dataset/raw_data/vlibrasil/561_Embaraçar/20210117043348_6004911c86aa0.mp4,20210117043348_6004911c86aa0.npy,vlisbrasil,561,Embaraçar
../dataset/raw_data/vlibrasil/561_Embaraçar/20210623041038_60d3872ecca8d.mp4,20210623041038_60d3872ecca8d.npy,vlisbrasil,561,Embaraçar
../dataset/raw_data/vlibrasil/562_Emergência/20210117043516_60049174b1bf2.mp4,20210117043516_60049174b1bf2.npy,vlisbrasil,562,Emergência
../dataset/raw_data/vlibrasil/562_Emergência/20210117043516_60049174c29a0.mp4,20210117043516_60049174c29a0.npy,vlisbrasil,562,Emergência
../dataset/raw_data/vlibrasil/562_Emergência/20210402061113_606788716657a.mp4,20210402061113_606788716657a.npy,vlisbrasil,562,Emergência
../dataset/raw_data/vlibrasil/563_Emoção/20210117043726_600491f6b7c13.mp4,20210117043726_600491f6b7c13.npy,vlisbrasil,563,Emoção
../dataset/raw_data/vlibrasil/563_Emoção/20210117043726_600491f6c2f5a.mp4,20210117043726_600491f6c2f5a.npy,vlisbrasil,563,Emoção
../dataset/raw_data/vlibrasil/563_Emoção/20210402061131_60678883cd570.mp4,20210402061131_60678883cd570.npy,vlisbrasil,563,Emoção
../dataset/raw_data/vlibrasil/564_Energia/20210117043801_60049219b3d66.mp4,20210117043801_60049219b3d66.npy,vlisbrasil,564,Energia
../dataset/raw_data/vlibrasil/564_Energia/20210117043801_60049219bdda7.mp4,20210117043801_60049219bdda7.npy,vlisbrasil,564,Energia
../dataset/raw_data/vlibrasil/564_Energia/20210402061138_6067888a328a0.mp4,20210402061138_6067888a328a0.npy,vlisbrasil,564,Energia
../dataset/raw_data/vlibrasil/565_Enquanto_isso/20210117043832_60049238c053e.mp4,20210117043832_60049238c053e.npy,vlisbrasil,565,Enquanto isso
../dataset/raw_data/vlibrasil/565_Enquanto_isso/20210117043832_60049238cbe42.mp4,20210117043832_60049238cbe42.npy,vlisbrasil,565,Enquanto isso
../dataset/raw_data/vlibrasil/565_Enquanto_isso/20210623041256_60d387b83fbd0.mp4,20210623041256_60d387b83fbd0.npy,vlisbrasil,565,Enquanto isso
../dataset/raw_data/vlibrasil/566_Equipamento/20210117043957_6004928daa531.mp4,20210117043957_6004928daa531.npy,vlisbrasil,566,Equipamento
../dataset/raw_data/vlibrasil/566_Equipamento/20210117043957_6004928db41bb.mp4,20210117043957_6004928db41bb.npy,vlisbrasil,566,Equipamento
../dataset/raw_data/vlibrasil/566_Equipamento/20210402063851_60678eeb1ffd5.mp4,20210402063851_60678eeb1ffd5.npy,vlisbrasil,566,Equipamento
../dataset/raw_data/vlibrasil/567_Equipe/20210117044027_600492ab98d9f.mp4,20210117044027_600492ab98d9f.npy,vlisbrasil,567,Equipe
../dataset/raw_data/vlibrasil/567_Equipe/20210117044027_600492aba37cd.mp4,20210117044027_600492aba37cd.npy,vlisbrasil,567,Equipe
../dataset/raw_data/vlibrasil/567_Equipe/20210402092959_6067b70754501.mp4,20210402092959_6067b70754501.npy,vlisbrasil,567,Equipe
../dataset/raw_data/vlibrasil/568_Escolher/20210117044352_60049378d6284.mp4,20210117044352_60049378d6284.npy,vlisbrasil,568,Escolher
../dataset/raw_data/vlibrasil/568_Escolher/20210123063645_600c96eda735b.mp4,20210123063645_600c96eda735b.npy,vlisbrasil,568,Escolher
../dataset/raw_data/vlibrasil/568_Escolher/20210402100136_6067be7092554.mp4,20210402100136_6067be7092554.npy,vlisbrasil,568,Escolher
../dataset/raw_data/vlibrasil/569_Etc/20210117044451_600493b3f4164.mp4,20210117044451_600493b3f4164.npy,vlisbrasil,569,Etc
../dataset/raw_data/vlibrasil/569_Etc/20210616021927_60ca329f1427b.mp4,20210616021927_60ca329f1427b.npy,vlisbrasil,569,Etc
../dataset/raw_data/vlibrasil/569_Etc/20210623041614_60d3887e8c146.mp4,20210623041614_60d3887e8c146.npy,vlisbrasil,569,Etc
../dataset/raw_data/vlibrasil/570_Exato/20210117044536_600493e00a433.mp4,20210117044536_600493e00a433.npy,vlisbrasil,570,Exato
../dataset/raw_data/vlibrasil/570_Exato/20210117044536_600493e0143de.mp4,20210117044536_600493e0143de.npy,vlisbrasil,570,Exato
../dataset/raw_data/vlibrasil/570_Exato/20210402063906_60678efa31104.mp4,20210402063906_60678efa31104.npy,vlisbrasil,570,Exato
../dataset/raw_data/vlibrasil/571_Excluir/20210117044619_6004940b969b1.mp4,20210117044619_6004940b969b1.npy,vlisbrasil,571,Excluir
../dataset/raw_data/vlibrasil/571_Excluir/20210402053214_60677f4e7eef4.mp4,20210402053214_60677f4e7eef4.npy,vlisbrasil,571,Excluir
../dataset/raw_data/vlibrasil/571_Excluir/20210616021954_60ca32ba86beb.mp4,20210616021954_60ca32ba86beb.npy,vlisbrasil,571,Excluir
../dataset/raw_data/vlibrasil/572_Exercitese/20210117044819_600494833db0e.mp4,20210117044819_600494833db0e.npy,vlisbrasil,572,Exercite-se
../dataset/raw_data/vlibrasil/572_Exercitese/20210117044819_6004948352e31.mp4,20210117044819_6004948352e31.npy,vlisbrasil,572,Exercite-se
../dataset/raw_data/vlibrasil/572_Exercitese/20210623041725_60d388c571a8b.mp4,20210623041725_60d388c571a8b.npy,vlisbrasil,572,Exercite-se
../dataset/raw_data/vlibrasil/573_Expandir/20210117045042_6004951246291.mp4,20210117045042_6004951246291.npy,vlisbrasil,573,Expandir
../dataset/raw_data/vlibrasil/573_Expandir/20210616022037_60ca32e53f2af.mp4,20210616022037_60ca32e53f2af.npy,vlisbrasil,573,Expandir
../dataset/raw_data/vlibrasil/573_Expandir/20210623041747_60d388dbb4b97.mp4,20210623041747_60d388dbb4b97.npy,vlisbrasil,573,Expandir
../dataset/raw_data/vlibrasil/574_Experiência/20210117045121_60049539e6b1a.mp4,20210117045121_60049539e6b1a.npy,vlisbrasil,574,Experiência
../dataset/raw_data/vlibrasil/574_Experiência/20210117045121_60049539ec94f.mp4,20210117045121_60049539ec94f.npy,vlisbrasil,574,Experiência
../dataset/raw_data/vlibrasil/574_Experiência/20210402070351_606794c72f18d.mp4,20210402070351_606794c72f18d.npy,vlisbrasil,574,Experiência
../dataset/raw_data/vlibrasil/575_Experimentar/20210117045211_6004956bb6a58.mp4,20210117045211_6004956bb6a58.npy,vlisbrasil,575,Experimentar
../dataset/raw_data/vlibrasil/575_Experimentar/20210128034505_60130631a7dd1.mp4,20210128034505_60130631a7dd1.npy,vlisbrasil,575,Experimentar
../dataset/raw_data/vlibrasil/575_Experimentar/20210616022554_60ca3422be548.mp4,20210616022554_60ca3422be548.npy,vlisbrasil,575,Experimentar
../dataset/raw_data/vlibrasil/576_Expressão_facial/20210117045246_6004958e6fbc5.mp4,20210117045246_6004958e6fbc5.npy,vlisbrasil,576,Expressão facial
../dataset/raw_data/vlibrasil/576_Expressão_facial/20210117045246_6004958e7b003.mp4,20210117045246_6004958e7b003.npy,vlisbrasil,576,Expressão facial
../dataset/raw_data/vlibrasil/576_Expressão_facial/20210402075750_6067a16ed42e4.mp4,20210402075750_6067a16ed42e4.npy,vlisbrasil,576,Expressão facial
../dataset/raw_data/vlibrasil/577_Expressar/20210117045856_6004970081552.mp4,20210117045856_6004970081552.npy,vlisbrasil,577,Expressar
../dataset/raw_data/vlibrasil/577_Expressar/20210117045856_600497008c91b.mp4,20210117045856_600497008c91b.npy,vlisbrasil,577,Expressar
../dataset/raw_data/vlibrasil/577_Expressar/20210402070433_606794f1a0edd.mp4,20210402070433_606794f1a0edd.npy,vlisbrasil,577,Expressar
../dataset/raw_data/vlibrasil/578_Face_rosto/20210117050057_600497794e01b.mp4,20210117050057_600497794e01b.npy,vlisbrasil,578,Face (rosto)
../dataset/raw_data/vlibrasil/578_Face_rosto/20210117050057_600497795a866.mp4,20210117050057_600497795a866.npy,vlisbrasil,578,Face (rosto)
../dataset/raw_data/vlibrasil/578_Face_rosto/20210402075806_6067a17ece5a2.mp4,20210402075806_6067a17ece5a2.npy,vlisbrasil,578,Face (rosto)
../dataset/raw_data/vlibrasil/579_Falsidade/20210117050200_600497b8e9098.mp4,20210117050200_600497b8e9098.npy,vlisbrasil,579,Falsidade
../dataset/raw_data/vlibrasil/579_Falsidade/20210117050201_600497b90195d.mp4,20210117050201_600497b90195d.npy,vlisbrasil,579,Falsidade
../dataset/raw_data/vlibrasil/579_Falsidade/20210402080305_6067a2a909e80.mp4,20210402080305_6067a2a909e80.npy,vlisbrasil,579,Falsidade
../dataset/raw_data/vlibrasil/580_Falso/20210117050730_6004990237294.mp4,20210117050730_6004990237294.npy,vlisbrasil,580,Falso
../dataset/raw_data/vlibrasil/580_Falso/20210123063809_600c9741929d9.mp4,20210123063809_600c9741929d9.npy,vlisbrasil,580,Falso
../dataset/raw_data/vlibrasil/580_Falso/20210402080322_6067a2bab362c.mp4,20210402080322_6067a2bab362c.npy,vlisbrasil,580,Falso
../dataset/raw_data/vlibrasil/581_Família/20210117050813_6004992d2775b.mp4,20210117050813_6004992d2775b.npy,vlisbrasil,581,Família
../dataset/raw_data/vlibrasil/581_Família/20210117050813_6004992d3436f.mp4,20210117050813_6004992d3436f.npy,vlisbrasil,581,Família
../dataset/raw_data/vlibrasil/581_Família/20210402093013_6067b71596dd5.mp4,20210402093013_6067b71596dd5.npy,vlisbrasil,581,Família
../dataset/raw_data/vlibrasil/582_Favorito/20210117051030_600499b643982.mp4,20210117051030_600499b643982.npy,vlisbrasil,582,Favorito
../dataset/raw_data/vlibrasil/582_Favorito/20210117051030_600499b64ebd1.mp4,20210117051030_600499b64ebd1.npy,vlisbrasil,582,Favorito
../dataset/raw_data/vlibrasil/582_Favorito/20210402093031_6067b7272591d.mp4,20210402093031_6067b7272591d.npy,vlisbrasil,582,Favorito
../dataset/raw_data/vlibrasil/583_Fazenda/20210117051058_600499d2380be.mp4,20210117051058_600499d2380be.npy,vlisbrasil,583,Fazenda
../dataset/raw_data/vlibrasil/583_Fazenda/20210117051058_600499d242b95.mp4,20210117051058_600499d242b95.npy,vlisbrasil,583,Fazenda
../dataset/raw_data/vlibrasil/583_Fazenda/20210402093049_6067b73912c14.mp4,20210402093049_6067b73912c14.npy,vlisbrasil,583,Fazenda
../dataset/raw_data/vlibrasil/584_Feliz/20210117051131_600499f381087.mp4,20210117051131_600499f381087.npy,vlisbrasil,584,Feliz
../dataset/raw_data/vlibrasil/584_Feliz/20210117051131_600499f38b647.mp4,20210117051131_600499f38b647.npy,vlisbrasil,584,Feliz
../dataset/raw_data/vlibrasil/584_Feliz/20210402061149_6067889568b34.mp4,20210402061149_6067889568b34.npy,vlisbrasil,584,Feliz
../dataset/raw_data/vlibrasil/585_Financeiro/20210117051238_60049a36b9329.mp4,20210117051238_60049a36b9329.npy,vlisbrasil,585,Financeiro
../dataset/raw_data/vlibrasil/585_Financeiro/20210117051238_60049a36bee49.mp4,20210117051238_60049a36bee49.npy,vlisbrasil,585,Financeiro
../dataset/raw_data/vlibrasil/585_Financeiro/20210402050523_60677903dc4f6.mp4,20210402050523_60677903dc4f6.npy,vlisbrasil,585,Financeiro
../dataset/raw_data/vlibrasil/586_Tornarse_gordo/20210117051312_60049a58f31af.mp4,20210117051312_60049a58f31af.npy,vlisbrasil,586,Tornar-se gordo
../dataset/raw_data/vlibrasil/586_Tornarse_gordo/20210209061441_6022fb41a5430.mp4,20210209061441_6022fb41a5430.npy,vlisbrasil,586,Tornar-se gordo
../dataset/raw_data/vlibrasil/586_Tornarse_gordo/20210402093547_6067b8638e89f.mp4,20210402093547_6067b8638e89f.npy,vlisbrasil,586,Tornar-se gordo
../dataset/raw_data/vlibrasil/587_Gosto_sabor/20210117051416_60049a98d53fd.mp4,20210117051416_60049a98d53fd.npy,vlisbrasil,587,Gosto (sabor)
../dataset/raw_data/vlibrasil/587_Gosto_sabor/20210117051416_60049a98e1f6c.mp4,20210117051416_60049a98e1f6c.npy,vlisbrasil,587,Gosto (sabor)
../dataset/raw_data/vlibrasil/587_Gosto_sabor/20210402093514_6067b842afefa.mp4,20210402093514_6067b842afefa.npy,vlisbrasil,587,Gosto (sabor)
../dataset/raw_data/vlibrasil/588_Igual_similar/20210117051502_60049ac6a5b8e.mp4,20210117051502_60049ac6a5b8e.npy,vlisbrasil,588,Igual (similar)
../dataset/raw_data/vlibrasil/588_Igual_similar/20210128121039_60122b2f8907b.mp4,20210128121039_60122b2f8907b.npy,vlisbrasil,588,Igual (similar)
../dataset/raw_data/vlibrasil/588_Igual_similar/20210210105503_6023e5b71a073.mp4,20210210105503_6023e5b71a073.npy,vlisbrasil,588,Igual (similar)
../dataset/raw_data/vlibrasil/589_Impressões_digitais/20210117051559_60049aff191ab.mp4,20210117051559_60049aff191ab.npy,vlisbrasil,589,Impressões digitais
../dataset/raw_data/vlibrasil/589_Impressões_digitais/20210117051559_60049aff2588e.mp4,20210117051559_60049aff2588e.npy,vlisbrasil,589,Impressões digitais
../dataset/raw_data/vlibrasil/589_Impressões_digitais/20210402104907_6067c99317915.mp4,20210402104907_6067c99317915.npy,vlisbrasil,589,Impressões digitais
../dataset/raw_data/vlibrasil/590_Jejum_abstinência/20210117051648_60049b30f18aa.mp4,20210117051648_60049b30f18aa.npy,vlisbrasil,590,Jejum (abstinência)
../dataset/raw_data/vlibrasil/590_Jejum_abstinência/20210117051649_60049b3108dbd.mp4,20210117051649_60049b3108dbd.npy,vlisbrasil,590,Jejum (abstinência)
../dataset/raw_data/vlibrasil/590_Jejum_abstinência/20210402093114_6067b75280307.mp4,20210402093114_6067b75280307.npy,vlisbrasil,590,Jejum (abstinência)
../dataset/raw_data/vlibrasil/591_Juntos/20210117051719_60049b4f2fcc0.mp4,20210117051719_60049b4f2fcc0.npy,vlisbrasil,591,Juntos
../dataset/raw_data/vlibrasil/591_Juntos/20210117051719_60049b4f3c5af.mp4,20210117051719_60049b4f3c5af.npy,vlisbrasil,591,Juntos
../dataset/raw_data/vlibrasil/591_Juntos/20210402093136_6067b7688ffb3.mp4,20210402093136_6067b7688ffb3.npy,vlisbrasil,591,Juntos
../dataset/raw_data/vlibrasil/592_Letra_E/20210117051751_60049b6f16204.mp4,20210117051751_60049b6f16204.npy,vlisbrasil,592,Letra E
../dataset/raw_data/vlibrasil/592_Letra_E/20210117051751_60049b6f1ee46.mp4,20210117051751_60049b6f1ee46.npy,vlisbrasil,592,Letra E
../dataset/raw_data/vlibrasil/592_Letra_E/20210402050556_60677924c40a7.mp4,20210402050556_60677924c40a7.npy,vlisbrasil,592,Letra E
../dataset/raw_data/vlibrasil/593_Letra_F/20210117051832_60049b98aae07.mp4,20210117051832_60049b98aae07.npy,vlisbrasil,593,Letra F
../dataset/raw_data/vlibrasil/593_Letra_F/20210117051832_60049b98b6f7d.mp4,20210117051832_60049b98b6f7d.npy,vlisbrasil,593,Letra F
../dataset/raw_data/vlibrasil/593_Letra_F/20210402075816_6067a188099e8.mp4,20210402075816_6067a188099e8.npy,vlisbrasil,593,Letra F
../dataset/raw_data/vlibrasil/594_Leve/20210117051914_60049bc2bbe81.mp4,20210117051914_60049bc2bbe81.npy,vlisbrasil,594,Leve
../dataset/raw_data/vlibrasil/594_Leve/20210117051914_60049bc2c7c30.mp4,20210117051914_60049bc2c7c30.npy,vlisbrasil,594,Leve
../dataset/raw_data/vlibrasil/594_Leve/20210623044128_60d38e681592c.mp4,20210623044128_60d38e681592c.npy,vlisbrasil,594,Leve
../dataset/raw_data/vlibrasil/595_Luta/20210117051941_60049bdd89f89.mp4,20210117051941_60049bdd89f89.npy,vlisbrasil,595,Luta
../dataset/raw_data/vlibrasil/595_Luta/20210210075436_6023bb6c3aa7c.mp4,20210210075436_6023bb6c3aa7c.npy,vlisbrasil,595,Luta
../dataset/raw_data/vlibrasil/595_Luta/20210402100221_6067be9d9e8d9.mp4,20210402100221_6067be9d9e8d9.npy,vlisbrasil,595,Luta
../dataset/raw_data/vlibrasil/596_Mais_ou_menos/20210117052016_60049c00d652e.mp4,20210117052016_60049c00d652e.npy,vlisbrasil,596,Mais ou menos
../dataset/raw_data/vlibrasil/596_Mais_ou_menos/20210117052016_60049c00e1f1c.mp4,20210117052016_60049c00e1f1c.npy,vlisbrasil,596,Mais ou menos
../dataset/raw_data/vlibrasil/596_Mais_ou_menos/20210402080523_6067a33315a6c.mp4,20210402080523_6067a33315a6c.npy,vlisbrasil,596,Mais ou menos
../dataset/raw_data/vlibrasil/597_Medicina/20210117052050_60049c2232df8.mp4,20210117052050_60049c2232df8.npy,vlisbrasil,597,Medicina
../dataset/raw_data/vlibrasil/597_Medicina/20210117052050_60049c223e99c.mp4,20210117052050_60049c223e99c.npy,vlisbrasil,597,Medicina
../dataset/raw_data/vlibrasil/597_Medicina/20210402043336_606771901f605.mp4,20210402043336_606771901f605.npy,vlisbrasil,597,Medicina
../dataset/raw_data/vlibrasil/598_Motivar/20210117052126_60049c461b8c7.mp4,20210117052126_60049c461b8c7.npy,vlisbrasil,598,Motivar
../dataset/raw_data/vlibrasil/598_Motivar/20210117052126_60049c4621fec.mp4,20210117052126_60049c4621fec.npy,vlisbrasil,598,Motivar
../dataset/raw_data/vlibrasil/598_Motivar/20210402050239_6067785f27dd8.mp4,20210402050239_6067785f27dd8.npy,vlisbrasil,598,Motivar
../dataset/raw_data/vlibrasil/599_Muito_rápido/20210117052219_60049c7b30a37.mp4,20210117052219_60049c7b30a37.npy,vlisbrasil,599,Muito rápido
../dataset/raw_data/vlibrasil/599_Muito_rápido/20210117052219_60049c7b3bb36.mp4,20210117052219_60049c7b3bb36.npy,vlisbrasil,599,Muito rápido
../dataset/raw_data/vlibrasil/599_Muito_rápido/20210402093435_6067b81bf1cc5.mp4,20210402093435_6067b81bf1cc5.npy,vlisbrasil,599,Muito rápido
../dataset/raw_data/vlibrasil/600_Muito/20210117052243_60049c933f772.mp4,20210117052243_60049c933f772.npy,vlisbrasil,600,Muito
../dataset/raw_data/vlibrasil/600_Muito/20210117052243_60049c93483e8.mp4,20210117052243_60049c93483e8.npy,vlisbrasil,600,Muito
../dataset/raw_data/vlibrasil/600_Muito/20210128035804_6013093c971cd.mp4,20210128035804_6013093c971cd.npy,vlisbrasil,600,Muito
../dataset/raw_data/vlibrasil/601_Noite/20210126075113_60109ce13c0e0.mp4,20210126075113_60109ce13c0e0.npy,vlisbrasil,601,Noite
../dataset/raw_data/vlibrasil/601_Noite/20210127054412_6011d09c288d3.mp4,20210127054412_6011d09c288d3.npy,vlisbrasil,601,Noite
../dataset/raw_data/vlibrasil/601_Noite/20210618032534_60cce51e0ed67.mp4,20210618032534_60cce51e0ed67.npy,vlisbrasil,601,Noite
../dataset/raw_data/vlibrasil/602_Olho/20210117052425_60049cf91a329.mp4,20210117052425_60049cf91a329.npy,vlisbrasil,602,Olho
../dataset/raw_data/vlibrasil/602_Olho/20210117052425_60049cf925950.mp4,20210117052425_60049cf925950.npy,vlisbrasil,602,Olho
../dataset/raw_data/vlibrasil/602_Olho/20210402075828_6067a1943bfc2.mp4,20210402075828_6067a1943bfc2.npy,vlisbrasil,602,Olho
../dataset/raw_data/vlibrasil/603_Ontem/20210117052708_60049d9c88e2b.mp4,20210117052708_60049d9c88e2b.npy,vlisbrasil,603,Ontem
../dataset/raw_data/vlibrasil/603_Ontem/20210117052708_60049d9c92d5e.mp4,20210117052708_60049d9c92d5e.npy,vlisbrasil,603,Ontem
../dataset/raw_data/vlibrasil/603_Ontem/20210402064005_60678f3514d72.mp4,20210402064005_60678f3514d72.npy,vlisbrasil,603,Ontem
../dataset/raw_data/vlibrasil/604_Organização/20210117053558_60049fae66bed.mp4,20210117053558_60049fae66bed.npy,vlisbrasil,604,Organização
../dataset/raw_data/vlibrasil/604_Organização/20210117053558_60049fae71ce6.mp4,20210117053558_60049fae71ce6.npy,vlisbrasil,604,Organização
../dataset/raw_data/vlibrasil/604_Organização/20210623095331_60d3d78b2200d.mp4,20210623095331_60d3d78b2200d.npy,vlisbrasil,604,Organização
../dataset/raw_data/vlibrasil/605_Pagar/20210117053653_60049fe57f55a.mp4,20210117053653_60049fe57f55a.npy,vlisbrasil,605,Pagar
../dataset/raw_data/vlibrasil/605_Pagar/20210210074029_6023b81d20730.mp4,20210210074029_6023b81d20730.npy,vlisbrasil,605,Pagar
../dataset/raw_data/vlibrasil/605_Pagar/20210402100247_6067beb786d75.mp4,20210402100247_6067beb786d75.npy,vlisbrasil,605,Pagar
../dataset/raw_data/vlibrasil/606_Paralelo/20210117053719_60049fff2d06a.mp4,20210117053719_60049fff2d06a.npy,vlisbrasil,606,Paralelo
../dataset/raw_data/vlibrasil/606_Paralelo/20210117053719_60049fff36a68.mp4,20210117053719_60049fff36a68.npy,vlisbrasil,606,Paralelo
../dataset/raw_data/vlibrasil/606_Paralelo/20210402043411_606771b3ab499.mp4,20210402043411_606771b3ab499.npy,vlisbrasil,606,Paralelo
../dataset/raw_data/vlibrasil/607_Perfeito/20210117053902_6004a066308fa.mp4,20210117053902_6004a066308fa.npy,vlisbrasil,607,Perfeito
../dataset/raw_data/vlibrasil/607_Perfeito/20210117053902_6004a0663a845.mp4,20210117053902_6004a0663a845.npy,vlisbrasil,607,Perfeito
../dataset/raw_data/vlibrasil/607_Perfeito/20210402070443_606794fb50ab1.mp4,20210402070443_606794fb50ab1.npy,vlisbrasil,607,Perfeito
../dataset/raw_data/vlibrasil/608_Poderoso/20210117053950_6004a096db51a.mp4,20210117053950_6004a096db51a.npy,vlisbrasil,608,Poderoso
../dataset/raw_data/vlibrasil/608_Poderoso/20210117053950_6004a096e54f8.mp4,20210117053950_6004a096e54f8.npy,vlisbrasil,608,Poderoso
../dataset/raw_data/vlibrasil/608_Poderoso/20210402061223_606788b7ee10c.mp4,20210402061223_606788b7ee10c.npy,vlisbrasil,608,Poderoso
../dataset/raw_data/vlibrasil/609_Poema/20210117054027_6004a0bb0ce4a.mp4,20210117054027_6004a0bb0ce4a.npy,vlisbrasil,609,Poema
../dataset/raw_data/vlibrasil/609_Poema/20210117054027_6004a0bb18eaa.mp4,20210117054027_6004a0bb18eaa.npy,vlisbrasil,609,Poema
../dataset/raw_data/vlibrasil/609_Poema/20210402070458_6067950a7169d.mp4,20210402070458_6067950a7169d.npy,vlisbrasil,609,Poema
../dataset/raw_data/vlibrasil/610_Por_favor/20210117054109_6004a0e5dab43.mp4,20210117054109_6004a0e5dab43.npy,vlisbrasil,610,Por favor
../dataset/raw_data/vlibrasil/610_Por_favor/20210117054109_6004a0e5e3fce.mp4,20210117054109_6004a0e5e3fce.npy,vlisbrasil,610,Por favor
../dataset/raw_data/vlibrasil/610_Por_favor/20210623095714_60d3d86ab6635.mp4,20210623095714_60d3d86ab6635.npy,vlisbrasil,610,Por favor
../dataset/raw_data/vlibrasil/611_Preocupação/20210117054142_6004a10666ed5.mp4,20210117054142_6004a10666ed5.npy,vlisbrasil,611,Preocupação
../dataset/raw_data/vlibrasil/611_Preocupação/20210117054142_6004a106727b2.mp4,20210117054142_6004a106727b2.npy,vlisbrasil,611,Preocupação
../dataset/raw_data/vlibrasil/611_Preocupação/20210128063133_60132d3567793.mp4,20210128063133_60132d3567793.npy,vlisbrasil,611,Preocupação
../dataset/raw_data/vlibrasil/612_Rápido/20210117054218_6004a12a8946b.mp4,20210117054218_6004a12a8946b.npy,vlisbrasil,612,Rápido
../dataset/raw_data/vlibrasil/612_Rápido/20210117054218_6004a12a8de35.mp4,20210117054218_6004a12a8de35.npy,vlisbrasil,612,Rápido
../dataset/raw_data/vlibrasil/612_Rápido/20210402093453_6067b82d59e7f.mp4,20210402093453_6067b82d59e7f.npy,vlisbrasil,612,Rápido
../dataset/raw_data/vlibrasil/613_Rede/20210117054241_6004a1416415d.mp4,20210117054241_6004a1416415d.npy,vlisbrasil,613,Rede
../dataset/raw_data/vlibrasil/613_Rede/20210117054241_6004a1416fc32.mp4,20210117054241_6004a1416fc32.npy,vlisbrasil,613,Rede
../dataset/raw_data/vlibrasil/613_Rede/20210402100422_6067bf1687b44.mp4,20210402100422_6067bf1687b44.npy,vlisbrasil,613,Rede
../dataset/raw_data/vlibrasil/614_Seco_árido/20210117054312_6004a160f1a18.mp4,20210117054312_6004a160f1a18.npy,vlisbrasil,614,Seco (árido)
../dataset/raw_data/vlibrasil/614_Seco_árido/20210117054313_6004a16109498.mp4,20210117054313_6004a16109498.npy,vlisbrasil,614,Seco (árido)
../dataset/raw_data/vlibrasil/614_Seco_árido/20210402043459_606771e344cff.mp4,20210402043459_606771e344cff.npy,vlisbrasil,614,Seco (árido)
../dataset/raw_data/vlibrasil/615_Sensível_delicado/20210117054349_6004a1851ed5c.mp4,20210117054349_6004a1851ed5c.npy,vlisbrasil,615,Sensível (delicado)
../dataset/raw_data/vlibrasil/615_Sensível_delicado/20210117054349_6004a1852acb4.mp4,20210117054349_6004a1852acb4.npy,vlisbrasil,615,Sensível (delicado)
../dataset/raw_data/vlibrasil/615_Sensível_delicado/20210402100437_6067bf251c89f.mp4,20210402100437_6067bf251c89f.npy,vlisbrasil,615,Sensível (delicado)
../dataset/raw_data/vlibrasil/617_Sentir/20210117054631_6004a2276fc15.mp4,20210117054631_6004a2276fc15.npy,vlisbrasil,617,Sentir
../dataset/raw_data/vlibrasil/617_Sentir/20210117054631_6004a2277b50d.mp4,20210117054631_6004a2277b50d.npy,vlisbrasil,617,Sentir
../dataset/raw_data/vlibrasil/617_Sentir/20210402100451_6067bf3361959.mp4,20210402100451_6067bf3361959.npy,vlisbrasil,617,Sentir
../dataset/raw_data/vlibrasil/618_Sobrancelha/20210117054712_6004a25060cce.mp4,20210117054712_6004a25060cce.npy,vlisbrasil,618,Sobrancelha
../dataset/raw_data/vlibrasil/618_Sobrancelha/20210117054712_6004a2506d9cc.mp4,20210117054712_6004a2506d9cc.npy,vlisbrasil,618,Sobrancelha
../dataset/raw_data/vlibrasil/618_Sobrancelha/20210402075845_6067a1a5cbc1c.mp4,20210402075845_6067a1a5cbc1c.npy,vlisbrasil,618,Sobrancelha
../dataset/raw_data/vlibrasil/619_Sociedade/20210117054747_6004a273374fa.mp4,20210117054747_6004a273374fa.npy,vlisbrasil,619,Sociedade
../dataset/raw_data/vlibrasil/619_Sociedade/20210117054747_6004a273441c6.mp4,20210117054747_6004a273441c6.npy,vlisbrasil,619,Sociedade
../dataset/raw_data/vlibrasil/619_Sociedade/20210402093529_6067b8515dc12.mp4,20210402093529_6067b8515dc12.npy,vlisbrasil,619,Sociedade
../dataset/raw_data/vlibrasil/620_Soletrar/20210117054825_6004a299a7ba6.mp4,20210117054825_6004a299a7ba6.npy,vlisbrasil,620,Soletrar
../dataset/raw_data/vlibrasil/620_Soletrar/20210117054825_6004a299b40dd.mp4,20210117054825_6004a299b40dd.npy,vlisbrasil,620,Soletrar
../dataset/raw_data/vlibrasil/620_Soletrar/20210402104954_6067c9c22e51a.mp4,20210402104954_6067c9c22e51a.npy,vlisbrasil,620,Soletrar
../dataset/raw_data/vlibrasil/621_Sortudo/20210117054910_6004a2c672fd3.mp4,20210117054910_6004a2c672fd3.npy,vlisbrasil,621,Sortudo
../dataset/raw_data/vlibrasil/621_Sortudo/20210117054910_6004a2c67f7c2.mp4,20210117054910_6004a2c67f7c2.npy,vlisbrasil,621,Sortudo
../dataset/raw_data/vlibrasil/621_Sortudo/20210402100505_6067bf41b89a4.mp4,20210402100505_6067bf41b89a4.npy,vlisbrasil,621,Sortudo
../dataset/raw_data/vlibrasil/622_Suficiente/20210117054947_6004a2eb7b560.mp4,20210117054947_6004a2eb7b560.npy,vlisbrasil,622,Suficiente
../dataset/raw_data/vlibrasil/622_Suficiente/20210117054947_6004a2eb84a98.mp4,20210117054947_6004a2eb84a98.npy,vlisbrasil,622,Suficiente
../dataset/raw_data/vlibrasil/622_Suficiente/20210402061237_606788c50ade9.mp4,20210402061237_606788c50ade9.npy,vlisbrasil,622,Suficiente
../dataset/raw_data/vlibrasil/623_Terminar/20210117055021_6004a30dccaa5.mp4,20210117055021_6004a30dccaa5.npy,vlisbrasil,623,Terminar
../dataset/raw_data/vlibrasil/623_Terminar/20210117055021_6004a30dd82d2.mp4,20210117055021_6004a30dd82d2.npy,vlisbrasil,623,Terminar
../dataset/raw_data/vlibrasil/623_Terminar/20210402105008_6067c9d0a01e1.mp4,20210402105008_6067c9d0a01e1.npy,vlisbrasil,623,Terminar
../dataset/raw_data/vlibrasil/624_Terra_planeta/20210117055104_6004a3384d181.mp4,20210117055104_6004a3384d181.npy,vlisbrasil,624,Terra (planeta)
../dataset/raw_data/vlibrasil/624_Terra_planeta/20210117055104_6004a3385812a.mp4,20210117055104_6004a3385812a.npy,vlisbrasil,624,Terra (planeta)
../dataset/raw_data/vlibrasil/624_Terra_planeta/20210401092150_6065bade81529.mp4,20210401092150_6065bade81529.npy,vlisbrasil,624,Terra (planeta)
../dataset/raw_data/vlibrasil/625_Tintura/20210117055141_6004a35da9cc4.mp4,20210117055141_6004a35da9cc4.npy,vlisbrasil,625,Tintura
../dataset/raw_data/vlibrasil/625_Tintura/20210117055141_6004a35db500d.mp4,20210117055141_6004a35db500d.npy,vlisbrasil,625,Tintura
../dataset/raw_data/vlibrasil/625_Tintura/20210402043531_6067720318587.mp4,20210402043531_6067720318587.npy,vlisbrasil,625,Tintura
../dataset/raw_data/vlibrasil/626_Tirar_proveito/20210117055218_6004a38296940.mp4,20210117055218_6004a38296940.npy,vlisbrasil,626,Tirar proveito
../dataset/raw_data/vlibrasil/626_Tirar_proveito/20210117055218_6004a382a0d3e.mp4,20210117055218_6004a382a0d3e.npy,vlisbrasil,626,Tirar proveito
../dataset/raw_data/vlibrasil/626_Tirar_proveito/20210623100557_60d3da75179f8.mp4,20210623100557_60d3da75179f8.npy,vlisbrasil,626,Tirar proveito
../dataset/raw_data/vlibrasil/627_Todo_dia/20210117055313_6004a3b9b01a7.mp4,20210117055313_6004a3b9b01a7.npy,vlisbrasil,627,Todo dia
../dataset/raw_data/vlibrasil/627_Todo_dia/20210117055313_6004a3b9bd466.mp4,20210117055313_6004a3b9bd466.npy,vlisbrasil,627,Todo dia
../dataset/raw_data/vlibrasil/627_Todo_dia/20210402064022_60678f46153a0.mp4,20210402064022_60678f46153a0.npy,vlisbrasil,627,Todo dia
../dataset/raw_data/vlibrasil/628_Tomar_conta_de/20210117055354_6004a3e2d47a8.mp4,20210117055354_6004a3e2d47a8.npy,vlisbrasil,628,Tomar conta de
../dataset/raw_data/vlibrasil/628_Tomar_conta_de/20210117055354_6004a3e2e0cf5.mp4,20210117055354_6004a3e2e0cf5.npy,vlisbrasil,628,Tomar conta de
../dataset/raw_data/vlibrasil/628_Tomar_conta_de/20210623100615_60d3da879f2bd.mp4,20210623100615_60d3da879f2bd.npy,vlisbrasil,628,Tomar conta de
../dataset/raw_data/vlibrasil/629_Amigo/20210123120917_600c3c1d11f60.mp4,20210123120917_600c3c1d11f60.npy,vlisbrasil,629,Amigo
../dataset/raw_data/vlibrasil/629_Amigo/20210123061357_600c9195833f3.mp4,20210123061357_600c9195833f3.npy,vlisbrasil,629,Amigo
../dataset/raw_data/vlibrasil/629_Amigo/20210329080332_60625cc4420a7.mp4,20210329080332_60625cc4420a7.npy,vlisbrasil,629,Amigo
../dataset/raw_data/vlibrasil/630_Anjo/20210123121000_600c3c4801e62.mp4,20210123121000_600c3c4801e62.npy,vlisbrasil,630,Anjo
../dataset/raw_data/vlibrasil/630_Anjo/20210123061505_600c91d9c4a03.mp4,20210123061505_600c91d9c4a03.npy,vlisbrasil,630,Anjo
../dataset/raw_data/vlibrasil/630_Anjo/20210403072739_6068431b58bf2.mp4,20210403072739_6068431b58bf2.npy,vlisbrasil,630,Anjo
../dataset/raw_data/vlibrasil/631_Balanço/20210123121033_600c3c6957a55.mp4,20210123121033_600c3c6957a55.npy,vlisbrasil,631,Balanço
../dataset/raw_data/vlibrasil/631_Balanço/20210123061804_600c928c15157.mp4,20210123061804_600c928c15157.npy,vlisbrasil,631,Balanço
../dataset/raw_data/vlibrasil/631_Balanço/20210404042750_606a13361f71b.mp4,20210404042750_606a13361f71b.npy,vlisbrasil,631,Balanço
../dataset/raw_data/vlibrasil/632_Barba/20210123121108_600c3c8c75c39.mp4,20210123121108_600c3c8c75c39.npy,vlisbrasil,632,Barba
../dataset/raw_data/vlibrasil/632_Barba/20210123061828_600c92a4a9cc0.mp4,20210123061828_600c92a4a9cc0.npy,vlisbrasil,632,Barba
../dataset/raw_data/vlibrasil/632_Barba/20210404042138_606a11c261c33.mp4,20210404042138_606a11c261c33.npy,vlisbrasil,632,Barba
../dataset/raw_data/vlibrasil/635_Chegar_a_algum_lugar/20210123121249_600c3cf15bd4e.mp4,20210123121249_600c3cf15bd4e.npy,vlisbrasil,635,Chegar a algum lugar
../dataset/raw_data/vlibrasil/635_Chegar_a_algum_lugar/20210505051231_6092fc2fa4a5c.mp4,20210505051231_6092fc2fa4a5c.npy,vlisbrasil,635,Chegar a algum lugar
../dataset/raw_data/vlibrasil/635_Chegar_a_algum_lugar/20210623033813_60d37f959723b.mp4,20210623033813_60d37f959723b.npy,vlisbrasil,635,Chegar a algum lugar
../dataset/raw_data/vlibrasil/637_Cola/20210123121534_600c3d96dca80.mp4,20210123121534_600c3d96dca80.npy,vlisbrasil,637,Cola
../dataset/raw_data/vlibrasil/637_Cola/20210123062626_600c94828c8cf.mp4,20210123062626_600c94828c8cf.npy,vlisbrasil,637,Cola
../dataset/raw_data/vlibrasil/637_Cola/20210407083859_606d99d37946f.mp4,20210407083859_606d99d37946f.npy,vlisbrasil,637,Cola
../dataset/raw_data/vlibrasil/638_Comer_com_faca/20210123121602_600c3db266e30.mp4,20210123121602_600c3db266e30.npy,vlisbrasil,638,Comer com faca
../dataset/raw_data/vlibrasil/638_Comer_com_faca/20210123062716_600c94b48a204.mp4,20210123062716_600c94b48a204.npy,vlisbrasil,638,Comer com faca
../dataset/raw_data/vlibrasil/638_Comer_com_faca/20210404042834_606a1362b00a1.mp4,20210404042834_606a1362b00a1.npy,vlisbrasil,638,Comer com faca
../dataset/raw_data/vlibrasil/639_Congelar/20210123121636_600c3dd45dc80.mp4,20210123121636_600c3dd45dc80.npy,vlisbrasil,639,Congelar
../dataset/raw_data/vlibrasil/639_Congelar/20210404043941_606a15fdc4ad8.mp4,,vlisbrasil,639,Congelar
../dataset/raw_data/vlibrasil/639_Congelar/20210505120742_6092b4be0ecac.mp4,20210505120742_6092b4be0ecac.npy,vlisbrasil,639,Congelar
../dataset/raw_data/vlibrasil/642_Depois_mais_tarde/20210210072944_6023b5989455c.mp4,20210210072944_6023b5989455c.npy,vlisbrasil,642,Depois (mais tarde)
../dataset/raw_data/vlibrasil/642_Depois_mais_tarde/20210404065729_606a364992ce9.mp4,20210404065729_606a364992ce9.npy,vlisbrasil,642,Depois (mais tarde)
../dataset/raw_data/vlibrasil/642_Depois_mais_tarde/20210410080449_6071865157c9b.mp4,20210410080449_6071865157c9b.npy,vlisbrasil,642,Depois (mais tarde)
../dataset/raw_data/vlibrasil/643_Desistir/20210123121829_600c3e45a6204.mp4,20210123121829_600c3e45a6204.npy,vlisbrasil,643,Desistir
../dataset/raw_data/vlibrasil/643_Desistir/20210407084946_606d9c5accea1.mp4,20210407084946_606d9c5accea1.npy,vlisbrasil,643,Desistir
../dataset/raw_data/vlibrasil/643_Desistir/20210505120450_6092b4126f5be.mp4,20210505120450_6092b4126f5be.npy,vlisbrasil,643,Desistir
../dataset/raw_data/vlibrasil/644_Deus/20210123121905_600c3e69c723f.mp4,20210123121905_600c3e69c723f.npy,vlisbrasil,644,Deus
../dataset/raw_data/vlibrasil/644_Deus/20210126071121_601093896c2cd.mp4,20210126071121_601093896c2cd.npy,vlisbrasil,644,Deus
../dataset/raw_data/vlibrasil/644_Deus/20210407085016_606d9c78008e7.mp4,20210407085016_606d9c78008e7.npy,vlisbrasil,644,Deus
../dataset/raw_data/vlibrasil/648_Entrar_em_algo/20210123122310_600c3f5edc8e3.mp4,20210123122310_600c3f5edc8e3.npy,vlisbrasil,648,Entrar em algo
../dataset/raw_data/vlibrasil/648_Entrar_em_algo/20210123063623_600c96d71a5d8.mp4,20210123063623_600c96d71a5d8.npy,vlisbrasil,648,Entrar em algo
../dataset/raw_data/vlibrasil/648_Entrar_em_algo/20210407085357_606d9d55730e2.mp4,20210407085357_606d9d55730e2.npy,vlisbrasil,648,Entrar em algo
../dataset/raw_data/vlibrasil/649_Esquecer/20210123122432_600c3fb0e2d3e.mp4,20210123122432_600c3fb0e2d3e.npy,vlisbrasil,649,Esquecer
../dataset/raw_data/vlibrasil/649_Esquecer/20210123063729_600c971941076.mp4,20210123063729_600c971941076.npy,vlisbrasil,649,Esquecer
../dataset/raw_data/vlibrasil/649_Esquecer/20210404042235_606a11fbd5e75.mp4,20210404042235_606a11fbd5e75.npy,vlisbrasil,649,Esquecer
../dataset/raw_data/vlibrasil/650_Falhar/20210123122509_600c3fd5e96db.mp4,20210123122509_600c3fd5e96db.npy,vlisbrasil,650,Falhar
../dataset/raw_data/vlibrasil/650_Falhar/20210403072832_60684350388c4.mp4,20210403072832_60684350388c4.npy,vlisbrasil,650,Falhar
../dataset/raw_data/vlibrasil/650_Falhar/20210505025007_6092dacf500db.mp4,20210505025007_6092dacf500db.npy,vlisbrasil,650,Falhar
../dataset/raw_data/vlibrasil/651_Fantasma/20210123122537_600c3ff15a384.mp4,20210123122537_600c3ff15a384.npy,vlisbrasil,651,Fantasma
../dataset/raw_data/vlibrasil/651_Fantasma/20210123063832_600c9758b0fd9.mp4,20210123063832_600c9758b0fd9.npy,vlisbrasil,651,Fantasma
../dataset/raw_data/vlibrasil/651_Fantasma/20210623041919_60d38937da064.mp4,20210623041919_60d38937da064.npy,vlisbrasil,651,Fantasma
../dataset/raw_data/vlibrasil/652_Filmadora/20210123122601_600c400917c47.mp4,20210123122601_600c400917c47.npy,vlisbrasil,652,Filmadora
../dataset/raw_data/vlibrasil/652_Filmadora/20210123063857_600c9771a6cd1.mp4,20210123063857_600c9771a6cd1.npy,vlisbrasil,652,Filmadora
../dataset/raw_data/vlibrasil/652_Filmadora/20210402104835_6067c973c34b1.mp4,20210402104835_6067c973c34b1.npy,vlisbrasil,652,Filmadora
../dataset/raw_data/vlibrasil/653_Flauta/20210123122624_600c40208e557.mp4,20210123122624_600c40208e557.npy,vlisbrasil,653,Flauta
../dataset/raw_data/vlibrasil/653_Flauta/20210123063943_600c979ff4096.mp4,20210123063943_600c979ff4096.npy,vlisbrasil,653,Flauta
../dataset/raw_data/vlibrasil/653_Flauta/20210403072852_606843642f6b6.mp4,20210403072852_606843642f6b6.npy,vlisbrasil,653,Flauta
../dataset/raw_data/vlibrasil/655_Fonte_de_água/20210123122737_600c4069660cf.mp4,20210123122737_600c4069660cf.npy,vlisbrasil,655,Fonte de água
../dataset/raw_data/vlibrasil/655_Fonte_de_água/20210210073214_6023b62ec41d4.mp4,20210210073214_6023b62ec41d4.npy,vlisbrasil,655,Fonte de água
../dataset/raw_data/vlibrasil/655_Fonte_de_água/20210623042247_60d38a0720366.mp4,20210623042247_60d38a0720366.npy,vlisbrasil,655,Fonte de água
../dataset/raw_data/vlibrasil/658_Fruta/20210123122928_600c40d84c84f.mp4,20210123122928_600c40d84c84f.npy,vlisbrasil,658,Fruta
../dataset/raw_data/vlibrasil/658_Fruta/20210123064158_600c982658ad9.mp4,20210123064158_600c982658ad9.npy,vlisbrasil,658,Fruta
../dataset/raw_data/vlibrasil/658_Fruta/20210404045618_606a19e277789.mp4,20210404045618_606a19e277789.npy,vlisbrasil,658,Fruta
../dataset/raw_data/vlibrasil/661_Funeral/20210123123049_600c412951136.mp4,20210123123049_600c412951136.npy,vlisbrasil,661,Funeral
../dataset/raw_data/vlibrasil/661_Funeral/20210123064244_600c9854f0b2a.mp4,20210123064244_600c9854f0b2a.npy,vlisbrasil,661,Funeral
../dataset/raw_data/vlibrasil/661_Funeral/20210623042311_60d38a1f6521c.mp4,20210623042311_60d38a1f6521c.npy,vlisbrasil,661,Funeral
../dataset/raw_data/vlibrasil/662_Futuro/20210123123116_600c41442b626.mp4,20210123123116_600c41442b626.npy,vlisbrasil,662,Futuro
../dataset/raw_data/vlibrasil/662_Futuro/20210123064308_600c986cbe71e.mp4,20210123064308_600c986cbe71e.npy,vlisbrasil,662,Futuro
../dataset/raw_data/vlibrasil/662_Futuro/20210407085656_606d9e081ed86.mp4,20210407085656_606d9e081ed86.npy,vlisbrasil,662,Futuro
../dataset/raw_data/vlibrasil/663_Garagem/20210123123138_600c415a2cf1f.mp4,20210123123138_600c415a2cf1f.npy,vlisbrasil,663,Garagem
../dataset/raw_data/vlibrasil/663_Garagem/20210123064330_600c988248e72.mp4,20210123064330_600c988248e72.npy,vlisbrasil,663,Garagem
../dataset/raw_data/vlibrasil/663_Garagem/20210407085716_606d9e1c5463a.mp4,20210407085716_606d9e1c5463a.npy,vlisbrasil,663,Garagem
../dataset/raw_data/vlibrasil/664_Garfo/20210123123202_600c417238067.mp4,20210123123202_600c417238067.npy,vlisbrasil,664,Garfo
../dataset/raw_data/vlibrasil/664_Garfo/20210123064356_600c989c79aca.mp4,20210123064356_600c989c79aca.npy,vlisbrasil,664,Garfo
../dataset/raw_data/vlibrasil/664_Garfo/20210404042252_606a120c1bc6c.mp4,20210404042252_606a120c1bc6c.npy,vlisbrasil,664,Garfo
../dataset/raw_data/vlibrasil/665_Gay/20210123123221_600c4185cae53.mp4,20210123123221_600c4185cae53.npy,vlisbrasil,665,Gay
../dataset/raw_data/vlibrasil/665_Gay/20210123064418_600c98b273775.mp4,20210123064418_600c98b273775.npy,vlisbrasil,665,Gay
../dataset/raw_data/vlibrasil/665_Gay/20210407085716_606d9e1c93e29.mp4,20210407085716_606d9e1c93e29.npy,vlisbrasil,665,Gay
../dataset/raw_data/vlibrasil/667_Golfe/20210123123316_600c41bced857.mp4,20210123123316_600c41bced857.npy,vlisbrasil,667,Golfe
../dataset/raw_data/vlibrasil/667_Golfe/20210123064501_600c98dd1ab67.mp4,20210123064501_600c98dd1ab67.npy,vlisbrasil,667,Golfe
../dataset/raw_data/vlibrasil/667_Golfe/20210623042633_60d38ae9a0edf.mp4,20210623042633_60d38ae9a0edf.npy,vlisbrasil,667,Golfe
../dataset/raw_data/vlibrasil/669_Independente/20210123123404_600c41ec03124.mp4,20210123123404_600c41ec03124.npy,vlisbrasil,669,Independente
../dataset/raw_data/vlibrasil/669_Independente/20210123065017_600c9a19eab8b.mp4,20210123065017_600c9a19eab8b.npy,vlisbrasil,669,Independente
../dataset/raw_data/vlibrasil/669_Independente/20210404042304_606a1218dd1b6.mp4,20210404042304_606a1218dd1b6.npy,vlisbrasil,669,Independente
../dataset/raw_data/vlibrasil/670_Bronzeamento/20210210030858_6024213a5a56f.mp4,20210210030858_6024213a5a56f.npy,vlisbrasil,670,Bronzeamento
../dataset/raw_data/vlibrasil/670_Bronzeamento/20210505120723_6092b4abafa3b.mp4,20210505120723_6092b4abafa3b.npy,vlisbrasil,670,Bronzeamento
../dataset/raw_data/vlibrasil/670_Bronzeamento/20210613113544_60c617c01011b.mp4,20210613113544_60c617c01011b.npy,vlisbrasil,670,Bronzeamento
../dataset/raw_data/vlibrasil/672_Letra_G/20210123123539_600c424bbbb93.mp4,20210123123539_600c424bbbb93.npy,vlisbrasil,672,Letra G
../dataset/raw_data/vlibrasil/672_Letra_G/20210123065239_600c9aa71513e.mp4,20210123065239_600c9aa71513e.npy,vlisbrasil,672,Letra G
../dataset/raw_data/vlibrasil/672_Letra_G/20210407090937_606da1014b4f7.mp4,20210407090937_606da1014b4f7.npy,vlisbrasil,672,Letra G
../dataset/raw_data/vlibrasil/673_Livre/20210123123608_600c42683bce3.mp4,20210123123608_600c42683bce3.npy,vlisbrasil,673,Livre
../dataset/raw_data/vlibrasil/673_Livre/20210123065348_600c9aecbd39f.mp4,20210123065348_600c9aecbd39f.npy,vlisbrasil,673,Livre
../dataset/raw_data/vlibrasil/673_Livre/20210404042338_606a123acfe4f.mp4,20210404042338_606a123acfe4f.npy,vlisbrasil,673,Livre
../dataset/raw_data/vlibrasil/674_Lobo/20210123123629_600c427d37bb6.mp4,20210123123629_600c427d37bb6.npy,vlisbrasil,674,Lobo
../dataset/raw_data/vlibrasil/674_Lobo/20210123065412_600c9b048acd6.mp4,20210123065412_600c9b048acd6.npy,vlisbrasil,674,Lobo
../dataset/raw_data/vlibrasil/674_Lobo/20210808033622_61102426a5efc.mp4,20210808033622_61102426a5efc.npy,vlisbrasil,674,Lobo
../dataset/raw_data/vlibrasil/675_Luvas/20210123123704_600c42a0cfb1e.mp4,20210123123704_600c42a0cfb1e.npy,vlisbrasil,675,Luvas
../dataset/raw_data/vlibrasil/675_Luvas/20210123065502_600c9b362e8c9.mp4,20210123065502_600c9b362e8c9.npy,vlisbrasil,675,Luvas
../dataset/raw_data/vlibrasil/675_Luvas/20210407091144_606da1807f13a.mp4,20210407091144_606da1807f13a.npy,vlisbrasil,675,Luvas
../dataset/raw_data/vlibrasil/676_Melhor_amigo/20210123123727_600c42b73b47d.mp4,20210123123727_600c42b73b47d.npy,vlisbrasil,676,Melhor amigo
../dataset/raw_data/vlibrasil/676_Melhor_amigo/20210123065851_600c9c1b4a6ac.mp4,20210123065851_600c9c1b4a6ac.npy,vlisbrasil,676,Melhor amigo
../dataset/raw_data/vlibrasil/676_Melhor_amigo/20210404043815_606a15a7a5217.mp4,20210404043815_606a15a7a5217.npy,vlisbrasil,676,Melhor amigo
../dataset/raw_data/vlibrasil/677_Objetivo/20210123123825_600c42f19c44f.mp4,20210123123825_600c42f19c44f.npy,vlisbrasil,677,Objetivo
../dataset/raw_data/vlibrasil/677_Objetivo/20210123070045_600c9c8d18efc.mp4,20210123070045_600c9c8d18efc.npy,vlisbrasil,677,Objetivo
../dataset/raw_data/vlibrasil/677_Objetivo/20210407095253_606dab2572dbb.mp4,20210407095253_606dab2572dbb.npy,vlisbrasil,677,Objetivo
../dataset/raw_data/vlibrasil/679_Passo/20210123123912_600c43205ce6f.mp4,20210123123912_600c43205ce6f.npy,vlisbrasil,679,Passo
../dataset/raw_data/vlibrasil/679_Passo/20210123070245_600c9d059a250.mp4,20210123070245_600c9d059a250.npy,vlisbrasil,679,Passo
../dataset/raw_data/vlibrasil/679_Passo/20210404042353_606a12490c0c9.mp4,20210404042353_606a12490c0c9.npy,vlisbrasil,679,Passo
../dataset/raw_data/vlibrasil/681_Presente/20210123123959_600c434f93ca9.mp4,20210123123959_600c434f93ca9.npy,vlisbrasil,681,Presente
../dataset/raw_data/vlibrasil/681_Presente/20210123070522_600c9da22d389.mp4,20210123070522_600c9da22d389.npy,vlisbrasil,681,Presente
../dataset/raw_data/vlibrasil/681_Presente/20210407095542_606dabcecb81c.mp4,20210407095542_606dabcecb81c.npy,vlisbrasil,681,Presente
../dataset/raw_data/vlibrasil/683_Raposa/20210123124044_600c437cb8a13.mp4,20210123124044_600c437cb8a13.npy,vlisbrasil,683,Raposa
../dataset/raw_data/vlibrasil/683_Raposa/20210123070714_600c9e126a625.mp4,20210123070714_600c9e126a625.npy,vlisbrasil,683,Raposa
../dataset/raw_data/vlibrasil/683_Raposa/20210623100004_60d3d914edadc.mp4,20210623100004_60d3d914edadc.npy,vlisbrasil,683,Raposa
../dataset/raw_data/vlibrasil/685_Reprovado/20210123124132_600c43acddb7a.mp4,20210123124132_600c43acddb7a.npy,vlisbrasil,685,Reprovado
../dataset/raw_data/vlibrasil/685_Reprovado/20210123070800_600c9e401470e.mp4,20210123070800_600c9e401470e.npy,vlisbrasil,685,Reprovado
../dataset/raw_data/vlibrasil/685_Reprovado/20210403073016_606843b8700ea.mp4,20210403073016_606843b8700ea.npy,vlisbrasil,685,Reprovado
../dataset/raw_data/vlibrasil/686_Risadinha/20210123124154_600c43c2bb24e.mp4,20210123124154_600c43c2bb24e.npy,vlisbrasil,686,Risadinha
../dataset/raw_data/vlibrasil/686_Risadinha/20210123070917_600c9e8d3649d.mp4,20210123070917_600c9e8d3649d.npy,vlisbrasil,686,Risadinha
../dataset/raw_data/vlibrasil/686_Risadinha/20210410080905_60718751563f2.mp4,20210410080905_60718751563f2.npy,vlisbrasil,686,Risadinha
../dataset/raw_data/vlibrasil/687_Sarampo/20210123124226_600c43e2459a3.mp4,20210123124226_600c43e2459a3.npy,vlisbrasil,687,Sarampo
../dataset/raw_data/vlibrasil/687_Sarampo/20210124085515_600e08e34c97e.mp4,20210124085515_600e08e34c97e.npy,vlisbrasil,687,Sarampo
../dataset/raw_data/vlibrasil/687_Sarampo/20210404042410_606a125a7af00.mp4,20210404042410_606a125a7af00.npy,vlisbrasil,687,Sarampo
../dataset/raw_data/vlibrasil/688_Sarda/20210123124250_600c43fa1e197.mp4,20210123124250_600c43fa1e197.npy,vlisbrasil,688,Sarda
../dataset/raw_data/vlibrasil/688_Sarda/20210124085546_600e0902da240.mp4,20210124085546_600e0902da240.npy,vlisbrasil,688,Sarda
../dataset/raw_data/vlibrasil/688_Sarda/20210404042428_606a126c53bfd.mp4,20210404042428_606a126c53bfd.npy,vlisbrasil,688,Sarda
../dataset/raw_data/vlibrasil/689_Se_foi_já_era/20210123124314_600c4412364ec.mp4,20210123124314_600c4412364ec.npy,vlisbrasil,689,Se foi (já era)
../dataset/raw_data/vlibrasil/689_Se_foi_já_era/20210410081022_6071879e94f03.mp4,20210410081022_6071879e94f03.npy,vlisbrasil,689,Se foi (já era)
../dataset/raw_data/vlibrasil/689_Se_foi_já_era/20210505051615_6092fd0ff2adb.mp4,20210505051615_6092fd0ff2adb.npy,vlisbrasil,689,Se foi (já era)
../dataset/raw_data/vlibrasil/692_Sextafeira/20210123124433_600c4461a1277.mp4,20210123124433_600c4461a1277.npy,vlisbrasil,692,Sexta-feira
../dataset/raw_data/vlibrasil/692_Sextafeira/20210124085650_600e0942d74f5.mp4,20210124085650_600e0942d74f5.npy,vlisbrasil,692,Sexta-feira
../dataset/raw_data/vlibrasil/692_Sextafeira/20210404044238_606a16ae270e3.mp4,20210404044238_606a16ae270e3.npy,vlisbrasil,692,Sexta-feira
../dataset/raw_data/vlibrasil/693_Soco/20210123124455_600c447716be4.mp4,20210123124455_600c447716be4.npy,vlisbrasil,693,Soco
../dataset/raw_data/vlibrasil/693_Soco/20210124085719_600e095f06efe.mp4,20210124085719_600e095f06efe.npy,vlisbrasil,693,Soco
../dataset/raw_data/vlibrasil/693_Soco/20210402104934_6067c9ae901a4.mp4,20210402104934_6067c9ae901a4.npy,vlisbrasil,693,Soco
../dataset/raw_data/vlibrasil/694_Solto/20210123124518_600c448e4d635.mp4,20210123124518_600c448e4d635.npy,vlisbrasil,694,Solto
../dataset/raw_data/vlibrasil/694_Solto/20210124085749_600e097d2f283.mp4,20210124085749_600e097d2f283.npy,vlisbrasil,694,Solto
../dataset/raw_data/vlibrasil/694_Solto/20210403073032_606843c8e5e82.mp4,20210403073032_606843c8e5e82.npy,vlisbrasil,694,Solto
../dataset/raw_data/vlibrasil/695_Testa/20210123124544_600c44a83bf46.mp4,20210123124544_600c44a83bf46.npy,vlisbrasil,695,Testa
../dataset/raw_data/vlibrasil/695_Testa/20210124085928_600e09e07c214.mp4,20210124085928_600e09e07c214.npy,vlisbrasil,695,Testa
../dataset/raw_data/vlibrasil/695_Testa/20210808033653_6110244556579.mp4,20210808033653_6110244556579.npy,vlisbrasil,695,Testa
../dataset/raw_data/vlibrasil/697_Vai/20210123124625_600c44d12e935.mp4,20210123124625_600c44d12e935.npy,vlisbrasil,697,Vai
../dataset/raw_data/vlibrasil/697_Vai/20210124090252_600e0aac3a550.mp4,20210124090252_600e0aac3a550.npy,vlisbrasil,697,Vai
../dataset/raw_data/vlibrasil/697_Vai/20210410081325_60718855dbbca.mp4,20210410081325_60718855dbbca.npy,vlisbrasil,697,Vai
../dataset/raw_data/vlibrasil/699_Academia/20210123052640_600c868082968.mp4,20210123052640_600c868082968.npy,vlisbrasil,699,Academia
../dataset/raw_data/vlibrasil/699_Academia/20210331110654_606481fe03b25.mp4,20210331110654_606481fe03b25.npy,vlisbrasil,699,Academia
../dataset/raw_data/vlibrasil/699_Academia/20210929043349_6154bf9d1bdf1.mp4,20210929043349_6154bf9d1bdf1.npy,vlisbrasil,699,Academia
../dataset/raw_data/vlibrasil/700_Advertir/20210331112410_6064860ab479a.mp4,20210331112410_6064860ab479a.npy,vlisbrasil,700,Advertir
../dataset/raw_data/vlibrasil/700_Advertir/20210501071100_608d293422d3b.mp4,20210501071100_608d293422d3b.npy,vlisbrasil,700,Advertir
../dataset/raw_data/vlibrasil/700_Advertir/20210929043605_6154c025ed4d9.mp4,20210929043605_6154c025ed4d9.npy,vlisbrasil,700,Advertir
../dataset/raw_data/vlibrasil/701_Andorinha/20210128033507_601303db89119.mp4,20210128033507_601303db89119.npy,vlisbrasil,701,Andorinha
../dataset/raw_data/vlibrasil/701_Andorinha/20210501073429_608d2eb5ed90f.mp4,20210501073429_608d2eb5ed90f.npy,vlisbrasil,701,Andorinha
../dataset/raw_data/vlibrasil/701_Andorinha/20210929044131_6154c16bbe910.mp4,20210929044131_6154c16bbe910.npy,vlisbrasil,701,Andorinha
../dataset/raw_data/vlibrasil/702_Com_sede/20210128033828_601304a4d8e3c.mp4,20210128033828_601304a4d8e3c.npy,vlisbrasil,702,Com sede
../dataset/raw_data/vlibrasil/702_Com_sede/20210501073719_608d2f5f7c68c.mp4,20210501073719_608d2f5f7c68c.npy,vlisbrasil,702,Com sede
../dataset/raw_data/vlibrasil/702_Com_sede/20210621054240_60d0f9c0834c6.mp4,20210621054240_60d0f9c0834c6.npy,vlisbrasil,702,Com sede
../dataset/raw_data/vlibrasil/703_Convocar/20210128033911_601304cfb5bc1.mp4,20210128033911_601304cfb5bc1.npy,vlisbrasil,703,Convocar
../dataset/raw_data/vlibrasil/703_Convocar/20210501071538_608d2a4a9d40b.mp4,20210501071538_608d2a4a9d40b.npy,vlisbrasil,703,Convocar
../dataset/raw_data/vlibrasil/703_Convocar/20210613125546_60c62a82e083d.mp4,20210613125546_60c62a82e083d.npy,vlisbrasil,703,Convocar
../dataset/raw_data/vlibrasil/705_Fascinar/20210501074124_608d30544c7f8.mp4,20210501074124_608d30544c7f8.npy,vlisbrasil,705,Fascinar
../dataset/raw_data/vlibrasil/705_Fascinar/20210616022725_60ca347d65d02.mp4,20210616022725_60ca347d65d02.npy,vlisbrasil,705,Fascinar
../dataset/raw_data/vlibrasil/705_Fascinar/20210623041947_60d389538ec44.mp4,20210623041947_60d389538ec44.npy,vlisbrasil,705,Fascinar
../dataset/raw_data/vlibrasil/706_História/20210123064641_600c9941c9624.mp4,20210123064641_600c9941c9624.npy,vlisbrasil,706,História
../dataset/raw_data/vlibrasil/706_História/20210128034854_601307169a29a.mp4,20210128034854_601307169a29a.npy,vlisbrasil,706,História
../dataset/raw_data/vlibrasil/706_História/20210617084755_60cb366b9f80b.mp4,20210617084755_60cb366b9f80b.npy,vlisbrasil,706,História
../dataset/raw_data/vlibrasil/707_Luz_do_sol/20210123055533_600c8d45bb557.mp4,20210123055533_600c8d45bb557.npy,vlisbrasil,707,Luz do sol
../dataset/raw_data/vlibrasil/707_Luz_do_sol/20210128035644_601308ecc233b.mp4,20210128035644_601308ecc233b.npy,vlisbrasil,707,Luz do sol
../dataset/raw_data/vlibrasil/707_Luz_do_sol/20210617051218_60cbaca2945ff.mp4,20210617051218_60cbaca2945ff.npy,vlisbrasil,707,Luz do sol
../dataset/raw_data/vlibrasil/708_Nascer_do_sol/20210123055559_600c8d5f69dfa.mp4,20210123055559_600c8d5f69dfa.npy,vlisbrasil,708,Nascer do sol
../dataset/raw_data/vlibrasil/708_Nascer_do_sol/20210128035833_60130959b58d6.mp4,20210128035833_60130959b58d6.npy,vlisbrasil,708,Nascer do sol
../dataset/raw_data/vlibrasil/708_Nascer_do_sol/20210618032414_60cce4ce5d8da.mp4,20210618032414_60cce4ce5d8da.npy,vlisbrasil,708,Nascer do sol
../dataset/raw_data/vlibrasil/709_Nativo/20210123055625_600c8d79daeab.mp4,20210123055625_600c8d79daeab.npy,vlisbrasil,709,Nativo
../dataset/raw_data/vlibrasil/709_Nativo/20210211123821_60254f6d181e5.mp4,20210211123821_60254f6d181e5.npy,vlisbrasil,709,Nativo
../dataset/raw_data/vlibrasil/709_Nativo/20210618032428_60cce4dc9aa9f.mp4,20210618032428_60cce4dc9aa9f.npy,vlisbrasil,709,Nativo
../dataset/raw_data/vlibrasil/710_Pôr_do_sol/20210123055655_600c8d97ce9d9.mp4,20210123055655_600c8d97ce9d9.npy,vlisbrasil,710,Pôr do sol
../dataset/raw_data/vlibrasil/710_Pôr_do_sol/20210128040121_60130a01ab662.mp4,20210128040121_60130a01ab662.npy,vlisbrasil,710,Pôr do sol
../dataset/raw_data/vlibrasil/710_Pôr_do_sol/20210605032803_60bbc23332543.mp4,20210605032803_60bbc23332543.npy,vlisbrasil,710,Pôr do sol
../dataset/raw_data/vlibrasil/711_Queda_de_energia/20210123055722_600c8db2b9c9c.mp4,20210123055722_600c8db2b9c9c.npy,vlisbrasil,711,Queda de energia
../dataset/raw_data/vlibrasil/711_Queda_de_energia/20210128040314_60130a7237475.mp4,20210128040314_60130a7237475.npy,vlisbrasil,711,Queda de energia
../dataset/raw_data/vlibrasil/711_Queda_de_energia/20210605035314_60bbc81a18578.mp4,20210605035314_60bbc81a18578.npy,vlisbrasil,711,Queda de energia
../dataset/raw_data/vlibrasil/712_Resumir/20210123055745_600c8dc98be85.mp4,20210123055745_600c8dc98be85.npy,vlisbrasil,712,Resumir
../dataset/raw_data/vlibrasil/712_Resumir/20210128040437_60130ac545c49.mp4,20210128040437_60130ac545c49.npy,vlisbrasil,712,Resumir
../dataset/raw_data/vlibrasil/712_Resumir/20210609100056_60c16448f2041.mp4,20210609100056_60c16448f2041.npy,vlisbrasil,712,Resumir
../dataset/raw_data/vlibrasil/713_Se/20210123055816_600c8de8c1dee.mp4,20210123055816_600c8de8c1dee.npy,vlisbrasil,713,Se
../dataset/raw_data/vlibrasil/713_Se/20210202055612_6019bc6c63d0f.mp4,20210202055612_6019bc6c63d0f.npy,vlisbrasil,713,Se
../dataset/raw_data/vlibrasil/713_Se/20210610042224_60c26670284b8.mp4,20210610042224_60c26670284b8.npy,vlisbrasil,713,Se
../dataset/raw_data/vlibrasil/714_Sol/20210123055839_600c8dffe1740.mp4,20210123055839_600c8dffe1740.npy,vlisbrasil,714,Sol
../dataset/raw_data/vlibrasil/714_Sol/20210128040643_60130b434a1fe.mp4,20210128040643_60130b434a1fe.npy,vlisbrasil,714,Sol
../dataset/raw_data/vlibrasil/714_Sol/20210621054607_60d0fa8f1d7e8.mp4,20210621054607_60d0fa8f1d7e8.npy,vlisbrasil,714,Sol
../dataset/raw_data/vlibrasil/715_Suor/20210123055900_600c8e14d1b70.mp4,20210123055900_600c8e14d1b70.npy,vlisbrasil,715,Suor
../dataset/raw_data/vlibrasil/715_Suor/20210128040748_60130b84a20d4.mp4,20210128040748_60130b84a20d4.npy,vlisbrasil,715,Suor
../dataset/raw_data/vlibrasil/715_Suor/20210621043830_60d0eab636a98.mp4,20210621043830_60d0eab636a98.npy,vlisbrasil,715,Suor
../dataset/raw_data/vlibrasil/716_Superficie_lisa/20210123055924_600c8e2c3d9cc.mp4,20210123055924_600c8e2c3d9cc.npy,vlisbrasil,716,Superficie lisa
../dataset/raw_data/vlibrasil/716_Superficie_lisa/20210621054746_60d0faf256a48.mp4,20210621054746_60d0faf256a48.npy,vlisbrasil,716,Superficie lisa
../dataset/raw_data/vlibrasil/716_Superficie_lisa/20210623100420_60d3da1453242.mp4,20210623100420_60d3da1453242.npy,vlisbrasil,716,Superficie lisa
../dataset/raw_data/vlibrasil/717_Superfície_plana/20210210072311_6023b40f7ceac.mp4,20210210072311_6023b40f7ceac.npy,vlisbrasil,717,Superfície plana
../dataset/raw_data/vlibrasil/717_Superfície_plana/20210621043855_60d0eacf9619e.mp4,20210621043855_60d0eacf9619e.npy,vlisbrasil,717,Superfície plana
../dataset/raw_data/vlibrasil/717_Superfície_plana/20210623100443_60d3da2bc33d3.mp4,20210623100443_60d3da2bc33d3.npy,vlisbrasil,717,Superfície plana
../dataset/raw_data/vlibrasil/718_Suspeito/20210123060014_600c8e5e00084.mp4,20210123060014_600c8e5e00084.npy,vlisbrasil,718,Suspeito
../dataset/raw_data/vlibrasil/718_Suspeito/20210621043916_60d0eae4d6312.mp4,20210621043916_60d0eae4d6312.npy,vlisbrasil,718,Suspeito
../dataset/raw_data/vlibrasil/718_Suspeito/20210623100502_60d3da3e8a532.mp4,20210623100502_60d3da3e8a532.npy,vlisbrasil,718,Suspeito
../dataset/raw_data/vlibrasil/719_Verão/20210123060041_600c8e79060d5.mp4,20210123060041_600c8e79060d5.npy,vlisbrasil,719,Verão
../dataset/raw_data/vlibrasil/719_Verão/20210621053927_60d0f8ffc701a.mp4,20210621053927_60d0f8ffc701a.npy,vlisbrasil,719,Verão
../dataset/raw_data/vlibrasil/719_Verão/20210623100810_60d3dafa0f66d.mp4,20210623100810_60d3dafa0f66d.npy,vlisbrasil,719,Verão
../dataset/raw_data/vlibrasil/721_Acontecer/20210123060803_600c903365fbf.mp4,20210123060803_600c903365fbf.npy,vlisbrasil,721,Acontecer
../dataset/raw_data/vlibrasil/721_Acontecer/20210331111458_606483e2344ac.mp4,20210331111458_606483e2344ac.npy,vlisbrasil,721,Acontecer
../dataset/raw_data/vlibrasil/721_Acontecer/20210929043448_6154bfd82807a.mp4,20210929043448_6154bfd82807a.npy,vlisbrasil,721,Acontecer
../dataset/raw_data/vlibrasil/722_Espere/20210209070309_6023069d0981c.mp4,20210209070309_6023069d0981c.npy,vlisbrasil,722,Espere
../dataset/raw_data/vlibrasil/722_Espere/20210329010416_6061fa8052a6c.mp4,20210329010416_6061fa8052a6c.npy,vlisbrasil,722,Espere
../dataset/raw_data/vlibrasil/722_Espere/20210616021601_60ca31d1e7fe1.mp4,20210616021601_60ca31d1e7fe1.npy,vlisbrasil,722,Espere
../dataset/raw_data/vlibrasil/723_Alto/20210123061217_600c91316c94a.mp4,20210123061217_600c91316c94a.npy,vlisbrasil,723,Alto
../dataset/raw_data/vlibrasil/723_Alto/20210210111827_6023eb330c927.mp4,20210210111827_6023eb330c927.npy,vlisbrasil,723,Alto
../dataset/raw_data/vlibrasil/723_Alto/20210621054159_60d0f997cc269.mp4,20210621054159_60d0f997cc269.npy,vlisbrasil,723,Alto
../dataset/raw_data/vlibrasil/724_Altura/20210123061322_600c917244703.mp4,20210123061322_600c917244703.npy,vlisbrasil,724,Altura
../dataset/raw_data/vlibrasil/724_Altura/20210128094134_601359be58a5e.mp4,20210128094134_601359be58a5e.npy,vlisbrasil,724,Altura
../dataset/raw_data/vlibrasil/724_Altura/20210929044001_6154c1111bf0b.mp4,20210929044001_6154c1111bf0b.npy,vlisbrasil,724,Altura
../dataset/raw_data/vlibrasil/725_Animal/20210123061441_600c91c11fc9e.mp4,20210123061441_600c91c11fc9e.npy,vlisbrasil,725,Animal
../dataset/raw_data/vlibrasil/725_Animal/20210329080410_60625cea282f1.mp4,20210329080410_60625cea282f1.npy,vlisbrasil,725,Animal
../dataset/raw_data/vlibrasil/725_Animal/20210929044222_6154c19e1b43f.mp4,20210929044222_6154c19e1b43f.npy,vlisbrasil,725,Animal
../dataset/raw_data/vlibrasil/726_Aparelho_auditivo/20210123061532_600c91f46521c.mp4,20210123061532_600c91f46521c.npy,vlisbrasil,726,Aparelho auditivo
../dataset/raw_data/vlibrasil/726_Aparelho_auditivo/20210329080524_60625d3480d93.mp4,20210329080524_60625d3480d93.npy,vlisbrasil,726,Aparelho auditivo
../dataset/raw_data/vlibrasil/726_Aparelho_auditivo/20210929044441_6154c229a276a.mp4,20210929044441_6154c229a276a.npy,vlisbrasil,726,Aparelho auditivo
../dataset/raw_data/vlibrasil/727_Arma_de_fogo/20210123061558_600c920eecaa0.mp4,20210123061558_600c920eecaa0.npy,vlisbrasil,727,Arma de fogo
../dataset/raw_data/vlibrasil/727_Arma_de_fogo/20210329080829_60625dedeb5e0.mp4,20210329080829_60625dedeb5e0.npy,vlisbrasil,727,Arma de fogo
../dataset/raw_data/vlibrasil/727_Arma_de_fogo/20210611044847_60c3be1f35c02.mp4,20210611044847_60c3be1f35c02.npy,vlisbrasil,727,Arma de fogo
../dataset/raw_data/vlibrasil/728_Avó/20210123061706_600c9252d1b0b.mp4,20210123061706_600c9252d1b0b.npy,vlisbrasil,728,Avó
../dataset/raw_data/vlibrasil/728_Avó/20210407082414_606d965ed3e17.mp4,20210407082414_606d965ed3e17.npy,vlisbrasil,728,Avó
../dataset/raw_data/vlibrasil/728_Avó/20210611045348_60c3bf4cd97e0.mp4,20210611045348_60c3bf4cd97e0.npy,vlisbrasil,728,Avó
../dataset/raw_data/vlibrasil/729_Avô/20210123061737_600c927127337.mp4,20210123061737_600c927127337.npy,vlisbrasil,729,Avô
../dataset/raw_data/vlibrasil/729_Avô/20210407082427_606d966b943b9.mp4,20210407082427_606d966b943b9.npy,vlisbrasil,729,Avô
../dataset/raw_data/vlibrasil/729_Avô/20210611045413_60c3bf65bd793.mp4,20210611045413_60c3bf65bd793.npy,vlisbrasil,729,Avô
../dataset/raw_data/vlibrasil/730_Bode/20210123061850_600c92ba8ceff.mp4,20210123061850_600c92ba8ceff.npy,vlisbrasil,730,Bode
../dataset/raw_data/vlibrasil/730_Bode/20210407082527_606d96a71ff73.mp4,20210407082527_606d96a71ff73.npy,vlisbrasil,730,Bode
../dataset/raw_data/vlibrasil/730_Bode/20210611050222_60c3c14e7a9a3.mp4,20210611050222_60c3c14e7a9a3.npy,vlisbrasil,730,Bode
../dataset/raw_data/vlibrasil/731_Bombeiro/20210123061921_600c92d9768f9.mp4,20210123061921_600c92d9768f9.npy,vlisbrasil,731,Bombeiro
../dataset/raw_data/vlibrasil/731_Bombeiro/20210209060547_6022f92b4a195.mp4,20210209060547_6022f92b4a195.npy,vlisbrasil,731,Bombeiro
../dataset/raw_data/vlibrasil/731_Bombeiro/20210402104704_6067c9182b80d.mp4,20210402104704_6067c9182b80d.npy,vlisbrasil,731,Bombeiro
../dataset/raw_data/vlibrasil/732_Buzina/20210123061942_600c92ee6f74c.mp4,20210123061942_600c92ee6f74c.npy,vlisbrasil,732,Buzina
../dataset/raw_data/vlibrasil/732_Buzina/20210407083327_606d9887c08ac.mp4,20210407083327_606d9887c08ac.npy,vlisbrasil,732,Buzina
../dataset/raw_data/vlibrasil/732_Buzina/20210613113559_60c617cf4270d.mp4,20210613113559_60c617cf4270d.npy,vlisbrasil,732,Buzina
../dataset/raw_data/vlibrasil/733_Cabeça/20210123062006_600c93068f7db.mp4,20210123062006_600c93068f7db.npy,vlisbrasil,733,Cabeça
../dataset/raw_data/vlibrasil/733_Cabeça/20210407083345_606d9899861ac.mp4,20210407083345_606d9899861ac.npy,vlisbrasil,733,Cabeça
../dataset/raw_data/vlibrasil/733_Cabeça/20210613113610_60c617da7a741.mp4,20210613113610_60c617da7a741.npy,vlisbrasil,733,Cabeça
../dataset/raw_data/vlibrasil/734_Cabelo/20210123062027_600c931b2b345.mp4,20210123062027_600c931b2b345.npy,vlisbrasil,734,Cabelo
../dataset/raw_data/vlibrasil/734_Cabelo/20210407082533_606d96ad89982.mp4,20210407082533_606d96ad89982.npy,vlisbrasil,734,Cabelo
../dataset/raw_data/vlibrasil/734_Cabelo/20210613111847_60c613c7bf61b.mp4,20210613111847_60c613c7bf61b.npy,vlisbrasil,734,Cabelo
../dataset/raw_data/vlibrasil/735_Caçando/20210123062058_600c933a96988.mp4,20210123062058_600c933a96988.npy,vlisbrasil,735,Caçando
../dataset/raw_data/vlibrasil/735_Caçando/20210407082924_606d9794005cb.mp4,20210407082924_606d9794005cb.npy,vlisbrasil,735,Caçando
../dataset/raw_data/vlibrasil/735_Caçando/20210613111843_60c613c30ae21.mp4,20210613111843_60c613c30ae21.npy,vlisbrasil,735,Caçando
../dataset/raw_data/vlibrasil/736_Calouro/20210123062122_600c9352420db.mp4,20210123062122_600c9352420db.npy,vlisbrasil,736,Calouro
../dataset/raw_data/vlibrasil/736_Calouro/20210124034240_600dbfa032145.mp4,20210124034240_600dbfa032145.npy,vlisbrasil,736,Calouro
../dataset/raw_data/vlibrasil/736_Calouro/20210404044020_606a16243d1f9.mp4,20210404044020_606a16243d1f9.npy,vlisbrasil,736,Calouro
../dataset/raw_data/vlibrasil/737_Caminhada/20210123062146_600c936a471e1.mp4,20210123062146_600c936a471e1.npy,vlisbrasil,737,Caminhada
../dataset/raw_data/vlibrasil/737_Caminhada/20210404042819_606a13530d8c9.mp4,20210404042819_606a13530d8c9.npy,vlisbrasil,737,Caminhada
../dataset/raw_data/vlibrasil/737_Caminhada/20210613113836_60c6186c19c2d.mp4,20210613113836_60c6186c19c2d.npy,vlisbrasil,737,Caminhada
../dataset/raw_data/vlibrasil/738_Cansado/20210123062221_600c938d492d0.mp4,20210123062221_600c938d492d0.npy,vlisbrasil,738,Cansado
../dataset/raw_data/vlibrasil/738_Cansado/20210407082917_606d978d4ba29.mp4,20210407082917_606d978d4ba29.npy,vlisbrasil,738,Cansado
../dataset/raw_data/vlibrasil/738_Cansado/20210613113932_60c618a482991.mp4,20210613113932_60c618a482991.npy,vlisbrasil,738,Cansado
../dataset/raw_data/vlibrasil/739_Casa/20210123062249_600c93a9be5a4.mp4,20210123062249_600c93a9be5a4.npy,vlisbrasil,739,Casa
../dataset/raw_data/vlibrasil/739_Casa/20210407083510_606d98ee2aad1.mp4,20210407083510_606d98ee2aad1.npy,vlisbrasil,739,Casa
../dataset/raw_data/vlibrasil/739_Casa/20210613114033_60c618e19e2eb.mp4,20210613114033_60c618e19e2eb.npy,vlisbrasil,739,Casa
../dataset/raw_data/vlibrasil/740_Caxumba/20210123062338_600c93da952de.mp4,20210123062338_600c93da952de.npy,vlisbrasil,740,Caxumba
../dataset/raw_data/vlibrasil/740_Caxumba/20210209063639_6023006798157.mp4,20210209063639_6023006798157.npy,vlisbrasil,740,Caxumba
../dataset/raw_data/vlibrasil/740_Caxumba/20210623033130_60d37e02b0bf7.mp4,20210623033130_60d37e02b0bf7.npy,vlisbrasil,740,Caxumba
../dataset/raw_data/vlibrasil/741_Céu/20210123062358_600c93eeeeae0.mp4,20210123062358_600c93eeeeae0.npy,vlisbrasil,741,Céu
../dataset/raw_data/vlibrasil/741_Céu/20210127114604_6012256c0fae9.mp4,20210127114604_6012256c0fae9.npy,vlisbrasil,741,Céu
../dataset/raw_data/vlibrasil/741_Céu/20210613114058_60c618fa92c48.mp4,20210613114058_60c618fa92c48.npy,vlisbrasil,741,Céu
../dataset/raw_data/vlibrasil/742_Chapéu/20210123062421_600c9405da9b1.mp4,20210123062421_600c9405da9b1.npy,vlisbrasil,742,Chapéu
../dataset/raw_data/vlibrasil/742_Chapéu/20210407083614_606d992e3cbb5.mp4,20210407083614_606d992e3cbb5.npy,vlisbrasil,742,Chapéu
../dataset/raw_data/vlibrasil/742_Chapéu/20210613111855_60c613cff251d.mp4,20210613111855_60c613cff251d.npy,vlisbrasil,742,Chapéu
../dataset/raw_data/vlibrasil/744_Cinza_cor/20210123062516_600c943c49166.mp4,20210123062516_600c943c49166.npy,vlisbrasil,744,Cinza (cor)
../dataset/raw_data/vlibrasil/744_Cinza_cor/20210407083827_606d99b34ff2b.mp4,20210407083827_606d99b34ff2b.npy,vlisbrasil,744,Cinza (cor)
../dataset/raw_data/vlibrasil/744_Cinza_cor/20210613111905_60c613d90653d.mp4,20210613111905_60c613d90653d.npy,vlisbrasil,744,Cinza (cor)
../dataset/raw_data/vlibrasil/745_Colar_grau/20210123062649_600c94996beaf.mp4,20210123062649_600c94996beaf.npy,vlisbrasil,745,Colar grau
../dataset/raw_data/vlibrasil/745_Colar_grau/20210407084343_606d9aefe75ad.mp4,20210407084343_606d9aefe75ad.npy,vlisbrasil,745,Colar grau
../dataset/raw_data/vlibrasil/745_Colar_grau/20210613121331_60c6209b8ae5d.mp4,20210613121331_60c6209b8ae5d.npy,vlisbrasil,745,Colar grau
../dataset/raw_data/vlibrasil/746_Como/20210123062738_600c94caae244.mp4,20210123062738_600c94caae244.npy,vlisbrasil,746,Como
../dataset/raw_data/vlibrasil/746_Como/20210407084348_606d9af419541.mp4,20210407084348_606d9af419541.npy,vlisbrasil,746,Como
../dataset/raw_data/vlibrasil/746_Como/20210613125130_60c6298225f2c.mp4,20210613125130_60c6298225f2c.npy,vlisbrasil,746,Como
../dataset/raw_data/vlibrasil/747_Conduzir/20210123062801_600c94e140ffb.mp4,20210123062801_600c94e140ffb.npy,vlisbrasil,747,Conduzir
../dataset/raw_data/vlibrasil/747_Conduzir/20210403070826_60683e9a88dcd.mp4,20210403070826_60683e9a88dcd.npy,vlisbrasil,747,Conduzir
../dataset/raw_data/vlibrasil/747_Conduzir/20210613125404_60c62a1cee616.mp4,20210613125404_60c62a1cee616.npy,vlisbrasil,747,Conduzir
../dataset/raw_data/vlibrasil/749_Coração/20210123062836_600c95046409f.mp4,20210123062836_600c95046409f.npy,vlisbrasil,749,Coração
../dataset/raw_data/vlibrasil/749_Coração/20210407084510_606d9b46e6fcf.mp4,20210407084510_606d9b46e6fcf.npy,vlisbrasil,749,Coração
../dataset/raw_data/vlibrasil/749_Coração/20210613125610_60c62a9a5c231.mp4,20210613125610_60c62a9a5c231.npy,vlisbrasil,749,Coração
../dataset/raw_data/vlibrasil/750_Cruel/20210123062940_600c9544a38f1.mp4,20210123062940_600c9544a38f1.npy,vlisbrasil,750,Cruel
../dataset/raw_data/vlibrasil/750_Cruel/20210407084632_606d9b98223d4.mp4,20210407084632_606d9b98223d4.npy,vlisbrasil,750,Cruel
../dataset/raw_data/vlibrasil/750_Cruel/20210613112004_60c61414ecc87.mp4,20210613112004_60c61414ecc87.npy,vlisbrasil,750,Cruel
../dataset/raw_data/vlibrasil/751_Dar/20210123063006_600c955e7b89e.mp4,20210123063006_600c955e7b89e.npy,vlisbrasil,751,Dar
../dataset/raw_data/vlibrasil/751_Dar/20210124034601_600dc0691792d.mp4,20210124034601_600dc0691792d.npy,vlisbrasil,751,Dar
../dataset/raw_data/vlibrasil/751_Dar/20210407084648_606d9ba83b5f1.mp4,20210407084648_606d9ba83b5f1.npy,vlisbrasil,751,Dar
../dataset/raw_data/vlibrasil/752_Demitido/20210123063026_600c9572db87d.mp4,20210123063026_600c9572db87d.npy,vlisbrasil,752,Demitido
../dataset/raw_data/vlibrasil/752_Demitido/20210209061005_6022fa2d205ae.mp4,20210209061005_6022fa2d205ae.npy,vlisbrasil,752,Demitido
../dataset/raw_data/vlibrasil/752_Demitido/20210402104821_6067c9650a4a2.mp4,20210402104821_6067c9650a4a2.npy,vlisbrasil,752,Demitido
../dataset/raw_data/vlibrasil/753_Desaparecido/20210123063136_600c95b85e3e3.mp4,20210123063136_600c95b85e3e3.npy,vlisbrasil,753,Desaparecido
../dataset/raw_data/vlibrasil/753_Desaparecido/20210613010141_60c62be5dc9ec.mp4,20210613010141_60c62be5dc9ec.npy,vlisbrasil,753,Desaparecido
../dataset/raw_data/vlibrasil/753_Desaparecido/20210623034733_60d381c5bdb11.mp4,20210623034733_60d381c5bdb11.npy,vlisbrasil,753,Desaparecido
../dataset/raw_data/vlibrasil/754_Difícil/20210123063237_600c95f52b029.mp4,20210123063237_600c95f52b029.npy,vlisbrasil,754,Difícil
../dataset/raw_data/vlibrasil/754_Difícil/20210613112000_60c614100ef55.mp4,20210613112000_60c614100ef55.npy,vlisbrasil,754,Difícil
../dataset/raw_data/vlibrasil/754_Difícil/20210623035109_60d3829d8896b.mp4,20210623035109_60d3829d8896b.npy,vlisbrasil,754,Difícil
../dataset/raw_data/vlibrasil/755_Diversão/20210123063301_600c960d7640a.mp4,20210123063301_600c960d7640a.npy,vlisbrasil,755,Diversão
../dataset/raw_data/vlibrasil/755_Diversão/20210209064104_60230170b65fb.mp4,20210209064104_60230170b65fb.npy,vlisbrasil,755,Diversão
../dataset/raw_data/vlibrasil/755_Diversão/20210404050020_606a1ad4b0c32.mp4,20210404050020_606a1ad4b0c32.npy,vlisbrasil,755,Diversão
../dataset/raw_data/vlibrasil/756_Documento/20210123063320_600c9620e0017.mp4,20210123063320_600c9620e0017.npy,vlisbrasil,756,Documento
../dataset/raw_data/vlibrasil/756_Documento/20210613010556_60c62ce4382ef.mp4,20210613010556_60c62ce4382ef.npy,vlisbrasil,756,Documento
../dataset/raw_data/vlibrasil/756_Documento/20210623040658_60d386528d8e1.mp4,20210623040658_60d386528d8e1.npy,vlisbrasil,756,Documento
../dataset/raw_data/vlibrasil/758_Dormitório/20210123063352_600c96409b4ae.mp4,20210123063352_600c96409b4ae.npy,vlisbrasil,758,Dormitório
../dataset/raw_data/vlibrasil/758_Dormitório/20210613010929_60c62db910370.mp4,20210613010929_60c62db910370.npy,vlisbrasil,758,Dormitório
../dataset/raw_data/vlibrasil/758_Dormitório/20210623040723_60d3866b87675.mp4,20210623040723_60d3866b87675.npy,vlisbrasil,758,Dormitório
../dataset/raw_data/vlibrasil/760_Dor_de_garganta/20210123063435_600c966bc798e.mp4,20210123063435_600c966bc798e.npy,vlisbrasil,760,Dor de garganta
../dataset/raw_data/vlibrasil/760_Dor_de_garganta/20210407085132_606d9cc48176b.mp4,20210407085132_606d9cc48176b.npy,vlisbrasil,760,Dor de garganta
../dataset/raw_data/vlibrasil/760_Dor_de_garganta/20210613010731_60c62d43e21f2.mp4,20210613010731_60c62d43e21f2.npy,vlisbrasil,760,Dor de garganta
../dataset/raw_data/vlibrasil/761_Dor_de_ouvido/20210123063458_600c9682156b6.mp4,20210123063458_600c9682156b6.npy,vlisbrasil,761,Dor de ouvido
../dataset/raw_data/vlibrasil/761_Dor_de_ouvido/20210407085144_606d9cd0dc210.mp4,20210407085144_606d9cd0dc210.npy,vlisbrasil,761,Dor de ouvido
../dataset/raw_data/vlibrasil/761_Dor_de_ouvido/20210613010733_60c62d45287dd.mp4,20210613010733_60c62d45287dd.npy,vlisbrasil,761,Dor de ouvido
../dataset/raw_data/vlibrasil/762_Em_branco/20210123063536_600c96a8c2540.mp4,20210123063536_600c96a8c2540.npy,vlisbrasil,762,Em branco
../dataset/raw_data/vlibrasil/762_Em_branco/20210124034825_600dc0f97b5b4.mp4,20210124034825_600dc0f97b5b4.npy,vlisbrasil,762,Em branco
../dataset/raw_data/vlibrasil/762_Em_branco/20210404042223_606a11ef1e3ed.mp4,20210404042223_606a11ef1e3ed.npy,vlisbrasil,762,Em branco
../dataset/raw_data/vlibrasil/763_Engraçado/20210123063559_600c96bfda989.mp4,20210123063559_600c96bfda989.npy,vlisbrasil,763,Engraçado
../dataset/raw_data/vlibrasil/763_Engraçado/20210127011653_601191f57028e.mp4,20210127011653_601191f57028e.npy,vlisbrasil,763,Engraçado
../dataset/raw_data/vlibrasil/763_Engraçado/20210404050135_606a1b1f659c0.mp4,20210404050135_606a1b1f659c0.npy,vlisbrasil,763,Engraçado
../dataset/raw_data/vlibrasil/764_Esperança_torcer_pra_dar_certo/20210123063706_600c9702f3b32.mp4,20210123063706_600c9702f3b32.npy,vlisbrasil,764,Esperança (torcer pra dar certo)
../dataset/raw_data/vlibrasil/764_Esperança_torcer_pra_dar_certo/20210407085620_606d9de42a88b.mp4,20210407085620_606d9de42a88b.npy,vlisbrasil,764,Esperança (torcer pra dar certo)
../dataset/raw_data/vlibrasil/764_Esperança_torcer_pra_dar_certo/20210531053257_60b547f9b655c.mp4,20210531053257_60b547f9b655c.npy,vlisbrasil,764,Esperança (torcer pra dar certo)
../dataset/raw_data/vlibrasil/765_Eu_amo_você/20210123063749_600c972d62dd6.mp4,20210123063749_600c972d62dd6.npy,vlisbrasil,765,Eu amo você
../dataset/raw_data/vlibrasil/765_Eu_amo_você/20210407085426_606d9d7228557.mp4,20210407085426_606d9d7228557.npy,vlisbrasil,765,Eu amo você
../dataset/raw_data/vlibrasil/765_Eu_amo_você/20210616021943_60ca32af28771.mp4,20210616021943_60ca32af28771.npy,vlisbrasil,765,Eu amo você
../dataset/raw_data/vlibrasil/766_Física/20210123063919_600c9787b04b5.mp4,20210123063919_600c9787b04b5.npy,vlisbrasil,766,Física
../dataset/raw_data/vlibrasil/766_Física/20210407085552_606d9dc82fc29.mp4,20210407085552_606d9dc82fc29.npy,vlisbrasil,766,Física
../dataset/raw_data/vlibrasil/766_Física/20210616022939_60ca3503b07ec.mp4,20210616022939_60ca3503b07ec.npy,vlisbrasil,766,Física
../dataset/raw_data/vlibrasil/767_Flexível/20210123064005_600c97b52cd23.mp4,20210123064005_600c97b52cd23.npy,vlisbrasil,767,Flexível
../dataset/raw_data/vlibrasil/767_Flexível/20210209063652_602300747a311.mp4,20210209063652_602300747a311.npy,vlisbrasil,767,Flexível
../dataset/raw_data/vlibrasil/767_Flexível/20210403072918_6068437ec21c2.mp4,20210403072918_6068437ec21c2.npy,vlisbrasil,767,Flexível
../dataset/raw_data/vlibrasil/768_Fofoca/20210123064032_600c97d05e251.mp4,20210123064032_600c97d05e251.npy,vlisbrasil,768,Fofoca
../dataset/raw_data/vlibrasil/768_Fofoca/20210407085601_606d9dd19e686.mp4,20210407085601_606d9dd19e686.npy,vlisbrasil,768,Fofoca
../dataset/raw_data/vlibrasil/768_Fofoca/20210616030157_60ca3c950c69b.mp4,20210616030157_60ca3c950c69b.npy,vlisbrasil,768,Fofoca
../dataset/raw_data/vlibrasil/769_Fogo/20210123064054_600c97e6e473a.mp4,20210123064054_600c97e6e473a.npy,vlisbrasil,769,Fogo
../dataset/raw_data/vlibrasil/769_Fogo/20210209060944_6022fa185dc7a.mp4,20210209060944_6022fa185dc7a.npy,vlisbrasil,769,Fogo
../dataset/raw_data/vlibrasil/769_Fogo/20210402104850_6067c9821bec9.mp4,20210402104850_6067c9821bec9.npy,vlisbrasil,769,Fogo
../dataset/raw_data/vlibrasil/770_Força/20210123064114_600c97fa9e0d4.mp4,20210123064114_600c97fa9e0d4.npy,vlisbrasil,770,Força
../dataset/raw_data/vlibrasil/770_Força/20210209063647_6023006f1c8da.mp4,20210209063647_6023006f1c8da.npy,vlisbrasil,770,Força
../dataset/raw_data/vlibrasil/770_Força/20210808115134_610fef76334bc.mp4,20210808115134_610fef76334bc.npy,vlisbrasil,770,Força
../dataset/raw_data/vlibrasil/771_Função/20210123064219_600c983bcc29b.mp4,20210123064219_600c983bcc29b.npy,vlisbrasil,771,Função
../dataset/raw_data/vlibrasil/771_Função/20210124035759_600dc3371f421.mp4,20210124035759_600dc3371f421.npy,vlisbrasil,771,Função
../dataset/raw_data/vlibrasil/771_Função/20210404050419_606a1bc365559.mp4,20210404050419_606a1bc365559.npy,vlisbrasil,771,Função
../dataset/raw_data/vlibrasil/772_Glória/20210123064438_600c98c667987.mp4,20210123064438_600c98c667987.npy,vlisbrasil,772,Glória
../dataset/raw_data/vlibrasil/772_Glória/20210124040158_600dc426b3b82.mp4,20210124040158_600dc426b3b82.npy,vlisbrasil,772,Glória
../dataset/raw_data/vlibrasil/772_Glória/20210407085736_606d9e30c34f0.mp4,20210407085736_606d9e30c34f0.npy,vlisbrasil,772,Glória
../dataset/raw_data/vlibrasil/773_Graduado/20210123064528_600c98f8cf6fd.mp4,20210123064528_600c98f8cf6fd.npy,vlisbrasil,773,Graduado
../dataset/raw_data/vlibrasil/773_Graduado/20210407085825_606d9e61273f6.mp4,20210407085825_606d9e61273f6.npy,vlisbrasil,773,Graduado
../dataset/raw_data/vlibrasil/773_Graduado/20210616030509_60ca3d5547610.mp4,20210616030509_60ca3d5547610.npy,vlisbrasil,773,Graduado
../dataset/raw_data/vlibrasil/774_Gramática/20210123064550_600c990e65532.mp4,20210123064550_600c990e65532.npy,vlisbrasil,774,Gramática
../dataset/raw_data/vlibrasil/774_Gramática/20210407085830_606d9e6690ece.mp4,20210407085830_606d9e6690ece.npy,vlisbrasil,774,Gramática
../dataset/raw_data/vlibrasil/774_Gramática/20210616030514_60ca3d5a2873c.mp4,20210616030514_60ca3d5a2873c.npy,vlisbrasil,774,Gramática
../dataset/raw_data/vlibrasil/775_Helicóptero/20210123064614_600c9926d8cc8.mp4,20210123064614_600c9926d8cc8.npy,vlisbrasil,775,Helicóptero
../dataset/raw_data/vlibrasil/775_Helicóptero/20210124040300_600dc46488aa9.mp4,20210124040300_600dc46488aa9.npy,vlisbrasil,775,Helicóptero
../dataset/raw_data/vlibrasil/775_Helicóptero/20210407085853_606d9e7d3e6a8.mp4,20210407085853_606d9e7d3e6a8.npy,vlisbrasil,775,Helicóptero
../dataset/raw_data/vlibrasil/776_Honra/20210123064700_600c9954c99db.mp4,20210123064700_600c9954c99db.npy,vlisbrasil,776,Honra
../dataset/raw_data/vlibrasil/776_Honra/20210407085944_606d9eb072886.mp4,20210407085944_606d9eb072886.npy,vlisbrasil,776,Honra
../dataset/raw_data/vlibrasil/776_Honra/20210617084835_60cb369393258.mp4,20210617084835_60cb369393258.npy,vlisbrasil,776,Honra
../dataset/raw_data/vlibrasil/778_Hora/20210123064748_600c99845286d.mp4,20210123064748_600c99845286d.npy,vlisbrasil,778,Hora
../dataset/raw_data/vlibrasil/778_Hora/20210407085945_606d9eb17ea40.mp4,20210407085945_606d9eb17ea40.npy,vlisbrasil,778,Hora
../dataset/raw_data/vlibrasil/778_Hora/20210617084846_60cb369eac0d5.mp4,20210617084846_60cb369eac0d5.npy,vlisbrasil,778,Hora
../dataset/raw_data/vlibrasil/779_Hospital/20210123064814_600c999ec807d.mp4,20210123064814_600c999ec807d.npy,vlisbrasil,779,Hospital
../dataset/raw_data/vlibrasil/779_Hospital/20210407090025_606d9ed9c5305.mp4,20210407090025_606d9ed9c5305.npy,vlisbrasil,779,Hospital
../dataset/raw_data/vlibrasil/779_Hospital/20210617084901_60cb36adae0d5.mp4,20210617084901_60cb36adae0d5.npy,vlisbrasil,779,Hospital
../dataset/raw_data/vlibrasil/780_Humilde/20210123064840_600c99b81ec68.mp4,20210123064840_600c99b81ec68.npy,vlisbrasil,780,Humilde
../dataset/raw_data/vlibrasil/780_Humilde/20210407090042_606d9eea87c92.mp4,20210407090042_606d9eea87c92.npy,vlisbrasil,780,Humilde
../dataset/raw_data/vlibrasil/780_Humilde/20210617084923_60cb36c36e535.mp4,20210617084923_60cb36c36e535.npy,vlisbrasil,780,Humilde
../dataset/raw_data/vlibrasil/781_Ideia/20210123064903_600c99cfbee83.mp4,20210123064903_600c99cfbee83.npy,vlisbrasil,781,Ideia
../dataset/raw_data/vlibrasil/781_Ideia/20210407090127_606d9f170e3be.mp4,20210407090127_606d9f170e3be.npy,vlisbrasil,781,Ideia
../dataset/raw_data/vlibrasil/781_Ideia/20210617084943_60cb36d70729b.mp4,20210617084943_60cb36d70729b.npy,vlisbrasil,781,Ideia
../dataset/raw_data/vlibrasil/782_Identificar/20210123064929_600c99e93dda5.mp4,20210123064929_600c99e93dda5.npy,vlisbrasil,782,Identificar
../dataset/raw_data/vlibrasil/782_Identificar/20210407090153_606d9f3109095.mp4,20210407090153_606d9f3109095.npy,vlisbrasil,782,Identificar
../dataset/raw_data/vlibrasil/782_Identificar/20210617085023_60cb36ffdeff1.mp4,20210617085023_60cb36ffdeff1.npy,vlisbrasil,782,Identificar
../dataset/raw_data/vlibrasil/783_Ignorar/20210123064952_600c9a00e8ea2.mp4,20210123064952_600c9a00e8ea2.npy,vlisbrasil,783,Ignorar
../dataset/raw_data/vlibrasil/783_Ignorar/20210617085043_60cb371387ce1.mp4,20210617085043_60cb371387ce1.npy,vlisbrasil,783,Ignorar
../dataset/raw_data/vlibrasil/783_Ignorar/20210623042701_60d38b0525e11.mp4,20210623042701_60d38b0525e11.npy,vlisbrasil,783,Ignorar
../dataset/raw_data/vlibrasil/784_Inferno/20210123065043_600c9a33e743f.mp4,20210123065043_600c9a33e743f.npy,vlisbrasil,784,Inferno
../dataset/raw_data/vlibrasil/784_Inferno/20210407090459_606d9feb8355c.mp4,20210407090459_606d9feb8355c.npy,vlisbrasil,784,Inferno
../dataset/raw_data/vlibrasil/784_Inferno/20210617085452_60cb380c99c20.mp4,20210617085452_60cb380c99c20.npy,vlisbrasil,784,Inferno
../dataset/raw_data/vlibrasil/785_Instituição/20210123065112_600c9a5049a7a.mp4,20210123065112_600c9a5049a7a.npy,vlisbrasil,785,Instituição
../dataset/raw_data/vlibrasil/785_Instituição/20210124040008_600dc3b8edc6e.mp4,20210124040008_600dc3b8edc6e.npy,vlisbrasil,785,Instituição
../dataset/raw_data/vlibrasil/785_Instituição/20210404042326_606a122e8c3b3.mp4,20210404042326_606a122e8c3b3.npy,vlisbrasil,785,Instituição
../dataset/raw_data/vlibrasil/786_Jovem/20210123065143_600c9a6fac4e1.mp4,20210123065143_600c9a6fac4e1.npy,vlisbrasil,786,Jovem
../dataset/raw_data/vlibrasil/786_Jovem/20210407090839_606da0c79f729.mp4,20210407090839_606da0c79f729.npy,vlisbrasil,786,Jovem
../dataset/raw_data/vlibrasil/786_Jovem/20210617091331_60cb3c6b11b68.mp4,20210617091331_60cb3c6b11b68.npy,vlisbrasil,786,Jovem
../dataset/raw_data/vlibrasil/787_Lésbica/20210123065208_600c9a887ad75.mp4,20210123065208_600c9a887ad75.npy,vlisbrasil,787,Lésbica
../dataset/raw_data/vlibrasil/787_Lésbica/20210124040715_600dc563dedcc.mp4,20210124040715_600dc563dedcc.npy,vlisbrasil,787,Lésbica
../dataset/raw_data/vlibrasil/787_Lésbica/20210407090916_606da0ecde681.mp4,20210407090916_606da0ecde681.npy,vlisbrasil,787,Lésbica
../dataset/raw_data/vlibrasil/788_Letra_H/20210123065300_600c9abc3d86f.mp4,20210123065300_600c9abc3d86f.npy,vlisbrasil,788,Letra H
../dataset/raw_data/vlibrasil/788_Letra_H/20210407090954_606da1122f61a.mp4,20210407090954_606da1122f61a.npy,vlisbrasil,788,Letra H
../dataset/raw_data/vlibrasil/788_Letra_H/20210617050001_60cba9c151266.mp4,20210617050001_60cba9c151266.npy,vlisbrasil,788,Letra H
../dataset/raw_data/vlibrasil/789_Letra_I/20210123065325_600c9ad554f3b.mp4,20210123065325_600c9ad554f3b.npy,vlisbrasil,789,Letra I
../dataset/raw_data/vlibrasil/789_Letra_I/20210407091021_606da12de060b.mp4,20210407091021_606da12de060b.npy,vlisbrasil,789,Letra I
../dataset/raw_data/vlibrasil/789_Letra_I/20210617050040_60cba9e88a06d.mp4,20210617050040_60cba9e88a06d.npy,vlisbrasil,789,Letra I
../dataset/raw_data/vlibrasil/790_Longe/20210123065435_600c9b1b6d980.mp4,20210123065435_600c9b1b6d980.npy,vlisbrasil,790,Longe
../dataset/raw_data/vlibrasil/790_Longe/20210128062331_60132b5337bed.mp4,20210128062331_60132b5337bed.npy,vlisbrasil,790,Longe
../dataset/raw_data/vlibrasil/790_Longe/20210617051113_60cbac6105448.mp4,20210617051113_60cbac6105448.npy,vlisbrasil,790,Longe
../dataset/raw_data/vlibrasil/791_Machucar/20210123065525_600c9b4d95935.mp4,20210123065525_600c9b4d95935.npy,vlisbrasil,791,Machucar
../dataset/raw_data/vlibrasil/791_Machucar/20210617051317_60cbacdd0a4e8.mp4,20210617051317_60cbacdd0a4e8.npy,vlisbrasil,791,Machucar
../dataset/raw_data/vlibrasil/791_Machucar/20210623051336_60d395f0e67c4.mp4,20210623051336_60d395f0e67c4.npy,vlisbrasil,791,Machucar
../dataset/raw_data/vlibrasil/792_Mãos/20210123065709_600c9bb515443.mp4,20210123065709_600c9bb515443.npy,vlisbrasil,792,Mãos
../dataset/raw_data/vlibrasil/792_Mãos/20210407091250_606da1c21c824.mp4,20210407091250_606da1c21c824.npy,vlisbrasil,792,Mãos
../dataset/raw_data/vlibrasil/792_Mãos/20210618030343_60ccdfff0853c.mp4,20210618030343_60ccdfff0853c.npy,vlisbrasil,792,Mãos
../dataset/raw_data/vlibrasil/793_Muito_tempo_atrás/20210123065937_600c9c49b32c5.mp4,20210123065937_600c9c49b32c5.npy,vlisbrasil,793,Muito tempo atrás
../dataset/raw_data/vlibrasil/793_Muito_tempo_atrás/20210407095221_606dab0569ba2.mp4,20210407095221_606dab0569ba2.npy,vlisbrasil,793,Muito tempo atrás
../dataset/raw_data/vlibrasil/793_Muito_tempo_atrás/20210618032023_60cce3e7aed74.mp4,20210618032023_60cce3e7aed74.npy,vlisbrasil,793,Muito tempo atrás
../dataset/raw_data/vlibrasil/794_Negligenciar/20210123070001_600c9c617d73f.mp4,20210123070001_600c9c617d73f.npy,vlisbrasil,794,Negligenciar
../dataset/raw_data/vlibrasil/794_Negligenciar/20210404045743_606a1a37f047b.mp4,20210404045743_606a1a37f047b.npy,vlisbrasil,794,Negligenciar
../dataset/raw_data/vlibrasil/794_Negligenciar/20210618032510_60cce5064f678.mp4,20210618032510_60cce5064f678.npy,vlisbrasil,794,Negligenciar
../dataset/raw_data/vlibrasil/795_Nove/20210123070023_600c9c774d0ba.mp4,20210123070023_600c9c774d0ba.npy,vlisbrasil,795,Nove
../dataset/raw_data/vlibrasil/795_Nove/20210407095238_606dab164d65f.mp4,20210407095238_606dab164d65f.npy,vlisbrasil,795,Nove
../dataset/raw_data/vlibrasil/795_Nove/20210619023244_60ce2a3cc1a99.mp4,20210619023244_60ce2a3cc1a99.npy,vlisbrasil,795,Nove
../dataset/raw_data/vlibrasil/796_Óculos/20210123070108_600c9ca49ca24.mp4,20210123070108_600c9ca49ca24.npy,vlisbrasil,796,Óculos
../dataset/raw_data/vlibrasil/796_Óculos/20210124040852_600dc5c43016f.mp4,20210124040852_600dc5c43016f.npy,vlisbrasil,796,Óculos
../dataset/raw_data/vlibrasil/796_Óculos/20210407095339_606dab5334d04.mp4,20210407095339_606dab5334d04.npy,vlisbrasil,796,Óculos
../dataset/raw_data/vlibrasil/797_Ódio/20210123070131_600c9cbb32c0e.mp4,20210123070131_600c9cbb32c0e.npy,vlisbrasil,797,Ódio
../dataset/raw_data/vlibrasil/797_Ódio/20210407095352_606dab6048c7e.mp4,20210407095352_606dab6048c7e.npy,vlisbrasil,797,Ódio
../dataset/raw_data/vlibrasil/797_Ódio/20210619023550_60ce2af6cb163.mp4,20210619023550_60ce2af6cb163.npy,vlisbrasil,797,Ódio
../dataset/raw_data/vlibrasil/798_Oi/20210123070155_600c9cd37e0ac.mp4,20210123070155_600c9cd37e0ac.npy,vlisbrasil,798,Oi
../dataset/raw_data/vlibrasil/798_Oi/20210407095408_606dab70d0529.mp4,20210407095408_606dab70d0529.npy,vlisbrasil,798,Oi
../dataset/raw_data/vlibrasil/798_Oi/20210619023640_60ce2b286bfab.mp4,20210619023640_60ce2b286bfab.npy,vlisbrasil,798,Oi
../dataset/raw_data/vlibrasil/799_Óleo/20210123070221_600c9cedddd07.mp4,20210123070221_600c9cedddd07.npy,vlisbrasil,799,Óleo
../dataset/raw_data/vlibrasil/799_Óleo/20210407095425_606dab8109a46.mp4,20210407095425_606dab8109a46.npy,vlisbrasil,799,Óleo
../dataset/raw_data/vlibrasil/799_Óleo/20210621054412_60d0fa1c27513.mp4,20210621054412_60d0fa1c27513.npy,vlisbrasil,799,Óleo
../dataset/raw_data/vlibrasil/800_Pé/20210123070319_600c9d272894e.mp4,20210123070319_600c9d272894e.npy,vlisbrasil,800,Pé
../dataset/raw_data/vlibrasil/800_Pé/20210210040352_60242e18df1af.mp4,20210210040352_60242e18df1af.npy,vlisbrasil,800,Pé
../dataset/raw_data/vlibrasil/800_Pé/20210403072951_6068439fae86c.mp4,20210403072951_6068439fae86c.npy,vlisbrasil,800,Pé
../dataset/raw_data/vlibrasil/801_Peixe/20210123070341_600c9d3d49847.mp4,20210123070341_600c9d3d49847.npy,vlisbrasil,801,Peixe
../dataset/raw_data/vlibrasil/801_Peixe/20210402104921_6067c9a11601e.mp4,20210402104921_6067c9a11601e.npy,vlisbrasil,801,Peixe
../dataset/raw_data/vlibrasil/801_Peixe/20210619024544_60ce2d48a6251.mp4,20210619024544_60ce2d48a6251.npy,vlisbrasil,801,Peixe
../dataset/raw_data/vlibrasil/802_Pessoa_encantadora/20210123070406_600c9d56d55cc.mp4,20210123070406_600c9d56d55cc.npy,vlisbrasil,802,Pessoa encantadora
../dataset/raw_data/vlibrasil/802_Pessoa_encantadora/20210407095455_606dab9f13361.mp4,20210407095455_606dab9f13361.npy,vlisbrasil,802,Pessoa encantadora
../dataset/raw_data/vlibrasil/802_Pessoa_encantadora/20210619025202_60ce2ec2bf084.mp4,20210619025202_60ce2ec2bf084.npy,vlisbrasil,802,Pessoa encantadora
../dataset/raw_data/vlibrasil/803_Piedoso/20210123070433_600c9d715dda8.mp4,20210123070433_600c9d715dda8.npy,vlisbrasil,803,Piedoso
../dataset/raw_data/vlibrasil/803_Piedoso/20210407095511_606dabaf9e657.mp4,20210407095511_606dabaf9e657.npy,vlisbrasil,803,Piedoso
../dataset/raw_data/vlibrasil/803_Piedoso/20210619025504_60ce2f7873ff0.mp4,20210619025504_60ce2f7873ff0.npy,vlisbrasil,803,Piedoso
../dataset/raw_data/vlibrasil/804_Plástico/20210123070458_600c9d8aa5ca2.mp4,20210123070458_600c9d8aa5ca2.npy,vlisbrasil,804,Plástico
../dataset/raw_data/vlibrasil/804_Plástico/20210124040952_600dc60026589.mp4,20210124040952_600dc60026589.npy,vlisbrasil,804,Plástico
../dataset/raw_data/vlibrasil/804_Plástico/20210623095630_60d3d83e43206.mp4,20210623095630_60d3d83e43206.npy,vlisbrasil,804,Plástico
../dataset/raw_data/vlibrasil/805_Problema/20210123070545_600c9db991b8d.mp4,20210123070545_600c9db991b8d.npy,vlisbrasil,805,Problema
../dataset/raw_data/vlibrasil/805_Problema/20210128063154_60132d4a82767.mp4,20210128063154_60132d4a82767.npy,vlisbrasil,805,Problema
../dataset/raw_data/vlibrasil/805_Problema/20210605033610_60bbc41a9d67a.mp4,20210605033610_60bbc41a9d67a.npy,vlisbrasil,805,Problema
../dataset/raw_data/vlibrasil/806_Pulmões/20210123070607_600c9dcfbcc92.mp4,20210123070607_600c9dcfbcc92.npy,vlisbrasil,806,Pulmões
../dataset/raw_data/vlibrasil/806_Pulmões/20210410080722_607186ea2d693.mp4,20210410080722_607186ea2d693.npy,vlisbrasil,806,Pulmões
../dataset/raw_data/vlibrasil/806_Pulmões/20210605034758_60bbc6ded6e2b.mp4,20210605034758_60bbc6ded6e2b.npy,vlisbrasil,806,Pulmões
../dataset/raw_data/vlibrasil/807_Quente/20210123070629_600c9de5d15b3.mp4,20210123070629_600c9de5d15b3.npy,vlisbrasil,807,Quente
../dataset/raw_data/vlibrasil/807_Quente/20210410080754_6071870a359f2.mp4,20210410080754_6071870a359f2.npy,vlisbrasil,807,Quente
../dataset/raw_data/vlibrasil/807_Quente/20210605035413_60bbc85567ff4.mp4,20210605035413_60bbc85567ff4.npy,vlisbrasil,807,Quente
../dataset/raw_data/vlibrasil/808_Rã_sapo/20210123070651_600c9dfbb47c7.mp4,20210123070651_600c9dfbb47c7.npy,vlisbrasil,808,Rã (sapo)
../dataset/raw_data/vlibrasil/808_Rã_sapo/20210124041037_600dc62d4e899.mp4,20210124041037_600dc62d4e899.npy,vlisbrasil,808,Rã (sapo)
../dataset/raw_data/vlibrasil/808_Rã_sapo/20210404045632_606a19f026e23.mp4,20210404045632_606a19f026e23.npy,vlisbrasil,808,Rã (sapo)
../dataset/raw_data/vlibrasil/809_Relativo/20210123070738_600c9e2ae30d5.mp4,20210123070738_600c9e2ae30d5.npy,vlisbrasil,809,Relativo
../dataset/raw_data/vlibrasil/809_Relativo/20210621054526_60d0fa668a042.mp4,20210621054526_60d0fa668a042.npy,vlisbrasil,809,Relativo
../dataset/raw_data/vlibrasil/809_Relativo/20210623100034_60d3d93288f92.mp4,20210623100034_60d3d93288f92.npy,vlisbrasil,809,Relativo
../dataset/raw_data/vlibrasil/810_Resistente/20210123070819_600c9e535f6f3.mp4,20210123070819_600c9e535f6f3.npy,vlisbrasil,810,Resistente
../dataset/raw_data/vlibrasil/810_Resistente/20210609095952_60c1640893f51.mp4,20210609095952_60c1640893f51.npy,vlisbrasil,810,Resistente
../dataset/raw_data/vlibrasil/810_Resistente/20210623100055_60d3d9476fffa.mp4,20210623100055_60d3d9476fffa.npy,vlisbrasil,810,Resistente
../dataset/raw_data/vlibrasil/811_Respeito/20210123070852_600c9e7493e01.mp4,20210123070852_600c9e7493e01.npy,vlisbrasil,811,Respeito
../dataset/raw_data/vlibrasil/811_Respeito/20210410080851_607187430e707.mp4,20210410080851_607187430e707.npy,vlisbrasil,811,Respeito
../dataset/raw_data/vlibrasil/811_Respeito/20210609100018_60c164229e799.mp4,20210609100018_60c164229e799.npy,vlisbrasil,811,Respeito
../dataset/raw_data/vlibrasil/812_Rodovia/20210123070938_600c9ea2ce448.mp4,20210123070938_600c9ea2ce448.npy,vlisbrasil,812,Rodovia
../dataset/raw_data/vlibrasil/812_Rodovia/20210410080918_6071875e289f0.mp4,20210410080918_6071875e289f0.npy,vlisbrasil,812,Rodovia
../dataset/raw_data/vlibrasil/812_Rodovia/20210610040056_60c261686634b.mp4,20210610040056_60c261686634b.npy,vlisbrasil,812,Rodovia
../dataset/raw_data/vlibrasil/813_Salsicha/20210123070958_600c9eb630e25.mp4,20210123070958_600c9eb630e25.npy,vlisbrasil,813,Salsicha
../dataset/raw_data/vlibrasil/813_Salsicha/20210410080945_60718779716b6.mp4,20210410080945_60718779716b6.npy,vlisbrasil,813,Salsicha
../dataset/raw_data/vlibrasil/813_Salsicha/20210610041303_60c2643ff27e4.mp4,20210610041303_60c2643ff27e4.npy,vlisbrasil,813,Salsicha
../dataset/raw_data/vlibrasil/814_Apoio/20210127103738_60116ca243684.mp4,20210127103738_60116ca243684.npy,vlisbrasil,814,Apoio
../dataset/raw_data/vlibrasil/814_Apoio/20210128115625_6013795927572.mp4,20210128115625_6013795927572.npy,vlisbrasil,814,Apoio
../dataset/raw_data/vlibrasil/814_Apoio/20210929044504_6154c240f4011.mp4,20210929044504_6154c240f4011.npy,vlisbrasil,814,Apoio
../dataset/raw_data/vlibrasil/815_Sem_emoção/20210124041445_600dc72573717.mp4,20210124041445_600dc72573717.npy,vlisbrasil,815,Sem emoção
../dataset/raw_data/vlibrasil/815_Sem_emoção/20210124085619_600e0923e8a4d.mp4,20210124085619_600e0923e8a4d.npy,vlisbrasil,815,Sem emoção
../dataset/raw_data/vlibrasil/815_Sem_emoção/20210404045654_606a1a06a2b99.mp4,20210404045654_606a1a06a2b99.npy,vlisbrasil,815,Sem emoção
../dataset/raw_data/vlibrasil/816_Toda_sextafeira/20210124041612_600dc77c202e7.mp4,20210124041612_600dc77c202e7.npy,vlisbrasil,816,Toda sexta-feira
../dataset/raw_data/vlibrasil/816_Toda_sextafeira/20210124090102_600e0a3ec94fc.mp4,20210124090102_600e0a3ec94fc.npy,vlisbrasil,816,Toda sexta-feira
../dataset/raw_data/vlibrasil/816_Toda_sextafeira/20210404043904_606a15d8b5166.mp4,20210404043904_606a15d8b5166.npy,vlisbrasil,816,Toda sexta-feira
../dataset/raw_data/vlibrasil/817_Abacaxi/20210127091036_6011583c87073.mp4,20210127091036_6011583c87073.npy,vlisbrasil,817,Abacaxi
../dataset/raw_data/vlibrasil/817_Abacaxi/20210128115432_601378e8d032d.mp4,20210128115432_601378e8d032d.npy,vlisbrasil,817,Abacaxi
../dataset/raw_data/vlibrasil/817_Abacaxi/20210929043133_6154bf1508f4a.mp4,20210929043133_6154bf1508f4a.npy,vlisbrasil,817,Abacaxi
../dataset/raw_data/vlibrasil/818_Abrir_a_porta/20210126072622_6010970e6c7c1.mp4,20210126072622_6010970e6c7c1.npy,vlisbrasil,818,Abrir a porta
../dataset/raw_data/vlibrasil/818_Abrir_a_porta/20210331110637_606481edd2909.mp4,20210331110637_606481edd2909.npy,vlisbrasil,818,Abrir a porta
../dataset/raw_data/vlibrasil/818_Abrir_a_porta/20210929043334_6154bf8e5268a.mp4,20210929043334_6154bf8e5268a.npy,vlisbrasil,818,Abrir a porta
../dataset/raw_data/vlibrasil/819_Abrir_a_janela/20210127091430_601159269ac75.mp4,20210127091430_601159269ac75.npy,vlisbrasil,819,Abrir a janela
../dataset/raw_data/vlibrasil/819_Abrir_a_janela/20210929043317_6154bf7dbcbc9.mp4,20210929043317_6154bf7dbcbc9.npy,vlisbrasil,819,Abrir a janela
../dataset/raw_data/vlibrasil/819_Abrir_a_janela/20211029045051_617c509bd708e.mp4,20211029045051_617c509bd708e.npy,vlisbrasil,819,Abrir a janela
../dataset/raw_data/vlibrasil/820_Agora/20210126072709_6010973d06250.mp4,20210126072709_6010973d06250.npy,vlisbrasil,820,Agora
../dataset/raw_data/vlibrasil/820_Agora/20210127091521_60115959a6c3e.mp4,20210127091521_60115959a6c3e.npy,vlisbrasil,820,Agora
../dataset/raw_data/vlibrasil/820_Agora/20210929043735_6154c07f4f1ca.mp4,20210929043735_6154c07f4f1ca.npy,vlisbrasil,820,Agora
../dataset/raw_data/vlibrasil/821_Amigável/20210127093817_60115eb929de7.mp4,20210127093817_60115eb929de7.npy,vlisbrasil,821,Amigável
../dataset/raw_data/vlibrasil/821_Amigável/20210128115600_60137940926fa.mp4,20210128115600_60137940926fa.npy,vlisbrasil,821,Amigável
../dataset/raw_data/vlibrasil/821_Amigável/20210929044104_6154c150c1fca.mp4,20210929044104_6154c150c1fca.npy,vlisbrasil,821,Amigável
../dataset/raw_data/vlibrasil/822_Apontar_para/20210127104425_60116e39a5515.mp4,20210127104425_60116e39a5515.npy,vlisbrasil,822,Apontar para
../dataset/raw_data/vlibrasil/822_Apontar_para/20210202061311_6019c067d4c62.mp4,20210202061311_6019c067d4c62.npy,vlisbrasil,822,Apontar para
../dataset/raw_data/vlibrasil/822_Apontar_para/20210929044519_6154c24fdedd8.mp4,20210929044519_6154c24fdedd8.npy,vlisbrasil,822,Apontar para
../dataset/raw_data/vlibrasil/823_Argumentar/20210127110942_6011742636612.mp4,20210127110942_6011742636612.npy,vlisbrasil,823,Argumentar
../dataset/raw_data/vlibrasil/823_Argumentar/20210128115729_601379992c4df.mp4,20210128115729_601379992c4df.npy,vlisbrasil,823,Argumentar
../dataset/raw_data/vlibrasil/823_Argumentar/20210611044820_60c3be04c450a.mp4,20210611044820_60c3be04c450a.npy,vlisbrasil,823,Argumentar
../dataset/raw_data/vlibrasil/824_Aviso/20210126072750_60109766e14d4.mp4,20210126072750_60109766e14d4.npy,vlisbrasil,824,Aviso
../dataset/raw_data/vlibrasil/824_Aviso/20210127111214_601174be0c63d.mp4,20210127111214_601174be0c63d.npy,vlisbrasil,824,Aviso
../dataset/raw_data/vlibrasil/824_Aviso/20210611045319_60c3bf2f07a0f.mp4,20210611045319_60c3bf2f07a0f.npy,vlisbrasil,824,Aviso
../dataset/raw_data/vlibrasil/825_Batata/20210127111406_6011752e3f89c.mp4,20210127111406_6011752e3f89c.npy,vlisbrasil,825,Batata
../dataset/raw_data/vlibrasil/825_Batata/20210329050754_6062339aa41d6.mp4,20210329050754_6062339aa41d6.npy,vlisbrasil,825,Batata
../dataset/raw_data/vlibrasil/825_Batata/20210611045600_60c3bfd092ee6.mp4,20210611045600_60c3bfd092ee6.npy,vlisbrasil,825,Batata
../dataset/raw_data/vlibrasil/826_Bigode/20210126072858_601097aab1e95.mp4,20210126072858_601097aab1e95.npy,vlisbrasil,826,Bigode
../dataset/raw_data/vlibrasil/826_Bigode/20210127111422_6011753e791cb.mp4,20210127111422_6011753e791cb.npy,vlisbrasil,826,Bigode
../dataset/raw_data/vlibrasil/826_Bigode/20210611045743_60c3c0371239e.mp4,20210611045743_60c3c0371239e.npy,vlisbrasil,826,Bigode
../dataset/raw_data/vlibrasil/827_Bonito/20210127111605_601175a570899.mp4,20210127111605_601175a570899.npy,vlisbrasil,827,Bonito
../dataset/raw_data/vlibrasil/827_Bonito/20210128115926_60137a0e0405d.mp4,20210128115926_60137a0e0405d.npy,vlisbrasil,827,Bonito
../dataset/raw_data/vlibrasil/827_Bonito/20210611050245_60c3c165a949e.mp4,20210611050245_60c3c165a949e.npy,vlisbrasil,827,Bonito
../dataset/raw_data/vlibrasil/828_Brilhar/20210127111723_601175f36068a.mp4,20210127111723_601175f36068a.npy,vlisbrasil,828,Brilhar
../dataset/raw_data/vlibrasil/828_Brilhar/20210129120105_60137a7134b8f.mp4,20210129120105_60137a7134b8f.npy,vlisbrasil,828,Brilhar
../dataset/raw_data/vlibrasil/828_Brilhar/20210613113520_60c617a8e680e.mp4,20210613113520_60c617a8e680e.npy,vlisbrasil,828,Brilhar
../dataset/raw_data/vlibrasil/829_Cadeira_de_Balanço/20210127013554_6011966a38235.mp4,20210127013554_6011966a38235.npy,vlisbrasil,829,Cadeira de Balanço
../dataset/raw_data/vlibrasil/829_Cadeira_de_Balanço/20210129120131_60137a8bb9bb8.mp4,20210129120131_60137a8bb9bb8.npy,vlisbrasil,829,Cadeira de Balanço
../dataset/raw_data/vlibrasil/829_Cadeira_de_Balanço/20210613111903_60c613d7e6a14.mp4,20210613111903_60c613d7e6a14.npy,vlisbrasil,829,Cadeira de Balanço
../dataset/raw_data/vlibrasil/830_Cebola/20210124043727_600dcc77de427.mp4,20210124043727_600dcc77de427.npy,vlisbrasil,830,Cebola
../dataset/raw_data/vlibrasil/830_Cebola/20210126072950_601097dec5bd3.mp4,20210126072950_601097dec5bd3.npy,vlisbrasil,830,Cebola
../dataset/raw_data/vlibrasil/830_Cebola/20210613125025_60c629417c513.mp4,20210613125025_60c629417c513.npy,vlisbrasil,830,Cebola
../dataset/raw_data/vlibrasil/831_Chuva/20210124043745_600dcc89cc0c0.mp4,20210124043745_600dcc89cc0c0.npy,vlisbrasil,831,Chuva
../dataset/raw_data/vlibrasil/831_Chuva/20210129120211_60137ab376ae8.mp4,20210129120211_60137ab376ae8.npy,vlisbrasil,831,Chuva
../dataset/raw_data/vlibrasil/831_Chuva/20210613114228_60c61954b1aa3.mp4,20210613114228_60c61954b1aa3.npy,vlisbrasil,831,Chuva
../dataset/raw_data/vlibrasil/832_Cirurgia/20210124043827_600dccb333969.mp4,20210124043827_600dccb333969.npy,vlisbrasil,832,Cirurgia
../dataset/raw_data/vlibrasil/832_Cirurgia/20210210075332_6023bb2c4ee4e.mp4,20210210075332_6023bb2c4ee4e.npy,vlisbrasil,832,Cirurgia
../dataset/raw_data/vlibrasil/832_Cirurgia/20210613114449_60c619e18c5ca.mp4,20210613114449_60c619e18c5ca.npy,vlisbrasil,832,Cirurgia
../dataset/raw_data/vlibrasil/833_Claro/20210124043906_600dccdab715f.mp4,20210124043906_600dccdab715f.npy,vlisbrasil,833,Claro
../dataset/raw_data/vlibrasil/833_Claro/20210126073013_601097f5262b0.mp4,20210126073013_601097f5262b0.npy,vlisbrasil,833,Claro
../dataset/raw_data/vlibrasil/833_Claro/20210613111934_60c613f6ebaab.mp4,20210613111934_60c613f6ebaab.npy,vlisbrasil,833,Claro
../dataset/raw_data/vlibrasil/834_Clima/20210124044144_600dcd782af10.mp4,20210124044144_600dcd782af10.npy,vlisbrasil,834,Clima
../dataset/raw_data/vlibrasil/834_Clima/20210129120228_60137ac475939.mp4,20210129120228_60137ac475939.npy,vlisbrasil,834,Clima
../dataset/raw_data/vlibrasil/834_Clima/20210613114654_60c61a5ed6501.mp4,20210613114654_60c61a5ed6501.npy,vlisbrasil,834,Clima
../dataset/raw_data/vlibrasil/835_Coelho/20210124044208_600dcd902c354.mp4,20210124044208_600dcd902c354.npy,vlisbrasil,835,Coelho
../dataset/raw_data/vlibrasil/835_Coelho/20210129120249_60137ad916acf.mp4,20210129120249_60137ad916acf.npy,vlisbrasil,835,Coelho
../dataset/raw_data/vlibrasil/835_Coelho/20210613121232_60c62060b969b.mp4,20210613121232_60c62060b969b.npy,vlisbrasil,835,Coelho
../dataset/raw_data/vlibrasil/836_Colocar/20210124044236_600dcdac2fd8d.mp4,20210124044236_600dcdac2fd8d.npy,vlisbrasil,836,Colocar
../dataset/raw_data/vlibrasil/836_Colocar/20210126073032_601098083b239.mp4,20210126073032_601098083b239.npy,vlisbrasil,836,Colocar
../dataset/raw_data/vlibrasil/836_Colocar/20210613121422_60c620ce37495.mp4,20210613121422_60c620ce37495.npy,vlisbrasil,836,Colocar
../dataset/raw_data/vlibrasil/837_Sorvete/20210124085818_600e099a103be.mp4,20210124085818_600e099a103be.npy,vlisbrasil,837,Sorvete
../dataset/raw_data/vlibrasil/837_Sorvete/20210410081054_607187be85e17.mp4,20210410081054_607187be85e17.npy,vlisbrasil,837,Sorvete
../dataset/raw_data/vlibrasil/837_Sorvete/20210621054713_60d0fad191ad1.mp4,20210621054713_60d0fad191ad1.npy,vlisbrasil,837,Sorvete
../dataset/raw_data/vlibrasil/838_Ter/20210124085858_600e09c2cf418.mp4,20210124085858_600e09c2cf418.npy,vlisbrasil,838,Ter
../dataset/raw_data/vlibrasil/838_Ter/20210410081137_607187e90fc19.mp4,20210410081137_607187e90fc19.npy,vlisbrasil,838,Ter
../dataset/raw_data/vlibrasil/838_Ter/20210621044210_60d0eb923068d.mp4,20210621044210_60d0eb923068d.npy,vlisbrasil,838,Ter
../dataset/raw_data/vlibrasil/839_Título/20210124085956_600e09fcd4a54.mp4,20210124085956_600e09fcd4a54.npy,vlisbrasil,839,Título
../dataset/raw_data/vlibrasil/839_Título/20210410081206_607188064ddff.mp4,20210410081206_607188064ddff.npy,vlisbrasil,839,Título
../dataset/raw_data/vlibrasil/839_Título/20210621050931_60d0f1fbdeb42.mp4,20210621050931_60d0f1fbdeb42.npy,vlisbrasil,839,Título
../dataset/raw_data/vlibrasil/840_Tocar_o_coração/20210124090032_600e0a20765d3.mp4,20210124090032_600e0a20765d3.npy,vlisbrasil,840,Tocar o coração
../dataset/raw_data/vlibrasil/840_Tocar_o_coração/20210410081219_60718813d32b4.mp4,20210410081219_60718813d32b4.npy,vlisbrasil,840,Tocar o coração
../dataset/raw_data/vlibrasil/840_Tocar_o_coração/20210621051019_60d0f22bee500.mp4,20210621051019_60d0f22bee500.npy,vlisbrasil,840,Tocar o coração
../dataset/raw_data/vlibrasil/841_Uso/20210124090143_600e0a67c7af3.mp4,20210124090143_600e0a67c7af3.npy,vlisbrasil,841,Uso
../dataset/raw_data/vlibrasil/841_Uso/20210410081302_6071883ec3144.mp4,20210410081302_6071883ec3144.npy,vlisbrasil,841,Uso
../dataset/raw_data/vlibrasil/841_Uso/20210621052655_60d0f60f6b41f.mp4,20210621052655_60d0f60f6b41f.npy,vlisbrasil,841,Uso
../dataset/raw_data/vlibrasil/842_Uvas/20210124090223_600e0a8f3e614.mp4,20210124090223_600e0a8f3e614.npy,vlisbrasil,842,Uvas
../dataset/raw_data/vlibrasil/842_Uvas/20210410081315_6071884b8351b.mp4,20210410081315_6071884b8351b.npy,vlisbrasil,842,Uvas
../dataset/raw_data/vlibrasil/842_Uvas/20210621052701_60d0f615c63b4.mp4,20210621052701_60d0f615c63b4.npy,vlisbrasil,842,Uvas
../dataset/raw_data/vlibrasil/843_Vencer/20210124090321_600e0ac9db6a9.mp4,20210124090321_600e0ac9db6a9.npy,vlisbrasil,843,Vencer
../dataset/raw_data/vlibrasil/843_Vencer/20210410081345_607188695e39c.mp4,20210410081345_607188695e39c.npy,vlisbrasil,843,Vencer
../dataset/raw_data/vlibrasil/843_Vencer/20210621052816_60d0f660d2612.mp4,20210621052816_60d0f660d2612.npy,vlisbrasil,843,Vencer
../dataset/raw_data/vlibrasil/844_Verde/20210124090353_600e0ae93cc1f.mp4,20210124090353_600e0ae93cc1f.npy,vlisbrasil,844,Verde
../dataset/raw_data/vlibrasil/844_Verde/20210410081356_6071887436e61.mp4,20210410081356_6071887436e61.npy,vlisbrasil,844,Verde
../dataset/raw_data/vlibrasil/844_Verde/20210621052853_60d0f685f14f0.mp4,20210621052853_60d0f685f14f0.npy,vlisbrasil,844,Verde
../dataset/raw_data/vlibrasil/846_Virar_a_página/20210124090459_600e0b2b9afe1.mp4,20210124090459_600e0b2b9afe1.npy,vlisbrasil,846,Virar a página
../dataset/raw_data/vlibrasil/846_Virar_a_página/20210209063650_602300722c63d.mp4,20210209063650_602300722c63d.npy,vlisbrasil,846,Virar a página
../dataset/raw_data/vlibrasil/846_Virar_a_página/20210403073051_606843dba4a2d.mp4,20210403073051_606843dba4a2d.npy,vlisbrasil,846,Virar a página
../dataset/raw_data/vlibrasil/847_Almoço/20210126070500_6010920ca5b9c.mp4,20210126070500_6010920ca5b9c.npy,vlisbrasil,847,Almoço
../dataset/raw_data/vlibrasil/847_Almoço/20210411080211_6072d73340b38.mp4,20210411080211_6072d73340b38.npy,vlisbrasil,847,Almoço
../dataset/raw_data/vlibrasil/847_Almoço/20210929043943_6154c0ff06d1d.mp4,20210929043943_6154c0ff06d1d.npy,vlisbrasil,847,Almoço
../dataset/raw_data/vlibrasil/848_Aprender/20210126070534_6010922e2d6fa.mp4,20210126070534_6010922e2d6fa.npy,vlisbrasil,848,Aprender
../dataset/raw_data/vlibrasil/848_Aprender/20210410082207_6072331fb0336.mp4,20210410082207_6072331fb0336.npy,vlisbrasil,848,Aprender
../dataset/raw_data/vlibrasil/848_Aprender/20210929044533_6154c25d3241b.mp4,20210929044533_6154c25d3241b.npy,vlisbrasil,848,Aprender
../dataset/raw_data/vlibrasil/849_Beijo/20210126070554_60109242100de.mp4,20210126070554_60109242100de.npy,vlisbrasil,849,Beijo
../dataset/raw_data/vlibrasil/849_Beijo/20210407082507_606d9693bd798.mp4,20210407082507_606d9693bd798.npy,vlisbrasil,849,Beijo
../dataset/raw_data/vlibrasil/849_Beijo/20210611045640_60c3bff885aeb.mp4,20210611045640_60c3bff885aeb.npy,vlisbrasil,849,Beijo
../dataset/raw_data/vlibrasil/851_Biblioteca/20210126070626_6010926234d31.mp4,20210126070626_6010926234d31.npy,vlisbrasil,851,Biblioteca
../dataset/raw_data/vlibrasil/851_Biblioteca/20210410083238_6072359650b65.mp4,20210410083238_6072359650b65.npy,vlisbrasil,851,Biblioteca
../dataset/raw_data/vlibrasil/851_Biblioteca/20210611045738_60c3c0327f5ed.mp4,20210611045738_60c3c0327f5ed.npy,vlisbrasil,851,Biblioteca
../dataset/raw_data/vlibrasil/852_Café/20210126070737_601092a939fcf.mp4,20210126070737_601092a939fcf.npy,vlisbrasil,852,Café
../dataset/raw_data/vlibrasil/852_Café/20210411080241_6072d751c1a00.mp4,20210411080241_6072d751c1a00.npy,vlisbrasil,852,Café
../dataset/raw_data/vlibrasil/852_Café/20210613113637_60c617f5a4e11.mp4,20210613113637_60c617f5a4e11.npy,vlisbrasil,852,Café
../dataset/raw_data/vlibrasil/853_Carne/20210126070759_601092bf73513.mp4,20210126070759_601092bf73513.npy,vlisbrasil,853,Carne
../dataset/raw_data/vlibrasil/853_Carne/20210411080306_6072d76a749a2.mp4,20210411080306_6072d76a749a2.npy,vlisbrasil,853,Carne
../dataset/raw_data/vlibrasil/853_Carne/20210613111901_60c613d510001.mp4,20210613111901_60c613d510001.npy,vlisbrasil,853,Carne
../dataset/raw_data/vlibrasil/854_Chave/20210126070902_601092fe0ea42.mp4,20210126070902_601092fe0ea42.npy,vlisbrasil,854,Chave
../dataset/raw_data/vlibrasil/854_Chave/20210407083627_606d993b1b02b.mp4,20210407083627_606d993b1b02b.npy,vlisbrasil,854,Chave
../dataset/raw_data/vlibrasil/854_Chave/20210613111910_60c613de60eea.mp4,20210613111910_60c613de60eea.npy,vlisbrasil,854,Chave
../dataset/raw_data/vlibrasil/855_Ciumento/20210126070923_6010931317c88.mp4,20210126070923_6010931317c88.npy,vlisbrasil,855,Ciumento
../dataset/raw_data/vlibrasil/855_Ciumento/20210407083844_606d99c4c1377.mp4,20210407083844_606d99c4c1377.npy,vlisbrasil,855,Ciumento
../dataset/raw_data/vlibrasil/855_Ciumento/20210613114638_60c61a4e34812.mp4,20210613114638_60c61a4e34812.npy,vlisbrasil,855,Ciumento
../dataset/raw_data/vlibrasil/856_Consertar/20210126071012_60109344da11c.mp4,20210126071012_60109344da11c.npy,vlisbrasil,856,Consertar
../dataset/raw_data/vlibrasil/856_Consertar/20210411080450_6072d7d24011a.mp4,20210411080450_6072d7d24011a.npy,vlisbrasil,856,Consertar
../dataset/raw_data/vlibrasil/856_Consertar/20210613111934_60c613f6d547d.mp4,20210613111934_60c613f6d547d.npy,vlisbrasil,856,Consertar
../dataset/raw_data/vlibrasil/857_Criar/20210126071034_6010935a1e703.mp4,20210126071034_6010935a1e703.npy,vlisbrasil,857,Criar
../dataset/raw_data/vlibrasil/857_Criar/20210407084603_606d9b7bc9f6e.mp4,20210407084603_606d9b7bc9f6e.npy,vlisbrasil,857,Criar
../dataset/raw_data/vlibrasil/857_Criar/20210613125818_60c62b1aa67af.mp4,20210613125818_60c62b1aa67af.npy,vlisbrasil,857,Criar
../dataset/raw_data/vlibrasil/858_Deitarse/20210126071056_60109370b7f9e.mp4,20210126071056_60109370b7f9e.npy,vlisbrasil,858,Deitar-se
../dataset/raw_data/vlibrasil/858_Deitarse/20210410090457_60723d29b8fac.mp4,20210410090457_60723d29b8fac.npy,vlisbrasil,858,Deitar-se
../dataset/raw_data/vlibrasil/858_Deitarse/20210613111942_60c613fe86c5c.mp4,20210613111942_60c613fe86c5c.npy,vlisbrasil,858,Deitar-se
../dataset/raw_data/vlibrasil/859_Drogado/20210126071158_601093ae37439.mp4,20210126071158_601093ae37439.npy,vlisbrasil,859,Drogado
../dataset/raw_data/vlibrasil/859_Drogado/20210407085202_606d9ce23ef28.mp4,20210407085202_606d9ce23ef28.npy,vlisbrasil,859,Drogado
../dataset/raw_data/vlibrasil/859_Drogado/20210613010905_60c62da14e94c.mp4,20210613010905_60c62da14e94c.npy,vlisbrasil,859,Drogado
../dataset/raw_data/vlibrasil/860_Economizar_dinheiro/20210126071223_601093c73672e.mp4,20210126071223_601093c73672e.npy,vlisbrasil,860,Economizar dinheiro
../dataset/raw_data/vlibrasil/860_Economizar_dinheiro/20210407085354_606d9d5255f5c.mp4,20210407085354_606d9d5255f5c.npy,vlisbrasil,860,Economizar dinheiro
../dataset/raw_data/vlibrasil/860_Economizar_dinheiro/20210613010954_60c62dd2706a5.mp4,20210613010954_60c62dd2706a5.npy,vlisbrasil,860,Economizar dinheiro
../dataset/raw_data/vlibrasil/861_Escada/20210126071246_601093de45f94.mp4,20210126071246_601093de45f94.npy,vlisbrasil,861,Escada
../dataset/raw_data/vlibrasil/861_Escada/20210410081738_607232125e39b.mp4,20210410081738_607232125e39b.npy,vlisbrasil,861,Escada
../dataset/raw_data/vlibrasil/861_Escada/20210616020058_60ca2e4aec9cc.mp4,20210616020058_60ca2e4aec9cc.npy,vlisbrasil,861,Escada
../dataset/raw_data/vlibrasil/862_Farol/20210126071307_601093f38ca65.mp4,20210126071307_601093f38ca65.npy,vlisbrasil,862,Farol
../dataset/raw_data/vlibrasil/862_Farol/20210616022712_60ca3470c0893.mp4,20210616022712_60ca3470c0893.npy,vlisbrasil,862,Farol
../dataset/raw_data/vlibrasil/862_Farol/20210623041936_60d38948b3613.mp4,20210623041936_60d38948b3613.npy,vlisbrasil,862,Farol
../dataset/raw_data/vlibrasil/863_Imaturo/20210126071329_6010940943e3f.mp4,20210126071329_6010940943e3f.npy,vlisbrasil,863,Imaturo
../dataset/raw_data/vlibrasil/863_Imaturo/20210407090230_606d9f56bcf60.mp4,20210407090230_606d9f56bcf60.npy,vlisbrasil,863,Imaturo
../dataset/raw_data/vlibrasil/863_Imaturo/20210617085127_60cb373f3f9ba.mp4,20210617085127_60cb373f3f9ba.npy,vlisbrasil,863,Imaturo
../dataset/raw_data/vlibrasil/864_Importante/20210126071353_60109421e98bd.mp4,20210126071353_60109421e98bd.npy,vlisbrasil,864,Importante
../dataset/raw_data/vlibrasil/864_Importante/20210407090251_606d9f6bc8efe.mp4,20210407090251_606d9f6bc8efe.npy,vlisbrasil,864,Importante
../dataset/raw_data/vlibrasil/864_Importante/20210601080655_60b614cfbb4bf.mp4,20210601080655_60b614cfbb4bf.npy,vlisbrasil,864,Importante
../dataset/raw_data/vlibrasil/865_Inquieto_agitado/20210126071421_6010943d71ca1.mp4,20210126071421_6010943d71ca1.npy,vlisbrasil,865,Inquieto (agitado)
../dataset/raw_data/vlibrasil/865_Inquieto_agitado/20210410090334_60723cd6bba11.mp4,20210410090334_60723cd6bba11.npy,vlisbrasil,865,Inquieto (agitado)
../dataset/raw_data/vlibrasil/865_Inquieto_agitado/20210617090258_60cb39f2b1075.mp4,20210617090258_60cb39f2b1075.npy,vlisbrasil,865,Inquieto (agitado)
../dataset/raw_data/vlibrasil/866_Leitura_labial/20210126071546_60109492265ed.mp4,20210126071546_60109492265ed.npy,vlisbrasil,866,Leitura labial
../dataset/raw_data/vlibrasil/866_Leitura_labial/20210410091621_60723fd5b31f2.mp4,20210410091621_60723fd5b31f2.npy,vlisbrasil,866,Leitura labial
../dataset/raw_data/vlibrasil/866_Leitura_labial/20210617045845_60cba9755fa6d.mp4,20210617045845_60cba9755fa6d.npy,vlisbrasil,866,Leitura labial
../dataset/raw_data/vlibrasil/867_Letra_J/20210126071612_601094ac33eac.mp4,20210126071612_601094ac33eac.npy,vlisbrasil,867,Letra J
../dataset/raw_data/vlibrasil/867_Letra_J/20210407091058_606da15289344.mp4,20210407091058_606da15289344.npy,vlisbrasil,867,Letra J
../dataset/raw_data/vlibrasil/867_Letra_J/20210617050046_60cba9ee83c0d.mp4,20210617050046_60cba9ee83c0d.npy,vlisbrasil,867,Letra J
../dataset/raw_data/vlibrasil/868_Letra_K/20210126071631_601094bfba980.mp4,20210126071631_601094bfba980.npy,vlisbrasil,868,Letra K
../dataset/raw_data/vlibrasil/868_Letra_K/20210210110544_6023e8384fde1.mp4,20210210110544_6023e8384fde1.npy,vlisbrasil,868,Letra K
../dataset/raw_data/vlibrasil/868_Letra_K/20210617050110_60cbaa0667a16.mp4,20210617050110_60cbaa0667a16.npy,vlisbrasil,868,Letra K
../dataset/raw_data/vlibrasil/869_Letra_L/20210126071656_601094d817d52.mp4,20210126071656_601094d817d52.npy,vlisbrasil,869,Letra L
../dataset/raw_data/vlibrasil/869_Letra_L/20210410081745_607232197b11c.mp4,20210410081745_607232197b11c.npy,vlisbrasil,869,Letra L
../dataset/raw_data/vlibrasil/869_Letra_L/20210617050133_60cbaa1d09abc.mp4,20210617050133_60cbaa1d09abc.npy,vlisbrasil,869,Letra L
../dataset/raw_data/vlibrasil/870_Letra_M/20210126071717_601094ed83e70.mp4,20210126071717_601094ed83e70.npy,vlisbrasil,870,Letra M
../dataset/raw_data/vlibrasil/870_Letra_M/20210617050154_60cbaa322bef7.mp4,20210617050154_60cbaa322bef7.npy,vlisbrasil,870,Letra M
../dataset/raw_data/vlibrasil/870_Letra_M/20210623043946_60d38e02438ef.mp4,20210623043946_60d38e02438ef.npy,vlisbrasil,870,Letra M
../dataset/raw_data/vlibrasil/871_Limite/20210126071742_6010950653e1f.mp4,20210126071742_6010950653e1f.npy,vlisbrasil,871,Limite
../dataset/raw_data/vlibrasil/871_Limite/20210410090647_60723d979c9c1.mp4,20210410090647_60723d979c9c1.npy,vlisbrasil,871,Limite
../dataset/raw_data/vlibrasil/871_Limite/20210617050727_60cbab7ff037c.mp4,20210617050727_60cbab7ff037c.npy,vlisbrasil,871,Limite
../dataset/raw_data/vlibrasil/872_Lista/20210126071841_601095410e9ea.mp4,20210126071841_601095410e9ea.npy,vlisbrasil,872,Lista
../dataset/raw_data/vlibrasil/872_Lista/20210410091703_60723fffe2de3.mp4,20210410091703_60723fffe2de3.npy,vlisbrasil,872,Lista
../dataset/raw_data/vlibrasil/872_Lista/20210617050900_60cbabdcf0b57.mp4,20210617050900_60cbabdcf0b57.npy,vlisbrasil,872,Lista
../dataset/raw_data/vlibrasil/873_Louco/20210126071900_6010955470154.mp4,20210126071900_6010955470154.npy,vlisbrasil,873,Louco
../dataset/raw_data/vlibrasil/873_Louco/20210411081830_6072db0603606.mp4,20210411081830_6072db0603606.npy,vlisbrasil,873,Louco
../dataset/raw_data/vlibrasil/873_Louco/20210617051126_60cbac6e8977a.mp4,20210617051126_60cbac6e8977a.npy,vlisbrasil,873,Louco
../dataset/raw_data/vlibrasil/874_Luz/20210126071930_601095728e9e9.mp4,20210126071930_601095728e9e9.npy,vlisbrasil,874,Luz
../dataset/raw_data/vlibrasil/874_Luz/20210410090707_60723dab1303b.mp4,20210410090707_60723dab1303b.npy,vlisbrasil,874,Luz
../dataset/raw_data/vlibrasil/874_Luz/20210617051238_60cbacb6ddc72.mp4,20210617051238_60cbacb6ddc72.npy,vlisbrasil,874,Luz
../dataset/raw_data/vlibrasil/875_Maconha/20210126071949_601095853f9eb.mp4,20210126071949_601095853f9eb.npy,vlisbrasil,875,Maconha
../dataset/raw_data/vlibrasil/875_Maconha/20210411081919_6072db371bf44.mp4,20210411081919_6072db371bf44.npy,vlisbrasil,875,Maconha
../dataset/raw_data/vlibrasil/875_Maconha/20210617051348_60cbacfc97b6f.mp4,20210617051348_60cbacfc97b6f.npy,vlisbrasil,875,Maconha
../dataset/raw_data/vlibrasil/876_Magia/20210126072008_60109598658cb.mp4,20210126072008_60109598658cb.npy,vlisbrasil,876,Magia
../dataset/raw_data/vlibrasil/876_Magia/20210411081957_6072db5d51092.mp4,20210411081957_6072db5d51092.npy,vlisbrasil,876,Magia
../dataset/raw_data/vlibrasil/876_Magia/20210617051434_60cbad2aca8e0.mp4,20210617051434_60cbad2aca8e0.npy,vlisbrasil,876,Magia
../dataset/raw_data/vlibrasil/877_Matemática/20210126072029_601095ad5a238.mp4,20210126072029_601095ad5a238.npy,vlisbrasil,877,Matemática
../dataset/raw_data/vlibrasil/877_Matemática/20210411082146_6072dbca5e3ad.mp4,20210411082146_6072dbca5e3ad.npy,vlisbrasil,877,Matemática
../dataset/raw_data/vlibrasil/877_Matemática/20210618030503_60cce04f88e42.mp4,20210618030503_60cce04f88e42.npy,vlisbrasil,877,Matemática
../dataset/raw_data/vlibrasil/878_Mulher/20210126072049_601095c115aec.mp4,20210126072049_601095c115aec.npy,vlisbrasil,878,Mulher
../dataset/raw_data/vlibrasil/878_Mulher/20210411085450_6072e38ad7716.mp4,20210411085450_6072e38ad7716.npy,vlisbrasil,878,Mulher
../dataset/raw_data/vlibrasil/878_Mulher/20210618032042_60cce3fa96288.mp4,20210618032042_60cce3fa96288.npy,vlisbrasil,878,Mulher
../dataset/raw_data/vlibrasil/879_Perceber/20210210080928_6023bee8e146b.mp4,20210210080928_6023bee8e146b.npy,vlisbrasil,879,Perceber
../dataset/raw_data/vlibrasil/879_Perceber/20210410091744_607240287a988.mp4,20210410091744_607240287a988.npy,vlisbrasil,879,Perceber
../dataset/raw_data/vlibrasil/879_Perceber/20210619024635_60ce2d7b60e25.mp4,20210619024635_60ce2d7b60e25.npy,vlisbrasil,879,Perceber
../dataset/raw_data/vlibrasil/880_Preencher/20210126072200_6010960899ffb.mp4,20210126072200_6010960899ffb.npy,vlisbrasil,880,Preencher
../dataset/raw_data/vlibrasil/880_Preencher/20210410092115_607240fb5dcd4.mp4,20210410092115_607240fb5dcd4.npy,vlisbrasil,880,Preencher
../dataset/raw_data/vlibrasil/880_Preencher/20210605032948_60bbc29c55e28.mp4,20210605032948_60bbc29c55e28.npy,vlisbrasil,880,Preencher
../dataset/raw_data/vlibrasil/881_Saber/20210126072218_6010961a62386.mp4,20210126072218_6010961a62386.npy,vlisbrasil,881,Saber
../dataset/raw_data/vlibrasil/881_Saber/20210410080930_6071876a68dee.mp4,20210410080930_6071876a68dee.npy,vlisbrasil,881,Saber
../dataset/raw_data/vlibrasil/881_Saber/20210610040531_60c2627b305d2.mp4,20210610040531_60c2627b305d2.npy,vlisbrasil,881,Saber
../dataset/raw_data/vlibrasil/882_Suspender_interrromper/20210126072238_6010962e86eb0.mp4,20210126072238_6010962e86eb0.npy,vlisbrasil,882,Suspender (interrromper)
../dataset/raw_data/vlibrasil/882_Suspender_interrromper/20210410081116_607187d485257.mp4,20210410081116_607187d485257.npy,vlisbrasil,882,Suspender (interrromper)
../dataset/raw_data/vlibrasil/882_Suspender_interrromper/20210621053625_60d0f8492b465.mp4,20210621053625_60d0f8492b465.npy,vlisbrasil,882,Suspender (interrromper)
../dataset/raw_data/vlibrasil/883_Tamanho/20210126072300_601096444310a.mp4,20210126072300_601096444310a.npy,vlisbrasil,883,Tamanho
../dataset/raw_data/vlibrasil/883_Tamanho/20210411090554_6072e62272192.mp4,20210411090554_6072e62272192.npy,vlisbrasil,883,Tamanho
../dataset/raw_data/vlibrasil/883_Tamanho/20210621044008_60d0eb18d1fa1.mp4,20210621044008_60d0eb18d1fa1.npy,vlisbrasil,883,Tamanho
../dataset/raw_data/vlibrasil/884_Viver/20210126072327_6010965f12fe9.mp4,20210126072327_6010965f12fe9.npy,vlisbrasil,884,Viver
../dataset/raw_data/vlibrasil/884_Viver/20210410090802_60723de2b93f5.mp4,20210410090802_60723de2b93f5.npy,vlisbrasil,884,Viver
../dataset/raw_data/vlibrasil/884_Viver/20210621053337_60d0f7a121f20.mp4,20210621053337_60d0f7a121f20.npy,vlisbrasil,884,Viver
../dataset/raw_data/vlibrasil/885_À_noite_toda/20210126072453_601096b5ed907.mp4,20210126072453_601096b5ed907.npy,vlisbrasil,885,À noite toda
../dataset/raw_data/vlibrasil/885_À_noite_toda/20210411080131_6072d70b74896.mp4,20210411080131_6072d70b74896.npy,vlisbrasil,885,À noite toda
../dataset/raw_data/vlibrasil/885_À_noite_toda/20210929042018_6154bc720abf7.mp4,20210929042018_6154bc720abf7.npy,vlisbrasil,885,À noite toda
../dataset/raw_data/vlibrasil/886_Ausente/20210126072730_6010975240631.mp4,20210126072730_6010975240631.npy,vlisbrasil,886,Ausente
../dataset/raw_data/vlibrasil/886_Ausente/20210411080225_6072d741a8f6a.mp4,20210411080225_6072d741a8f6a.npy,vlisbrasil,886,Ausente
../dataset/raw_data/vlibrasil/886_Ausente/20210611045319_60c3bf2f31546.mp4,20210611045319_60c3bf2f31546.npy,vlisbrasil,886,Ausente
../dataset/raw_data/vlibrasil/887_Ruído/20210126072824_60109788754ad.mp4,20210126072824_60109788754ad.npy,vlisbrasil,887,Ruído
../dataset/raw_data/vlibrasil/887_Ruído/20210610040328_60c262001684a.mp4,20210610040328_60c262001684a.npy,vlisbrasil,887,Ruído
../dataset/raw_data/vlibrasil/887_Ruído/20210623100207_60d3d98fbf81f.mp4,20210623100207_60d3d98fbf81f.npy,vlisbrasil,887,Ruído
../dataset/raw_data/vlibrasil/888_Caro/20210126072917_601097bdb6632.mp4,20210126072917_601097bdb6632.npy,vlisbrasil,888,Caro
../dataset/raw_data/vlibrasil/888_Caro/20210411080320_6072d7782b187.mp4,20210411080320_6072d7782b187.npy,vlisbrasil,888,Caro
../dataset/raw_data/vlibrasil/888_Caro/20210613111858_60c613d20f94f.mp4,20210613111858_60c613d20f94f.npy,vlisbrasil,888,Caro
../dataset/raw_data/vlibrasil/889_Comissão/20210126073052_6010981cc9b16.mp4,20210126073052_6010981cc9b16.npy,vlisbrasil,889,Comissão
../dataset/raw_data/vlibrasil/889_Comissão/20210411080403_6072d7a30adf6.mp4,20210411080403_6072d7a30adf6.npy,vlisbrasil,889,Comissão
../dataset/raw_data/vlibrasil/889_Comissão/20210613125112_60c62970765c0.mp4,20210613125112_60c62970765c0.npy,vlisbrasil,889,Comissão
../dataset/raw_data/vlibrasil/890_Confuso/20210126073114_6010983240a18.mp4,20210126073114_6010983240a18.npy,vlisbrasil,890,Confuso
../dataset/raw_data/vlibrasil/890_Confuso/20210411080435_6072d7c3dd2b2.mp4,20210411080435_6072d7c3dd2b2.npy,vlisbrasil,890,Confuso
../dataset/raw_data/vlibrasil/890_Confuso/20210613111908_60c613dc342f3.mp4,20210613111908_60c613dc342f3.npy,vlisbrasil,890,Confuso
../dataset/raw_data/vlibrasil/892_Devemos/20210126073301_6010989dbdb58.mp4,20210126073301_6010989dbdb58.npy,vlisbrasil,892,Devemos
../dataset/raw_data/vlibrasil/892_Devemos/20210127040459_6011b95b380df.mp4,20210127040459_6011b95b380df.npy,vlisbrasil,892,Devemos
../dataset/raw_data/vlibrasil/892_Devemos/20210613010313_60c62c4110b2c.mp4,20210613010313_60c62c4110b2c.npy,vlisbrasil,892,Devemos
../dataset/raw_data/vlibrasil/893_Dinheiro/20210126073326_601098b64b4cf.mp4,20210126073326_601098b64b4cf.npy,vlisbrasil,893,Dinheiro
../dataset/raw_data/vlibrasil/893_Dinheiro/20210411080547_6072d80bc9a06.mp4,20210411080547_6072d80bc9a06.npy,vlisbrasil,893,Dinheiro
../dataset/raw_data/vlibrasil/893_Dinheiro/20210613010431_60c62c8fbce4d.mp4,20210613010431_60c62c8fbce4d.npy,vlisbrasil,893,Dinheiro
../dataset/raw_data/vlibrasil/894_Disponível/20210126073354_601098d25f7bd.mp4,20210126073354_601098d25f7bd.npy,vlisbrasil,894,Disponível
../dataset/raw_data/vlibrasil/894_Disponível/20210127040653_6011b9cde1410.mp4,20210127040653_6011b9cde1410.npy,vlisbrasil,894,Disponível
../dataset/raw_data/vlibrasil/894_Disponível/20210613051515_60c667539d778.mp4,20210613051515_60c667539d778.npy,vlisbrasil,894,Disponível
../dataset/raw_data/vlibrasil/895_Encontrar/20210126073426_601098f2b9bab.mp4,20210126073426_601098f2b9bab.npy,vlisbrasil,895,Encontrar
../dataset/raw_data/vlibrasil/895_Encontrar/20210411080633_6072d839b247a.mp4,20210411080633_6072d839b247a.npy,vlisbrasil,895,Encontrar
../dataset/raw_data/vlibrasil/895_Encontrar/20210616020011_60ca2e1b96d80.mp4,20210616020011_60ca2e1b96d80.npy,vlisbrasil,895,Encontrar
../dataset/raw_data/vlibrasil/896_Espelho/20210126073445_6010990570925.mp4,20210126073445_6010990570925.npy,vlisbrasil,896,Espelho
../dataset/raw_data/vlibrasil/896_Espelho/20210411080749_6072d885c9d7f.mp4,20210411080749_6072d885c9d7f.npy,vlisbrasil,896,Espelho
../dataset/raw_data/vlibrasil/896_Espelho/20210616021347_60ca314b948b5.mp4,20210616021347_60ca314b948b5.npy,vlisbrasil,896,Espelho
../dataset/raw_data/vlibrasil/897_Eu_vejo/20210126073520_60109928add5f.mp4,20210126073520_60109928add5f.npy,vlisbrasil,897,Eu vejo
../dataset/raw_data/vlibrasil/897_Eu_vejo/20210127040931_6011ba6b9175a.mp4,20210127040931_6011ba6b9175a.npy,vlisbrasil,897,Eu vejo
../dataset/raw_data/vlibrasil/897_Eu_vejo/20210621042906_60d0e882072a3.mp4,20210621042906_60d0e882072a3.npy,vlisbrasil,897,Eu vejo
../dataset/raw_data/vlibrasil/898_Faculdade/20210126073544_60109940a0439.mp4,20210126073544_60109940a0439.npy,vlisbrasil,898,Faculdade
../dataset/raw_data/vlibrasil/898_Faculdade/20210411081357_6072d9f52ded4.mp4,20210411081357_6072d9f52ded4.npy,vlisbrasil,898,Faculdade
../dataset/raw_data/vlibrasil/898_Faculdade/20210616022645_60ca345525e31.mp4,20210616022645_60ca345525e31.npy,vlisbrasil,898,Faculdade
../dataset/raw_data/vlibrasil/899_Filme/20210126073608_6010995875683.mp4,20210126073608_6010995875683.npy,vlisbrasil,899,Filme
../dataset/raw_data/vlibrasil/899_Filme/20210127041134_6011bae6e4f28.mp4,20210127041134_6011bae6e4f28.npy,vlisbrasil,899,Filme
../dataset/raw_data/vlibrasil/899_Filme/20210616022907_60ca34e336e74.mp4,20210616022907_60ca34e336e74.npy,vlisbrasil,899,Filme
../dataset/raw_data/vlibrasil/900_Gravata/20210126073638_601099762454e.mp4,20210126073638_601099762454e.npy,vlisbrasil,900,Gravata
../dataset/raw_data/vlibrasil/900_Gravata/20210127041403_6011bb7b1dc03.mp4,20210127041403_6011bb7b1dc03.npy,vlisbrasil,900,Gravata
../dataset/raw_data/vlibrasil/900_Gravata/20210617083306_60cb32f234ac2.mp4,20210617083306_60cb32f234ac2.npy,vlisbrasil,900,Gravata
../dataset/raw_data/vlibrasil/901_Legislatura/20210126073705_60109991a6cfb.mp4,20210126073705_60109991a6cfb.npy,vlisbrasil,901,Legislatura
../dataset/raw_data/vlibrasil/901_Legislatura/20210617045812_60cba9545fb62.mp4,20210617045812_60cba9545fb62.npy,vlisbrasil,901,Legislatura
../dataset/raw_data/vlibrasil/901_Legislatura/20210623043949_60d38e05379b6.mp4,20210623043949_60d38e05379b6.npy,vlisbrasil,901,Legislatura
../dataset/raw_data/vlibrasil/902_Leite/20210126073756_601099c44b02e.mp4,20210126073756_601099c44b02e.npy,vlisbrasil,902,Leite
../dataset/raw_data/vlibrasil/902_Leite/20210411081749_6072daddb5fd4.mp4,20210411081749_6072daddb5fd4.npy,vlisbrasil,902,Leite
../dataset/raw_data/vlibrasil/902_Leite/20210617045823_60cba95fe8816.mp4,20210617045823_60cba95fe8816.npy,vlisbrasil,902,Leite
../dataset/raw_data/vlibrasil/903_Letra_N/20210126073814_601099d61449f.mp4,20210126073814_601099d61449f.npy,vlisbrasil,903,Letra N
../dataset/raw_data/vlibrasil/903_Letra_N/20210411081818_6072dafa33fd0.mp4,20210411081818_6072dafa33fd0.npy,vlisbrasil,903,Letra N
../dataset/raw_data/vlibrasil/903_Letra_N/20210617050208_60cbaa4033fb0.mp4,20210617050208_60cbaa4033fb0.npy,vlisbrasil,903,Letra N
../dataset/raw_data/vlibrasil/904_Lua/20210126073834_601099ea5f2ce.mp4,20210126073834_601099ea5f2ce.npy,vlisbrasil,904,Lua
../dataset/raw_data/vlibrasil/904_Lua/20210411081847_6072db1746d30.mp4,20210411081847_6072db1746d30.npy,vlisbrasil,904,Lua
../dataset/raw_data/vlibrasil/904_Lua/20210617051143_60cbac7fe9d86.mp4,20210617051143_60cbac7fe9d86.npy,vlisbrasil,904,Lua
../dataset/raw_data/vlibrasil/905_Macaco/20210126073906_60109a0a3561b.mp4,20210126073906_60109a0a3561b.npy,vlisbrasil,905,Macaco
../dataset/raw_data/vlibrasil/905_Macaco/20210411081911_6072db2f80913.mp4,20210411081911_6072db2f80913.npy,vlisbrasil,905,Macaco
../dataset/raw_data/vlibrasil/905_Macaco/20210617051258_60cbacca9c3d0.mp4,20210617051258_60cbacca9c3d0.npy,vlisbrasil,905,Macaco
../dataset/raw_data/vlibrasil/906_Mãe/20210126073926_60109a1e32036.mp4,20210126073926_60109a1e32036.npy,vlisbrasil,906,Mãe
../dataset/raw_data/vlibrasil/906_Mãe/20210411081934_6072db4696ad5.mp4,20210411081934_6072db4696ad5.npy,vlisbrasil,906,Mãe
../dataset/raw_data/vlibrasil/906_Mãe/20210617051420_60cbad1c8115c.mp4,20210617051420_60cbad1c8115c.npy,vlisbrasil,906,Mãe
../dataset/raw_data/vlibrasil/907_Maioria/20210126073944_60109a30aad56.mp4,20210126073944_60109a30aad56.npy,vlisbrasil,907,Maioria
../dataset/raw_data/vlibrasil/907_Maioria/20210411082022_6072db76e2f47.mp4,20210411082022_6072db76e2f47.npy,vlisbrasil,907,Maioria
../dataset/raw_data/vlibrasil/907_Maioria/20210618030121_60ccdf71a6dc6.mp4,20210618030121_60ccdf71a6dc6.npy,vlisbrasil,907,Maioria
../dataset/raw_data/vlibrasil/908_Mais_ainda/20210126074005_60109a453fcec.mp4,20210126074005_60109a453fcec.npy,vlisbrasil,908,Mais ainda
../dataset/raw_data/vlibrasil/908_Mais_ainda/20210618030137_60ccdf811c441.mp4,20210618030137_60ccdf811c441.npy,vlisbrasil,908,Mais ainda
../dataset/raw_data/vlibrasil/908_Mais_ainda/20210623051352_60d3960029dbd.mp4,20210623051352_60d3960029dbd.npy,vlisbrasil,908,Mais ainda
../dataset/raw_data/vlibrasil/909_Mal_entendido/20210126074024_60109a58a800c.mp4,20210126074024_60109a58a800c.npy,vlisbrasil,909,Mal entendido
../dataset/raw_data/vlibrasil/909_Mal_entendido/20210411082037_6072db857b058.mp4,20210411082037_6072db857b058.npy,vlisbrasil,909,Mal entendido
../dataset/raw_data/vlibrasil/909_Mal_entendido/20210618030228_60ccdfb44fb0f.mp4,20210618030228_60ccdfb44fb0f.npy,vlisbrasil,909,Mal entendido
../dataset/raw_data/vlibrasil/910_Mamilos/20210126074048_60109a70b9ae0.mp4,20210126074048_60109a70b9ae0.npy,vlisbrasil,910,Mamilos
../dataset/raw_data/vlibrasil/910_Mamilos/20210618030301_60ccdfd5da740.mp4,20210618030301_60ccdfd5da740.npy,vlisbrasil,910,Mamilos
../dataset/raw_data/vlibrasil/910_Mamilos/20210623051403_60d3960bb6e41.mp4,20210623051403_60d3960bb6e41.npy,vlisbrasil,910,Mamilos
../dataset/raw_data/vlibrasil/911_Manhã/20210126074108_60109a843c9f3.mp4,20210126074108_60109a843c9f3.npy,vlisbrasil,911,Manhã
../dataset/raw_data/vlibrasil/911_Manhã/20210411082106_6072dba2c9d2f.mp4,20210411082106_6072dba2c9d2f.npy,vlisbrasil,911,Manhã
../dataset/raw_data/vlibrasil/911_Manhã/20210618030329_60ccdff13095a.mp4,20210618030329_60ccdff13095a.npy,vlisbrasil,911,Manhã
../dataset/raw_data/vlibrasil/912_Meianoite/20210126074134_60109a9e1600d.mp4,20210126074134_60109a9e1600d.npy,vlisbrasil,912,Meia-noite
../dataset/raw_data/vlibrasil/912_Meianoite/20210411084530_6072e15a45cd2.mp4,20210411084530_6072e15a45cd2.npy,vlisbrasil,912,Meia-noite
../dataset/raw_data/vlibrasil/912_Meianoite/20210618031158_60cce1eecfae9.mp4,20210618031158_60cce1eecfae9.npy,vlisbrasil,912,Meia-noite
../dataset/raw_data/vlibrasil/913_Meiodia/20210126074155_60109ab34ef74.mp4,20210126074155_60109ab34ef74.npy,vlisbrasil,913,Meio-dia
../dataset/raw_data/vlibrasil/913_Meiodia/20210127043014_6011bf462ce5c.mp4,20210127043014_6011bf462ce5c.npy,vlisbrasil,913,Meio-dia
../dataset/raw_data/vlibrasil/913_Meiodia/20210618031232_60cce21074e5c.mp4,20210618031232_60cce21074e5c.npy,vlisbrasil,913,Meio-dia
../dataset/raw_data/vlibrasil/914_Memorizar/20210126074236_60109adc2cd53.mp4,20210126074236_60109adc2cd53.npy,vlisbrasil,914,Memorizar
../dataset/raw_data/vlibrasil/914_Memorizar/20210411085228_6072e2fcc59ab.mp4,20210411085228_6072e2fcc59ab.npy,vlisbrasil,914,Memorizar
../dataset/raw_data/vlibrasil/914_Memorizar/20210618031325_60cce245a1a62.mp4,20210618031325_60cce245a1a62.npy,vlisbrasil,914,Memorizar
../dataset/raw_data/vlibrasil/915_Menstruar/20210126074257_60109af186dce.mp4,20210126074257_60109af186dce.npy,vlisbrasil,915,Menstruar
../dataset/raw_data/vlibrasil/915_Menstruar/20210411084611_6072e183ece5c.mp4,20210411084611_6072e183ece5c.npy,vlisbrasil,915,Menstruar
../dataset/raw_data/vlibrasil/915_Menstruar/20210621043021_60d0e8cd1881e.mp4,20210621043021_60d0e8cd1881e.npy,vlisbrasil,915,Menstruar
../dataset/raw_data/vlibrasil/916_Metal/20210126074319_60109b079a16f.mp4,20210126074319_60109b079a16f.npy,vlisbrasil,916,Metal
../dataset/raw_data/vlibrasil/916_Metal/20210618031635_60cce30325388.mp4,20210618031635_60cce30325388.npy,vlisbrasil,916,Metal
../dataset/raw_data/vlibrasil/916_Metal/20210623051431_60d39627139b2.mp4,20210623051431_60d39627139b2.npy,vlisbrasil,916,Metal
../dataset/raw_data/vlibrasil/917_Microfone/20210126074339_60109b1b13618.mp4,20210126074339_60109b1b13618.npy,vlisbrasil,917,Microfone
../dataset/raw_data/vlibrasil/917_Microfone/20210411084628_6072e194d7b31.mp4,20210411084628_6072e194d7b31.npy,vlisbrasil,917,Microfone
../dataset/raw_data/vlibrasil/917_Microfone/20210618031708_60cce324037d8.mp4,20210618031708_60cce324037d8.npy,vlisbrasil,917,Microfone
../dataset/raw_data/vlibrasil/919_Minuto/20210126074435_60109b532c6d1.mp4,20210126074435_60109b532c6d1.npy,vlisbrasil,919,Minuto
../dataset/raw_data/vlibrasil/919_Minuto/20210411085403_6072e35b90c6c.mp4,20210411085403_6072e35b90c6c.npy,vlisbrasil,919,Minuto
../dataset/raw_data/vlibrasil/919_Minuto/20210618031728_60cce33887297.mp4,20210618031728_60cce33887297.npy,vlisbrasil,919,Minuto
../dataset/raw_data/vlibrasil/920_Misturar/20210126074456_60109b684d0b5.mp4,20210126074456_60109b684d0b5.npy,vlisbrasil,920,Misturar
../dataset/raw_data/vlibrasil/920_Misturar/20210210112557_6023ecf5ae59a.mp4,20210210112557_6023ecf5ae59a.npy,vlisbrasil,920,Misturar
../dataset/raw_data/vlibrasil/920_Misturar/20210618031814_60cce366233ed.mp4,20210618031814_60cce366233ed.npy,vlisbrasil,920,Misturar
../dataset/raw_data/vlibrasil/921_Montanha/20210126074516_60109b7c68e8a.mp4,20210126074516_60109b7c68e8a.npy,vlisbrasil,921,Montanha
../dataset/raw_data/vlibrasil/921_Montanha/20210127043101_6011bf75f0a38.mp4,20210127043101_6011bf75f0a38.npy,vlisbrasil,921,Montanha
../dataset/raw_data/vlibrasil/921_Montanha/20210618031827_60cce373ea698.mp4,20210618031827_60cce373ea698.npy,vlisbrasil,921,Montanha
../dataset/raw_data/vlibrasil/922_Motocicleta/20210126074535_60109b8f50b2e.mp4,20210126074535_60109b8f50b2e.npy,vlisbrasil,922,Motocicleta
../dataset/raw_data/vlibrasil/922_Motocicleta/20210127043341_6011c01555add.mp4,20210127043341_6011c01555add.npy,vlisbrasil,922,Motocicleta
../dataset/raw_data/vlibrasil/922_Motocicleta/20210618031925_60cce3ad989d9.mp4,20210618031925_60cce3ad989d9.npy,vlisbrasil,922,Motocicleta
../dataset/raw_data/vlibrasil/923_Motor/20210126074556_60109ba4d535c.mp4,20210126074556_60109ba4d535c.npy,vlisbrasil,923,Motor
../dataset/raw_data/vlibrasil/923_Motor/20210618031946_60cce3c2dac85.mp4,20210618031946_60cce3c2dac85.npy,vlisbrasil,923,Motor
../dataset/raw_data/vlibrasil/923_Motor/20210623095209_60d3d7391a3a8.mp4,20210623095209_60d3d7391a3a8.npy,vlisbrasil,923,Motor
../dataset/raw_data/vlibrasil/924_Movimento/20210126074614_60109bb681e8d.mp4,20210126074614_60109bb681e8d.npy,vlisbrasil,924,Movimento
../dataset/raw_data/vlibrasil/924_Movimento/20210127044414_6011c28eb0f7d.mp4,20210127044414_6011c28eb0f7d.npy,vlisbrasil,924,Movimento
../dataset/raw_data/vlibrasil/924_Movimento/20210618032005_60cce3d5ad3ff.mp4,20210618032005_60cce3d5ad3ff.npy,vlisbrasil,924,Movimento
../dataset/raw_data/vlibrasil/925_Museu/20210126074817_60109c313bbf7.mp4,20210126074817_60109c313bbf7.npy,vlisbrasil,925,Museu
../dataset/raw_data/vlibrasil/925_Museu/20210127044607_6011c2ff4a199.mp4,20210127044607_6011c2ff4a199.npy,vlisbrasil,925,Museu
../dataset/raw_data/vlibrasil/925_Museu/20210618032143_60cce437dacf8.mp4,20210618032143_60cce437dacf8.npy,vlisbrasil,925,Museu
../dataset/raw_data/vlibrasil/926_Música/20210126074837_60109c45db359.mp4,20210126074837_60109c45db359.npy,vlisbrasil,926,Música
../dataset/raw_data/vlibrasil/926_Música/20210127044702_6011c3366478d.mp4,20210127044702_6011c3366478d.npy,vlisbrasil,926,Música
../dataset/raw_data/vlibrasil/926_Música/20210618032201_60cce44988cb8.mp4,20210618032201_60cce44988cb8.npy,vlisbrasil,926,Música
../dataset/raw_data/vlibrasil/927_Nariz/20210126074927_60109c7732065.mp4,20210126074927_60109c7732065.npy,vlisbrasil,927,Nariz
../dataset/raw_data/vlibrasil/927_Nariz/20210127054123_6011cff3649fa.mp4,20210127054123_6011cff3649fa.npy,vlisbrasil,927,Nariz
../dataset/raw_data/vlibrasil/927_Nariz/20210618032353_60cce4b9a61c2.mp4,20210618032353_60cce4b9a61c2.npy,vlisbrasil,927,Nariz
../dataset/raw_data/vlibrasil/928_Negativo/20210126074949_60109c8d55401.mp4,20210126074949_60109c8d55401.npy,vlisbrasil,928,Negativo
../dataset/raw_data/vlibrasil/928_Negativo/20210127054146_6011d00a1c875.mp4,20210127054146_6011d00a1c875.npy,vlisbrasil,928,Negativo
../dataset/raw_data/vlibrasil/928_Negativo/20210618032445_60cce4ed00d6a.mp4,20210618032445_60cce4ed00d6a.npy,vlisbrasil,928,Negativo
../dataset/raw_data/vlibrasil/930_Nervoso/20210126075040_60109cc0b5cef.mp4,20210126075040_60109cc0b5cef.npy,vlisbrasil,930,Nervoso
../dataset/raw_data/vlibrasil/930_Nervoso/20210127054355_6011d08b723aa.mp4,20210127054355_6011d08b723aa.npy,vlisbrasil,930,Nervoso
../dataset/raw_data/vlibrasil/930_Nervoso/20210618032517_60cce50d7aac8.mp4,20210618032517_60cce50d7aac8.npy,vlisbrasil,930,Nervoso
../dataset/raw_data/vlibrasil/931_Nome/20210126075205_60109d15c7a08.mp4,20210126075205_60109d15c7a08.npy,vlisbrasil,931,Nome
../dataset/raw_data/vlibrasil/931_Nome/20210411085507_6072e39b02603.mp4,20210411085507_6072e39b02603.npy,vlisbrasil,931,Nome
../dataset/raw_data/vlibrasil/931_Nome/20210618032552_60cce530a9e5f.mp4,20210618032552_60cce530a9e5f.npy,vlisbrasil,931,Nome
../dataset/raw_data/vlibrasil/932_Norte/20210126075238_60109d364446e.mp4,20210126075238_60109d364446e.npy,vlisbrasil,932,Norte
../dataset/raw_data/vlibrasil/932_Norte/20210127054456_6011d0c81bc4c.mp4,20210127054456_6011d0c81bc4c.npy,vlisbrasil,932,Norte
../dataset/raw_data/vlibrasil/932_Norte/20210618032615_60cce54795514.mp4,20210618032615_60cce54795514.npy,vlisbrasil,932,Norte
../dataset/raw_data/vlibrasil/933_Novo/20210126075340_60109d74b6a12.mp4,20210126075340_60109d74b6a12.npy,vlisbrasil,933,Novo
../dataset/raw_data/vlibrasil/933_Novo/20210127054501_6011d0cdb605f.mp4,20210127054501_6011d0cdb605f.npy,vlisbrasil,933,Novo
../dataset/raw_data/vlibrasil/933_Novo/20210619023304_60ce2a503e2b5.mp4,20210619023304_60ce2a503e2b5.npy,vlisbrasil,933,Novo
../dataset/raw_data/vlibrasil/936_Nunca/20210126075514_60109dd23f301.mp4,20210126075514_60109dd23f301.npy,vlisbrasil,936,Nunca
../dataset/raw_data/vlibrasil/936_Nunca/20210127054656_6011d14035e14.mp4,20210127054656_6011d14035e14.npy,vlisbrasil,936,Nunca
../dataset/raw_data/vlibrasil/936_Nunca/20210619023355_60ce2a838677f.mp4,20210619023355_60ce2a838677f.npy,vlisbrasil,936,Nunca
../dataset/raw_data/vlibrasil/937_Obrigação/20210126075539_60109deb438c6.mp4,20210126075539_60109deb438c6.npy,vlisbrasil,937,Obrigação
../dataset/raw_data/vlibrasil/937_Obrigação/20210407095318_606dab3e81e9c.mp4,20210407095318_606dab3e81e9c.npy,vlisbrasil,937,Obrigação
../dataset/raw_data/vlibrasil/937_Obrigação/20210619023517_60ce2ad5385a7.mp4,20210619023517_60ce2ad5385a7.npy,vlisbrasil,937,Obrigação
../dataset/raw_data/vlibrasil/938_Pai/20210126075603_60109e037fb27.mp4,20210126075603_60109e037fb27.npy,vlisbrasil,938,Pai
../dataset/raw_data/vlibrasil/938_Pai/20210411085603_6072e3d3ec15d.mp4,20210411085603_6072e3d3ec15d.npy,vlisbrasil,938,Pai
../dataset/raw_data/vlibrasil/938_Pai/20210619024021_60ce2c05ecae1.mp4,20210619024021_60ce2c05ecae1.npy,vlisbrasil,938,Pai
../dataset/raw_data/vlibrasil/939_Poesia/20210126075735_60109e5fac369.mp4,20210126075735_60109e5fac369.npy,vlisbrasil,939,Poesia
../dataset/raw_data/vlibrasil/939_Poesia/20210127060114_6011d49ad4ca1.mp4,20210127060114_6011d49ad4ca1.npy,vlisbrasil,939,Poesia
../dataset/raw_data/vlibrasil/940_Pulsar/20210126075756_60109e740eb53.mp4,20210126075756_60109e740eb53.npy,vlisbrasil,940,Pulsar
../dataset/raw_data/vlibrasil/940_Pulsar/20210127060730_6011d612103c2.mp4,20210127060730_6011d612103c2.npy,vlisbrasil,940,Pulsar
../dataset/raw_data/vlibrasil/940_Pulsar/20210605034904_60bbc7205792d.mp4,20210605034904_60bbc7205792d.npy,vlisbrasil,940,Pulsar
../dataset/raw_data/vlibrasil/941_Rato/20210126075832_60109e9897c6d.mp4,20210126075832_60109e9897c6d.npy,vlisbrasil,941,Rato
../dataset/raw_data/vlibrasil/941_Rato/20210127050409_6011c73900749.mp4,20210127050409_6011c73900749.npy,vlisbrasil,941,Rato
../dataset/raw_data/vlibrasil/941_Rato/20210609095439_60c162cf5a3cd.mp4,20210609095439_60c162cf5a3cd.npy,vlisbrasil,941,Rato
../dataset/raw_data/vlibrasil/942_Se_afaste/20210126075942_60109edebb2e5.mp4,20210126075942_60109edebb2e5.npy,vlisbrasil,942,Se afaste
../dataset/raw_data/vlibrasil/942_Se_afaste/20210127051556_6011c9fc241cf.mp4,20210127051556_6011c9fc241cf.npy,vlisbrasil,942,Se afaste
../dataset/raw_data/vlibrasil/942_Se_afaste/20210610041522_60c264cad7309.mp4,20210610041522_60c264cad7309.npy,vlisbrasil,942,Se afaste
../dataset/raw_data/vlibrasil/943_Segundafeira/20210126080258_60109fa2a6e44.mp4,20210126080258_60109fa2a6e44.npy,vlisbrasil,943,Segunda-feira
../dataset/raw_data/vlibrasil/943_Segundafeira/20210411090526_6072e6067ae4b.mp4,20210411090526_6072e6067ae4b.npy,vlisbrasil,943,Segunda-feira
../dataset/raw_data/vlibrasil/943_Segundafeira/20210610042641_60c2677150ba6.mp4,20210610042641_60c2677150ba6.npy,vlisbrasil,943,Segunda-feira
../dataset/raw_data/vlibrasil/944_Sobrinha/20210126080414_60109fee324e5.mp4,20210126080414_60109fee324e5.npy,vlisbrasil,944,Sobrinha
../dataset/raw_data/vlibrasil/944_Sobrinha/20210127052908_6011cd140de0b.mp4,20210127052908_6011cd140de0b.npy,vlisbrasil,944,Sobrinha
../dataset/raw_data/vlibrasil/944_Sobrinha/20210610044405_60c26b85e1e08.mp4,20210610044405_60c26b85e1e08.npy,vlisbrasil,944,Sobrinha
../dataset/raw_data/vlibrasil/945_Toda_segundafeira/20210126080517_6010a02d34cf8.mp4,20210126080517_6010a02d34cf8.npy,vlisbrasil,945,Toda segunda-feira
../dataset/raw_data/vlibrasil/945_Toda_segundafeira/20210411090615_6072e63791900.mp4,20210411090615_6072e63791900.npy,vlisbrasil,945,Toda segunda-feira
../dataset/raw_data/vlibrasil/945_Toda_segundafeira/20210621051323_60d0f2e3e341f.mp4,20210621051323_60d0f2e3e341f.npy,vlisbrasil,945,Toda segunda-feira
../dataset/raw_data/vlibrasil/946_Triste/20210126080624_6010a0705d3ad.mp4,20210126080624_6010a0705d3ad.npy,vlisbrasil,946,Triste
../dataset/raw_data/vlibrasil/946_Triste/20210127061537_6011d7f9dabd2.mp4,20210127061537_6011d7f9dabd2.npy,vlisbrasil,946,Triste
../dataset/raw_data/vlibrasil/946_Triste/20210621051604_60d0f38483a69.mp4,20210621051604_60d0f38483a69.npy,vlisbrasil,946,Triste
../dataset/raw_data/vlibrasil/947_Uma_vez/20210126080652_6010a08cbe2d1.mp4,20210126080652_6010a08cbe2d1.npy,vlisbrasil,947,Uma vez
../dataset/raw_data/vlibrasil/947_Uma_vez/20210127061620_6011d8249df6c.mp4,20210127061620_6011d8249df6c.npy,vlisbrasil,947,Uma vez
../dataset/raw_data/vlibrasil/947_Uma_vez/20210621051644_60d0f3acc189f.mp4,20210621051644_60d0f3acc189f.npy,vlisbrasil,947,Uma vez
../dataset/raw_data/vlibrasil/948_Vazio/20210126080814_6010a0decc61b.mp4,20210126080814_6010a0decc61b.npy,vlisbrasil,948,Vazio
../dataset/raw_data/vlibrasil/948_Vazio/20210210112542_6023ece68ae7d.mp4,20210210112542_6023ece68ae7d.npy,vlisbrasil,948,Vazio
../dataset/raw_data/vlibrasil/948_Vazio/20210621052746_60d0f642229b2.mp4,20210621052746_60d0f642229b2.npy,vlisbrasil,948,Vazio
../dataset/raw_data/vlibrasil/949_Veia/20210126080836_6010a0f4c7ed9.mp4,20210126080836_6010a0f4c7ed9.npy,vlisbrasil,949,Veia
../dataset/raw_data/vlibrasil/949_Veia/20210127061837_6011d8ad4d993.mp4,20210127061837_6011d8ad4d993.npy,vlisbrasil,949,Veia
../dataset/raw_data/vlibrasil/949_Veia/20210621052800_60d0f6509480a.mp4,20210621052800_60d0f6509480a.npy,vlisbrasil,949,Veia
../dataset/raw_data/vlibrasil/950_Zero/20210126080857_6010a1093b430.mp4,20210126080857_6010a1093b430.npy,vlisbrasil,950,Zero
../dataset/raw_data/vlibrasil/950_Zero/20210127061941_6011d8ed0fd16.mp4,20210127061941_6011d8ed0fd16.npy,vlisbrasil,950,Zero
../dataset/raw_data/vlibrasil/950_Zero/20210621053522_60d0f80a03565.mp4,20210621053522_60d0f80a03565.npy,vlisbrasil,950,Zero
../dataset/raw_data/vlibrasil/951_Alguns/20210127093457_60115df1872e4.mp4,20210127093457_60115df1872e4.npy,vlisbrasil,951,Alguns
../dataset/raw_data/vlibrasil/951_Alguns/20210209064641_602302c1c6dce.mp4,20210209064641_602302c1c6dce.npy,vlisbrasil,951,Alguns
../dataset/raw_data/vlibrasil/951_Alguns/20210505074727_609277bf00d89.mp4,20210505074727_609277bf00d89.npy,vlisbrasil,951,Alguns
../dataset/raw_data/vlibrasil/952_Aranha/20210127104457_60116e5917ee1.mp4,20210127104457_60116e5917ee1.npy,vlisbrasil,952,Aranha
../dataset/raw_data/vlibrasil/952_Aranha/20210505075502_609279867df8f.mp4,20210505075502_609279867df8f.npy,vlisbrasil,952,Aranha
../dataset/raw_data/vlibrasil/952_Aranha/20210929044600_6154c27832c00.mp4,20210929044600_6154c27832c00.npy,vlisbrasil,952,Aranha
../dataset/raw_data/vlibrasil/953_Arrepios/20210127111019_6011744b6792e.mp4,20210127111019_6011744b6792e.npy,vlisbrasil,953,Arrepios
../dataset/raw_data/vlibrasil/953_Arrepios/20210128115757_601379b545eb7.mp4,20210128115757_601379b545eb7.npy,vlisbrasil,953,Arrepios
../dataset/raw_data/vlibrasil/953_Arrepios/20210611044923_60c3be43dfbf2.mp4,20210611044923_60c3be43dfbf2.npy,vlisbrasil,953,Arrepios
../dataset/raw_data/vlibrasil/954_Assinatura/20210127111050_6011746a82fb6.mp4,20210127111050_6011746a82fb6.npy,vlisbrasil,954,Assinatura
../dataset/raw_data/vlibrasil/954_Assinatura/20210202064741_60191fbdbd6bf.mp4,20210202064741_60191fbdbd6bf.npy,vlisbrasil,954,Assinatura
../dataset/raw_data/vlibrasil/954_Assinatura/20210611045059_60c3bea308d97.mp4,20210611045059_60c3bea308d97.npy,vlisbrasil,954,Assinatura
../dataset/raw_data/vlibrasil/955_Às_vezes/20210127111116_601174843f1ae.mp4,20210127111116_601174843f1ae.npy,vlisbrasil,955,Às vezes
../dataset/raw_data/vlibrasil/955_Às_vezes/20210210111149_6023e9a5a4e41.mp4,20210210111149_6023e9a5a4e41.npy,vlisbrasil,955,Às vezes
../dataset/raw_data/vlibrasil/955_Às_vezes/20210611044959_60c3be6730789.mp4,20210611044959_60c3be6730789.npy,vlisbrasil,955,Às vezes
../dataset/raw_data/vlibrasil/956_Até_agora/20210127111151_601174a72600f.mp4,20210127111151_601174a72600f.npy,vlisbrasil,956,Até agora
../dataset/raw_data/vlibrasil/956_Até_agora/20210202064829_60191feddaa97.mp4,20210202064829_60191feddaa97.npy,vlisbrasil,956,Até agora
../dataset/raw_data/vlibrasil/956_Até_agora/20210611045147_60c3bed38054d.mp4,20210611045147_60c3bed38054d.npy,vlisbrasil,956,Até agora
../dataset/raw_data/vlibrasil/957_Enviar/20210127111248_601174e038b54.mp4,20210127111248_601174e038b54.npy,vlisbrasil,957,Enviar
../dataset/raw_data/vlibrasil/957_Enviar/20210202065629_601921cdcf797.mp4,20210202065629_601921cdcf797.npy,vlisbrasil,957,Enviar
../dataset/raw_data/vlibrasil/957_Enviar/20210616020037_60ca2e3519f23.mp4,20210616020037_60ca2e3519f23.npy,vlisbrasil,957,Enviar
../dataset/raw_data/vlibrasil/959_Biologia/20210127111445_601175551a4d9.mp4,20210127111445_601175551a4d9.npy,vlisbrasil,959,Biologia
../dataset/raw_data/vlibrasil/959_Biologia/20210505115021_6092b0ad4ee9b.mp4,20210505115021_6092b0ad4ee9b.npy,vlisbrasil,959,Biologia
../dataset/raw_data/vlibrasil/959_Biologia/20210611050027_60c3c0db7a7c5.mp4,20210611050027_60c3c0db7a7c5.npy,vlisbrasil,959,Biologia
../dataset/raw_data/vlibrasil/960_Bisbilhotar/20210127111518_60117576b2554.mp4,20210127111518_60117576b2554.npy,vlisbrasil,960,Bisbilhotar
../dataset/raw_data/vlibrasil/960_Bisbilhotar/20210505075437_6092796ddadcc.mp4,20210505075437_6092796ddadcc.npy,vlisbrasil,960,Bisbilhotar
../dataset/raw_data/vlibrasil/960_Bisbilhotar/20210611050141_60c3c125de66b.mp4,20210611050141_60c3c125de66b.npy,vlisbrasil,960,Bisbilhotar
../dataset/raw_data/vlibrasil/961_Borracha/20210127111641_601175c91f167.mp4,20210127111641_601175c91f167.npy,vlisbrasil,961,Borracha
../dataset/raw_data/vlibrasil/961_Borracha/20210129120032_60137a5020f28.mp4,20210129120032_60137a5020f28.npy,vlisbrasil,961,Borracha
../dataset/raw_data/vlibrasil/961_Borracha/20210611050243_60c3c1632d332.mp4,20210611050243_60c3c1632d332.npy,vlisbrasil,961,Borracha
../dataset/raw_data/vlibrasil/962_Brilho/20210127111757_601176151efed.mp4,20210127111757_601176151efed.npy,vlisbrasil,962,Brilho
../dataset/raw_data/vlibrasil/962_Brilho/20210202064921_6019202166166.mp4,20210202064921_6019202166166.npy,vlisbrasil,962,Brilho
../dataset/raw_data/vlibrasil/962_Brilho/20210613113521_60c617a97d775.mp4,20210613113521_60c617a97d775.npy,vlisbrasil,962,Brilho
../dataset/raw_data/vlibrasil/963_Cafeteria/20210127013634_60119692de629.mp4,20210127013634_60119692de629.npy,vlisbrasil,963,Cafeteria
../dataset/raw_data/vlibrasil/963_Cafeteria/20210129120149_60137a9db89e5.mp4,20210129120149_60137a9db89e5.npy,vlisbrasil,963,Cafeteria
../dataset/raw_data/vlibrasil/963_Cafeteria/20210613113650_60c61802d4df5.mp4,20210613113650_60c61802d4df5.npy,vlisbrasil,963,Cafeteria
../dataset/raw_data/vlibrasil/964_Desejo/20210127025330_6011a89a5aeab.mp4,20210127025330_6011a89a5aeab.npy,vlisbrasil,964,Desejo
../dataset/raw_data/vlibrasil/964_Desejo/20210505075858_60927a7231d5c.mp4,20210505075858_60927a7231d5c.npy,vlisbrasil,964,Desejo
../dataset/raw_data/vlibrasil/964_Desejo/20210613111942_60c613fe6ff31.mp4,20210613111942_60c613fe6ff31.npy,vlisbrasil,964,Desejo
../dataset/raw_data/vlibrasil/965_Dicionário/20210127025512_6011a90019e6e.mp4,20210127025512_6011a90019e6e.npy,vlisbrasil,965,Dicionário
../dataset/raw_data/vlibrasil/965_Dicionário/20210129120357_60137b1de2231.mp4,20210129120357_60137b1de2231.npy,vlisbrasil,965,Dicionário
../dataset/raw_data/vlibrasil/965_Dicionário/20210613112001_60c614119f491.mp4,20210613112001_60c614119f491.npy,vlisbrasil,965,Dicionário
../dataset/raw_data/vlibrasil/966_Enviar_mensagem_de_texto/20210127025922_6011a9fa225b3.mp4,20210127025922_6011a9fa225b3.npy,vlisbrasil,966,Enviar mensagem de texto
../dataset/raw_data/vlibrasil/966_Enviar_mensagem_de_texto/20210505051540_6092fcec56d82.mp4,20210505051540_6092fcec56d82.npy,vlisbrasil,966,Enviar mensagem de texto
../dataset/raw_data/vlibrasil/966_Enviar_mensagem_de_texto/20210616020043_60ca2e3b0cc6e.mp4,20210616020043_60ca2e3b0cc6e.npy,vlisbrasil,966,Enviar mensagem de texto
../dataset/raw_data/vlibrasil/967_Festa/20210127030100_6011aa5cdf708.mp4,20210127030100_6011aa5cdf708.npy,vlisbrasil,967,Festa
../dataset/raw_data/vlibrasil/967_Festa/20210129120436_60137b448189e.mp4,20210129120436_60137b448189e.npy,vlisbrasil,967,Festa
../dataset/raw_data/vlibrasil/967_Festa/20210616022840_60ca34c823f34.mp4,20210616022840_60ca34c823f34.npy,vlisbrasil,967,Festa
../dataset/raw_data/vlibrasil/968_Fora/20210127030241_6011aac1affa4.mp4,20210127030241_6011aac1affa4.npy,vlisbrasil,968,Fora
../dataset/raw_data/vlibrasil/968_Fora/20210210075254_6023bb066d52b.mp4,20210210075254_6023bb066d52b.npy,vlisbrasil,968,Fora
../dataset/raw_data/vlibrasil/968_Fora/20210616030227_60ca3cb39431c.mp4,20210616030227_60ca3cb39431c.npy,vlisbrasil,968,Fora
../dataset/raw_data/vlibrasil/969_Formulário/20210127030812_6011ac0cd29cb.mp4,20210127030812_6011ac0cd29cb.npy,vlisbrasil,969,Formulário
../dataset/raw_data/vlibrasil/969_Formulário/20210129120601_60137b99ad758.mp4,20210129120601_60137b99ad758.npy,vlisbrasil,969,Formulário
../dataset/raw_data/vlibrasil/969_Formulário/20210616030237_60ca3cbd385d5.mp4,20210616030237_60ca3cbd385d5.npy,vlisbrasil,969,Formulário
../dataset/raw_data/vlibrasil/970_Contra/20210127035842_6011b7e297cc3.mp4,20210127035842_6011b7e297cc3.npy,vlisbrasil,970,Contra
../dataset/raw_data/vlibrasil/970_Contra/20210210075331_6023bb2b20fe0.mp4,20210210075331_6023bb2b20fe0.npy,vlisbrasil,970,Contra
../dataset/raw_data/vlibrasil/970_Contra/20210613125506_60c62a5ab9150.mp4,20210613125506_60c62a5ab9150.npy,vlisbrasil,970,Contra
../dataset/raw_data/vlibrasil/971_Grávida/20210127041508_6011bbbcdaf61.mp4,20210127041508_6011bbbcdaf61.npy,vlisbrasil,971,Grávida
../dataset/raw_data/vlibrasil/971_Grávida/20210129120637_60137bbd75b39.mp4,20210129120637_60137bbd75b39.npy,vlisbrasil,971,Grávida
../dataset/raw_data/vlibrasil/971_Grávida/20210601072833_60b60bd16ba32.mp4,20210601072833_60b60bd16ba32.npy,vlisbrasil,971,Grávida
../dataset/raw_data/vlibrasil/972_Imagem/20210127041611_6011bbfb1076a.mp4,20210127041611_6011bbfb1076a.npy,vlisbrasil,972,Imagem
../dataset/raw_data/vlibrasil/972_Imagem/20210210075403_6023bb4bdeceb.mp4,20210210075403_6023bb4bdeceb.npy,vlisbrasil,972,Imagem
../dataset/raw_data/vlibrasil/972_Imagem/20210617085100_60cb372472429.mp4,20210617085100_60cb372472429.npy,vlisbrasil,972,Imagem
../dataset/raw_data/vlibrasil/973_Juiz/20210127041744_6011bc58f1b91.mp4,20210127041744_6011bc58f1b91.npy,vlisbrasil,973,Juiz
../dataset/raw_data/vlibrasil/973_Juiz/20210129121000_60137c88c68d9.mp4,20210129121000_60137c88c68d9.npy,vlisbrasil,973,Juiz
../dataset/raw_data/vlibrasil/973_Juiz/20210617045459_60cba893d48c9.mp4,20210617045459_60cba893d48c9.npy,vlisbrasil,973,Juiz
../dataset/raw_data/vlibrasil/974_Laranja/20210127041902_6011bca6a2dd4.mp4,20210127041902_6011bca6a2dd4.npy,vlisbrasil,974,Laranja
../dataset/raw_data/vlibrasil/974_Laranja/20210129121017_60137c99160e6.mp4,20210129121017_60137c99160e6.npy,vlisbrasil,974,Laranja
../dataset/raw_data/vlibrasil/974_Laranja/20210617045620_60cba8e461b19.mp4,20210617045620_60cba8e461b19.npy,vlisbrasil,974,Laranja
../dataset/raw_data/vlibrasil/975_Leitura/20210127041958_6011bcde44c0d.mp4,20210127041958_6011bcde44c0d.npy,vlisbrasil,975,Leitura
../dataset/raw_data/vlibrasil/975_Leitura/20210129121038_60137cae92b69.mp4,20210129121038_60137cae92b69.npy,vlisbrasil,975,Leitura
../dataset/raw_data/vlibrasil/975_Leitura/20210617045904_60cba988dc458.mp4,20210617045904_60cba988dc458.npy,vlisbrasil,975,Leitura
../dataset/raw_data/vlibrasil/976_Letra_P/20210127042532_6011be2c10355.mp4,20210127042532_6011be2c10355.npy,vlisbrasil,976,Letra P
../dataset/raw_data/vlibrasil/976_Letra_P/20210210075400_6023bb48dd826.mp4,20210210075400_6023bb48dd826.npy,vlisbrasil,976,Letra P
../dataset/raw_data/vlibrasil/976_Letra_P/20210617050231_60cbaa570ec62.mp4,20210617050231_60cbaa570ec62.npy,vlisbrasil,976,Letra P
../dataset/raw_data/vlibrasil/977_Letra_Q/20210127042614_6011be56de264.mp4,20210127042614_6011be56de264.npy,vlisbrasil,977,Letra Q
../dataset/raw_data/vlibrasil/977_Letra_Q/20210210075328_6023bb28a8dad.mp4,20210210075328_6023bb28a8dad.npy,vlisbrasil,977,Letra Q
../dataset/raw_data/vlibrasil/977_Letra_Q/20210617050308_60cbaa7c2b6f1.mp4,20210617050308_60cbaa7c2b6f1.npy,vlisbrasil,977,Letra Q
../dataset/raw_data/vlibrasil/978_Letra_R/20210127042730_6011bea29f421.mp4,20210127042730_6011bea29f421.npy,vlisbrasil,978,Letra R
../dataset/raw_data/vlibrasil/978_Letra_R/20210129121118_60137cd6632c7.mp4,20210129121118_60137cd6632c7.npy,vlisbrasil,978,Letra R
../dataset/raw_data/vlibrasil/978_Letra_R/20210617050331_60cbaa939cbf7.mp4,20210617050331_60cbaa939cbf7.npy,vlisbrasil,978,Letra R
../dataset/raw_data/vlibrasil/979_Ligar/20210127042833_6011bee1605c2.mp4,20210127042833_6011bee1605c2.npy,vlisbrasil,979,Ligar
../dataset/raw_data/vlibrasil/979_Ligar/20210505031016_6092df8880471.mp4,20210505031016_6092df8880471.npy,vlisbrasil,979,Ligar
../dataset/raw_data/vlibrasil/979_Ligar/20210617050706_60cbab6addc65.mp4,20210617050706_60cbab6addc65.npy,vlisbrasil,979,Ligar
../dataset/raw_data/vlibrasil/980_Mais/20210127042924_6011bf14c6bdd.mp4,20210127042924_6011bf14c6bdd.npy,vlisbrasil,980,Mais
../dataset/raw_data/vlibrasil/980_Mais/20210129121139_60137ceb78f3e.mp4,20210129121139_60137ceb78f3e.npy,vlisbrasil,980,Mais
../dataset/raw_data/vlibrasil/980_Mais/20210618030211_60ccdfa3804f0.mp4,20210618030211_60ccdfa3804f0.npy,vlisbrasil,980,Mais
../dataset/raw_data/vlibrasil/981_Quadrado/20210127050252_6011c6ec4300e.mp4,20210127050252_6011c6ec4300e.npy,vlisbrasil,981,Quadrado
../dataset/raw_data/vlibrasil/981_Quadrado/20210129122129_60137f39d9c62.mp4,20210129122129_60137f39d9c62.npy,vlisbrasil,981,Quadrado
../dataset/raw_data/vlibrasil/981_Quadrado/20210605035208_60bbc7d8e8514.mp4,20210605035208_60bbc7d8e8514.npy,vlisbrasil,981,Quadrado
../dataset/raw_data/vlibrasil/982_Razão/20210127050620_6011c7bce4257.mp4,20210127050620_6011c7bce4257.npy,vlisbrasil,982,Razão
../dataset/raw_data/vlibrasil/982_Razão/20210505032449_6092e2f1805b1.mp4,20210505032449_6092e2f1805b1.npy,vlisbrasil,982,Razão
../dataset/raw_data/vlibrasil/982_Razão/20210609095453_60c162dde2911.mp4,20210609095453_60c162dde2911.npy,vlisbrasil,982,Razão
../dataset/raw_data/vlibrasil/983_Recusar/20210127050708_6011c7ec4d6d2.mp4,20210127050708_6011c7ec4d6d2.npy,vlisbrasil,983,Recusar
../dataset/raw_data/vlibrasil/983_Recusar/20210129122202_60137f5a9fdbe.mp4,20210129122202_60137f5a9fdbe.npy,vlisbrasil,983,Recusar
../dataset/raw_data/vlibrasil/983_Recusar/20210609095808_60c163a064402.mp4,20210609095808_60c163a064402.npy,vlisbrasil,983,Recusar
../dataset/raw_data/vlibrasil/984_Rejeitar/20210127050831_6011c83fe5597.mp4,20210127050831_6011c83fe5597.npy,vlisbrasil,984,Rejeitar
../dataset/raw_data/vlibrasil/984_Rejeitar/20210129122225_60137f71b808c.mp4,20210129122225_60137f71b808c.npy,vlisbrasil,984,Rejeitar
../dataset/raw_data/vlibrasil/984_Rejeitar/20210215110738_602a802a82d77.mp4,20210215110738_602a802a82d77.npy,vlisbrasil,984,Rejeitar
../dataset/raw_data/vlibrasil/985_Roxo/20210127050846_6011c84e2c917.mp4,20210127050846_6011c84e2c917.npy,vlisbrasil,985,Roxo
../dataset/raw_data/vlibrasil/985_Roxo/20210129122411_60137fdb5c12c.mp4,20210129122411_60137fdb5c12c.npy,vlisbrasil,985,Roxo
../dataset/raw_data/vlibrasil/985_Roxo/20210610040308_60c261ecc97ba.mp4,20210610040308_60c261ecc97ba.npy,vlisbrasil,985,Roxo
../dataset/raw_data/vlibrasil/986_Sair/20210127051505_6011c9c906d89.mp4,20210127051505_6011c9c906d89.npy,vlisbrasil,986,Sair
../dataset/raw_data/vlibrasil/986_Sair/20210129122425_60137fe9d1ef3.mp4,20210129122425_60137fe9d1ef3.npy,vlisbrasil,986,Sair
../dataset/raw_data/vlibrasil/986_Sair/20210610041221_60c2641531994.mp4,20210610041221_60c2641531994.npy,vlisbrasil,986,Sair
../dataset/raw_data/vlibrasil/987_Sanduíche/20210127051525_6011c9dd77f59.mp4,20210127051525_6011c9dd77f59.npy,vlisbrasil,987,Sanduíche
../dataset/raw_data/vlibrasil/987_Sanduíche/20210129122444_60137ffcde19d.mp4,20210129122444_60137ffcde19d.npy,vlisbrasil,987,Sanduíche
../dataset/raw_data/vlibrasil/987_Sanduíche/20210610041358_60c26476bd93e.mp4,20210610041358_60c26476bd93e.npy,vlisbrasil,987,Sanduíche
../dataset/raw_data/vlibrasil/988_Sem_Problemas/20210127051627_6011ca1b5d209.mp4,20210127051627_6011ca1b5d209.npy,vlisbrasil,988,Sem Problemas
../dataset/raw_data/vlibrasil/988_Sem_Problemas/20210210074205_6023b87d595bb.mp4,20210210074205_6023b87d595bb.npy,vlisbrasil,988,Sem Problemas
../dataset/raw_data/vlibrasil/988_Sem_Problemas/20210610042817_60c267d1c7a5e.mp4,20210610042817_60c267d1c7a5e.npy,vlisbrasil,988,Sem Problemas
../dataset/raw_data/vlibrasil/989_Sobrinho/20210127053015_6011cd5769c9b.mp4,20210127053015_6011cd5769c9b.npy,vlisbrasil,989,Sobrinho
../dataset/raw_data/vlibrasil/989_Sobrinho/20210505041159_6092edffca5f2.mp4,20210505041159_6092edffca5f2.npy,vlisbrasil,989,Sobrinho
../dataset/raw_data/vlibrasil/989_Sobrinho/20210610045404_60c26ddc1fbbd.mp4,20210610045404_60c26ddc1fbbd.npy,vlisbrasil,989,Sobrinho
../dataset/raw_data/vlibrasil/990_Solicitação/20210127053253_6011cdf5a81ed.mp4,20210127053253_6011cdf5a81ed.npy,vlisbrasil,990,Solicitação
../dataset/raw_data/vlibrasil/990_Solicitação/20210505041201_6092ee0164267.mp4,20210505041201_6092ee0164267.npy,vlisbrasil,990,Solicitação
../dataset/raw_data/vlibrasil/990_Solicitação/20210621054628_60d0faa427caa.mp4,20210621054628_60d0faa427caa.npy,vlisbrasil,990,Solicitação
../dataset/raw_data/vlibrasil/992_Sofrer/20210127053340_6011ce24820ab.mp4,20210127053340_6011ce24820ab.npy,vlisbrasil,992,Sofrer
../dataset/raw_data/vlibrasil/992_Sofrer/20210129122621_6013805d5cca7.mp4,20210129122621_6013805d5cca7.npy,vlisbrasil,992,Sofrer
../dataset/raw_data/vlibrasil/992_Sofrer/20210621043215_60d0e93fd6423.mp4,20210621043215_60d0e93fd6423.npy,vlisbrasil,992,Sofrer
../dataset/raw_data/vlibrasil/993_Sugerir/20210127053359_6011ce37b125b.mp4,20210127053359_6011ce37b125b.npy,vlisbrasil,993,Sugerir
../dataset/raw_data/vlibrasil/993_Sugerir/20210210080939_6023bef356156.mp4,20210210080939_6023bef356156.npy,vlisbrasil,993,Sugerir
../dataset/raw_data/vlibrasil/993_Sugerir/20210621054728_60d0fae0aca4c.mp4,20210621054728_60d0fae0aca4c.npy,vlisbrasil,993,Sugerir
../dataset/raw_data/vlibrasil/994_Nada/20210127054023_6011cfb722c2d.mp4,20210127054023_6011cfb722c2d.npy,vlisbrasil,994,Nada
../dataset/raw_data/vlibrasil/994_Nada/20210505031041_6092dfa17d0c8.mp4,20210505031041_6092dfa17d0c8.npy,vlisbrasil,994,Nada
../dataset/raw_data/vlibrasil/994_Nada/20210618032222_60cce45ebb3b6.mp4,20210618032222_60cce45ebb3b6.npy,vlisbrasil,994,Nada
../dataset/raw_data/vlibrasil/995_Nu/20210127054631_6011d127b7ae6.mp4,20210127054631_6011d127b7ae6.npy,vlisbrasil,995,Nu
../dataset/raw_data/vlibrasil/995_Nu/20210203115626_601ab99a6ad4c.mp4,20210203115626_601ab99a6ad4c.npy,vlisbrasil,995,Nu
../dataset/raw_data/vlibrasil/995_Nu/20210619023321_60ce2a6124f65.mp4,20210619023321_60ce2a6124f65.npy,vlisbrasil,995,Nu
../dataset/raw_data/vlibrasil/996_Obrigado/20210127054726_6011d15eafba7.mp4,20210127054726_6011d15eafba7.npy,vlisbrasil,996,Obrigado
../dataset/raw_data/vlibrasil/996_Obrigado/20210505103828_60929fd499aaa.mp4,20210505103828_60929fd499aaa.npy,vlisbrasil,996,Obrigado
../dataset/raw_data/vlibrasil/996_Obrigado/20210619023531_60ce2ae3ef11a.mp4,20210619023531_60ce2ae3ef11a.npy,vlisbrasil,996,Obrigado
../dataset/raw_data/vlibrasil/997_Opinião/20210127054755_6011d17bc47e1.mp4,20210127054755_6011d17bc47e1.npy,vlisbrasil,997,Opinião
../dataset/raw_data/vlibrasil/997_Opinião/20210129121256_60137d38283c3.mp4,20210129121256_60137d38283c3.npy,vlisbrasil,997,Opinião
../dataset/raw_data/vlibrasil/997_Opinião/20210619023744_60ce2b6859541.mp4,20210619023744_60ce2b6859541.npy,vlisbrasil,997,Opinião
../dataset/raw_data/vlibrasil/998_Orar/20210127054822_6011d19602153.mp4,20210127054822_6011d19602153.npy,vlisbrasil,998,Orar
../dataset/raw_data/vlibrasil/998_Orar/20210505103834_60929fda4601c.mp4,20210505103834_60929fda4601c.npy,vlisbrasil,998,Orar
../dataset/raw_data/vlibrasil/998_Orar/20210619023800_60ce2b78e1105.mp4,20210619023800_60ce2b78e1105.npy,vlisbrasil,998,Orar
../dataset/raw_data/vlibrasil/999_Orgulhoso/20210127054849_6011d1b196f36.mp4,20210127054849_6011d1b196f36.npy,vlisbrasil,999,Orgulhoso
../dataset/raw_data/vlibrasil/999_Orgulhoso/20210129121317_60137d4d0d4f5.mp4,20210129121317_60137d4d0d4f5.npy,vlisbrasil,999,Orgulhoso
../dataset/raw_data/vlibrasil/999_Orgulhoso/20210619023831_60ce2b97aa9eb.mp4,20210619023831_60ce2b97aa9eb.npy,vlisbrasil,999,Orgulhoso
../dataset/raw_data/vlibrasil/1000_Paciente_conformado/20210127054913_6011d1c9c556b.mp4,20210127054913_6011d1c9c556b.npy,vlisbrasil,1000,Paciente (conformado)
../dataset/raw_data/vlibrasil/1000_Paciente_conformado/20210506083246_6093d3deb969e.mp4,20210506083246_6093d3deb969e.npy,vlisbrasil,1000,Paciente (conformado)
../dataset/raw_data/vlibrasil/1000_Paciente_conformado/20210619023947_60ce2be33aff4.mp4,20210619023947_60ce2be33aff4.npy,vlisbrasil,1000,Paciente (conformado)
../dataset/raw_data/vlibrasil/1001_Pagamento/20210127054944_6011d1e8ba663.mp4,20210127054944_6011d1e8ba663.npy,vlisbrasil,1001,Pagamento
../dataset/raw_data/vlibrasil/1001_Pagamento/20210129121338_60137d6280904.mp4,20210129121338_60137d6280904.npy,vlisbrasil,1001,Pagamento
../dataset/raw_data/vlibrasil/1001_Pagamento/20210619024003_60ce2bf30315d.mp4,20210619024003_60ce2bf30315d.npy,vlisbrasil,1001,Pagamento
../dataset/raw_data/vlibrasil/1004_Papel/20210127055118_6011d246d66c6.mp4,20210127055118_6011d246d66c6.npy,vlisbrasil,1004,Papel
../dataset/raw_data/vlibrasil/1004_Papel/20210129121401_60137d7926382.mp4,20210129121401_60137d7926382.npy,vlisbrasil,1004,Papel
../dataset/raw_data/vlibrasil/1004_Papel/20210619024129_60ce2c49aadc1.mp4,20210619024129_60ce2c49aadc1.npy,vlisbrasil,1004,Papel
../dataset/raw_data/vlibrasil/1005_Pênis/20210127055135_6011d257ee2ae.mp4,20210127055135_6011d257ee2ae.npy,vlisbrasil,1005,Pênis
../dataset/raw_data/vlibrasil/1005_Pênis/20210210075431_6023bb6714092.mp4,20210210075431_6023bb6714092.npy,vlisbrasil,1005,Pênis
../dataset/raw_data/vlibrasil/1005_Pênis/20210619024613_60ce2d652a63d.mp4,20210619024613_60ce2d652a63d.npy,vlisbrasil,1005,Pênis
../dataset/raw_data/vlibrasil/1006_Perfume/20210127055502_6011d3268c73e.mp4,20210127055502_6011d3268c73e.npy,vlisbrasil,1006,Perfume
../dataset/raw_data/vlibrasil/1006_Perfume/20210129121520_60137dc87a1b4.mp4,20210129121520_60137dc87a1b4.npy,vlisbrasil,1006,Perfume
../dataset/raw_data/vlibrasil/1006_Perfume/20210619024905_60ce2e1127cee.mp4,20210619024905_60ce2e1127cee.npy,vlisbrasil,1006,Perfume
../dataset/raw_data/vlibrasil/1007_Período/20210127055508_6011d32c94d1b.mp4,20210127055508_6011d32c94d1b.npy,vlisbrasil,1007,Período
../dataset/raw_data/vlibrasil/1007_Período/20210210080927_6023bee75ca3f.mp4,20210210080927_6023bee75ca3f.npy,vlisbrasil,1007,Período
../dataset/raw_data/vlibrasil/1007_Período/20210619024957_60ce2e4505d8d.mp4,20210619024957_60ce2e4505d8d.npy,vlisbrasil,1007,Período
../dataset/raw_data/vlibrasil/1008_Piano/20210127055609_6011d3697a815.mp4,20210127055609_6011d3697a815.npy,vlisbrasil,1008,Piano
../dataset/raw_data/vlibrasil/1008_Piano/20210210080955_6023bf033b954.mp4,20210210080955_6023bf033b954.npy,vlisbrasil,1008,Piano
../dataset/raw_data/vlibrasil/1008_Piano/20210619025412_60ce2f44765d4.mp4,20210619025412_60ce2f44765d4.npy,vlisbrasil,1008,Piano
../dataset/raw_data/vlibrasil/1009_Pessoa/20210127055542_6011d34e9bd57.mp4,20210127055542_6011d34e9bd57.npy,vlisbrasil,1009,Pessoa
../dataset/raw_data/vlibrasil/1009_Pessoa/20210210080911_6023bed761a24.mp4,20210210080911_6023bed761a24.npy,vlisbrasil,1009,Pessoa
../dataset/raw_data/vlibrasil/1009_Pessoa/20210619025355_60ce2f3372e24.mp4,20210619025355_60ce2f3372e24.npy,vlisbrasil,1009,Pessoa
../dataset/raw_data/vlibrasil/1010_Piedade/20210127055902_6011d41646284.mp4,20210127055902_6011d41646284.npy,vlisbrasil,1010,Piedade
../dataset/raw_data/vlibrasil/1010_Piedade/20210505032433_6092e2e1ec214.mp4,20210505032433_6092e2e1ec214.npy,vlisbrasil,1010,Piedade
../dataset/raw_data/vlibrasil/1010_Piedade/20210619025443_60ce2f6359c5d.mp4,20210619025443_60ce2f6359c5d.npy,vlisbrasil,1010,Piedade
../dataset/raw_data/vlibrasil/1011_Pintura/20210127055925_6011d42deda59.mp4,20210127055925_6011d42deda59.npy,vlisbrasil,1011,Pintura
../dataset/raw_data/vlibrasil/1011_Pintura/20210210080838_6023beb684b32.mp4,20210210080838_6023beb684b32.npy,vlisbrasil,1011,Pintura
../dataset/raw_data/vlibrasil/1011_Pintura/20210619025519_60ce2f879c8e9.mp4,20210619025519_60ce2f879c8e9.npy,vlisbrasil,1011,Pintura
../dataset/raw_data/vlibrasil/1012_Pipoca/20210127055946_6011d4422a15e.mp4,20210127055946_6011d4422a15e.npy,vlisbrasil,1012,Pipoca
../dataset/raw_data/vlibrasil/1012_Pipoca/20210210080956_6023bf047b6ef.mp4,20210210080956_6023bf047b6ef.npy,vlisbrasil,1012,Pipoca
../dataset/raw_data/vlibrasil/1012_Pipoca/20210619025548_60ce2fa439b3f.mp4,20210619025548_60ce2fa439b3f.npy,vlisbrasil,1012,Pipoca
../dataset/raw_data/vlibrasil/1013_Pirata/20210127060007_6011d457d23c3.mp4,20210127060007_6011d457d23c3.npy,vlisbrasil,1013,Pirata
../dataset/raw_data/vlibrasil/1013_Pirata/20210210080957_6023bf0521678.mp4,20210210080957_6023bf0521678.npy,vlisbrasil,1013,Pirata
../dataset/raw_data/vlibrasil/1013_Pirata/20210605032340_60bbc12c26215.mp4,20210605032340_60bbc12c26215.npy,vlisbrasil,1013,Pirata
../dataset/raw_data/vlibrasil/1014_Pizza/20210127060032_6011d47020e5a.mp4,20210127060032_6011d47020e5a.npy,vlisbrasil,1014,Pizza
../dataset/raw_data/vlibrasil/1014_Pizza/20210129121655_60137e273021d.mp4,20210129121655_60137e273021d.npy,vlisbrasil,1014,Pizza
../dataset/raw_data/vlibrasil/1014_Pizza/20210605032438_60bbc166d3702.mp4,20210605032438_60bbc166d3702.npy,vlisbrasil,1014,Pizza
../dataset/raw_data/vlibrasil/1015_Pobre/20210127060054_6011d486bc9b4.mp4,20210127060054_6011d486bc9b4.npy,vlisbrasil,1015,Pobre
../dataset/raw_data/vlibrasil/1015_Pobre/20210129121715_60137e3b5a4bd.mp4,20210129121715_60137e3b5a4bd.npy,vlisbrasil,1015,Pobre
../dataset/raw_data/vlibrasil/1015_Pobre/20210605032457_60bbc1794cf52.mp4,20210605032457_60bbc1794cf52.npy,vlisbrasil,1015,Pobre
../dataset/raw_data/vlibrasil/1016_Policial/20210127060148_6011d4bca83a8.mp4,20210127060148_6011d4bca83a8.npy,vlisbrasil,1016,Policial
../dataset/raw_data/vlibrasil/1016_Policial/20210129121838_60137e8eab284.mp4,20210129121838_60137e8eab284.npy,vlisbrasil,1016,Policial
../dataset/raw_data/vlibrasil/1016_Policial/20210605032651_60bbc1eb3cb43.mp4,20210605032651_60bbc1eb3cb43.npy,vlisbrasil,1016,Policial
../dataset/raw_data/vlibrasil/1017_Porcentagem/20210127060253_6011d4fd5b06c.mp4,20210127060253_6011d4fd5b06c.npy,vlisbrasil,1017,Porcentagem
../dataset/raw_data/vlibrasil/1017_Porcentagem/20210129121849_60137e9958924.mp4,20210129121849_60137e9958924.npy,vlisbrasil,1017,Porcentagem
../dataset/raw_data/vlibrasil/1017_Porcentagem/20210605032812_60bbc23c1f2a2.mp4,20210605032812_60bbc23c1f2a2.npy,vlisbrasil,1017,Porcentagem
../dataset/raw_data/vlibrasil/1018_Pregar_a_palavra/20210127060326_6011d51eefa29.mp4,20210127060326_6011d51eefa29.npy,vlisbrasil,1018,Pregar a palavra
../dataset/raw_data/vlibrasil/1018_Pregar_a_palavra/20210210080728_6023be70f3005.mp4,20210210080728_6023be70f3005.npy,vlisbrasil,1018,Pregar a palavra
../dataset/raw_data/vlibrasil/1018_Pregar_a_palavra/20210605033013_60bbc2b5b6517.mp4,20210605033013_60bbc2b5b6517.npy,vlisbrasil,1018,Pregar a palavra
../dataset/raw_data/vlibrasil/1019_Presidente/20210127060358_6011d53ea4178.mp4,20210127060358_6011d53ea4178.npy,vlisbrasil,1019,Presidente
../dataset/raw_data/vlibrasil/1019_Presidente/20210129121913_60137eb17eb58.mp4,20210129121913_60137eb17eb58.npy,vlisbrasil,1019,Presidente
../dataset/raw_data/vlibrasil/1019_Presidente/20210605033214_60bbc32e0f51a.mp4,20210605033214_60bbc32e0f51a.npy,vlisbrasil,1019,Presidente
../dataset/raw_data/vlibrasil/1020_Pressão/20210127060431_6011d55f8e169.mp4,20210127060431_6011d55f8e169.npy,vlisbrasil,1020,Pressão
../dataset/raw_data/vlibrasil/1020_Pressão/20210210080731_6023be7312fb3.mp4,20210210080731_6023be7312fb3.npy,vlisbrasil,1020,Pressão
../dataset/raw_data/vlibrasil/1020_Pressão/20210605033229_60bbc33d444eb.mp4,20210605033229_60bbc33d444eb.npy,vlisbrasil,1020,Pressão
../dataset/raw_data/vlibrasil/1021_Principal/20210127060451_6011d5738935c.mp4,20210127060451_6011d5738935c.npy,vlisbrasil,1021,Principal
../dataset/raw_data/vlibrasil/1021_Principal/20210210080905_6023bed1d9770.mp4,20210210080905_6023bed1d9770.npy,vlisbrasil,1021,Principal
../dataset/raw_data/vlibrasil/1021_Principal/20210605033446_60bbc3c6e45ed.mp4,20210605033446_60bbc3c6e45ed.npy,vlisbrasil,1021,Principal
../dataset/raw_data/vlibrasil/1022_Prioridade/20210127060520_6011d590494e0.mp4,20210127060520_6011d590494e0.npy,vlisbrasil,1022,Prioridade
../dataset/raw_data/vlibrasil/1022_Prioridade/20210129121930_60137ec23c9c4.mp4,20210129121930_60137ec23c9c4.npy,vlisbrasil,1022,Prioridade
../dataset/raw_data/vlibrasil/1022_Prioridade/20210605033553_60bbc4093da46.mp4,20210605033553_60bbc4093da46.npy,vlisbrasil,1022,Prioridade
../dataset/raw_data/vlibrasil/1023_Projeto/20210127060534_6011d59e0e35f.mp4,20210127060534_6011d59e0e35f.npy,vlisbrasil,1023,Projeto
../dataset/raw_data/vlibrasil/1023_Projeto/20210129122026_60137efa2744c.mp4,20210129122026_60137efa2744c.npy,vlisbrasil,1023,Projeto
../dataset/raw_data/vlibrasil/1023_Projeto/20210605034352_60bbc5e8be640.mp4,20210605034352_60bbc5e8be640.npy,vlisbrasil,1023,Projeto
../dataset/raw_data/vlibrasil/1024_Promessa/20210127060604_6011d5bc8e3f9.mp4,20210127060604_6011d5bc8e3f9.npy,vlisbrasil,1024,Promessa
../dataset/raw_data/vlibrasil/1024_Promessa/20210129122047_60137f0f7ff6d.mp4,20210129122047_60137f0f7ff6d.npy,vlisbrasil,1024,Promessa
../dataset/raw_data/vlibrasil/1024_Promessa/20210605034411_60bbc5fb68c1c.mp4,20210605034411_60bbc5fb68c1c.npy,vlisbrasil,1024,Promessa
../dataset/raw_data/vlibrasil/1025_Pronto/20210127060630_6011d5d62d111.mp4,20210127060630_6011d5d62d111.npy,vlisbrasil,1025,Pronto
../dataset/raw_data/vlibrasil/1025_Pronto/20210210080744_6023be809a92c.mp4,20210210080744_6023be809a92c.npy,vlisbrasil,1025,Pronto
../dataset/raw_data/vlibrasil/1025_Pronto/20210605034532_60bbc64caf84e.mp4,20210605034532_60bbc64caf84e.npy,vlisbrasil,1025,Pronto
../dataset/raw_data/vlibrasil/1026_Provar/20210127060702_6011d5f647692.mp4,20210127060702_6011d5f647692.npy,vlisbrasil,1026,Provar
../dataset/raw_data/vlibrasil/1026_Provar/20210129122103_60137f1f012da.mp4,20210129122103_60137f1f012da.npy,vlisbrasil,1026,Provar
../dataset/raw_data/vlibrasil/1026_Provar/20210605034645_60bbc6957a726.mp4,20210605034645_60bbc6957a726.npy,vlisbrasil,1026,Provar
../dataset/raw_data/vlibrasil/1027_Transbordar/20210127060935_6011d68f2c930.mp4,20210127060935_6011d68f2c930.npy,vlisbrasil,1027,Transbordar
../dataset/raw_data/vlibrasil/1027_Transbordar/20210129122710_6013808e25ddd.mp4,20210129122710_6013808e25ddd.npy,vlisbrasil,1027,Transbordar
../dataset/raw_data/vlibrasil/1027_Transbordar/20210621051539_60d0f36bf1abc.mp4,20210621051539_60d0f36bf1abc.npy,vlisbrasil,1027,Transbordar
../dataset/raw_data/vlibrasil/1028_Travesseiro/20210127061434_6011d7bab34ab.mp4,20210127061434_6011d7bab34ab.npy,vlisbrasil,1028,Travesseiro
../dataset/raw_data/vlibrasil/1028_Travesseiro/20210129122731_601380a399542.mp4,20210129122731_601380a399542.npy,vlisbrasil,1028,Travesseiro
../dataset/raw_data/vlibrasil/1028_Travesseiro/20210621051555_60d0f37b6f5a3.mp4,20210621051555_60d0f37b6f5a3.npy,vlisbrasil,1028,Travesseiro
../dataset/raw_data/vlibrasil/1030_Vermelho/20210127061920_6011d8d8e633a.mp4,20210127061920_6011d8d8e633a.npy,vlisbrasil,1030,Vermelho
../dataset/raw_data/vlibrasil/1030_Vermelho/20210129122814_601380ce6310e.mp4,20210129122814_601380ce6310e.npy,vlisbrasil,1030,Vermelho
../dataset/raw_data/vlibrasil/1030_Vermelho/20210316101922_6051591a9dab1.mp4,20210316101922_6051591a9dab1.npy,vlisbrasil,1030,Vermelho
../dataset/raw_data/vlibrasil/1031_Calese/20210127114512_6012253846986.mp4,20210127114512_6012253846986.npy,vlisbrasil,1031,Cale-se
../dataset/raw_data/vlibrasil/1031_Calese/20210505120720_6092b4a87d5f9.mp4,20210505120720_6092b4a87d5f9.npy,vlisbrasil,1031,Cale-se
../dataset/raw_data/vlibrasil/1031_Calese/20210613113806_60c6184eb6f22.mp4,20210613113806_60c6184eb6f22.npy,vlisbrasil,1031,Cale-se
../dataset/raw_data/vlibrasil/1032_Chave_de_fenda/20210127114632_60122588e60da.mp4,20210127114632_60122588e60da.npy,vlisbrasil,1032,Chave de fenda
../dataset/raw_data/vlibrasil/1032_Chave_de_fenda/20210505051229_6092fc2d4924f.mp4,20210505051229_6092fc2d4924f.npy,vlisbrasil,1032,Chave de fenda
../dataset/raw_data/vlibrasil/1032_Chave_de_fenda/20210613114202_60c6193a42306.mp4,20210613114202_60c6193a42306.npy,vlisbrasil,1032,Chave de fenda
../dataset/raw_data/vlibrasil/1033_Cheiro/20210127114749_601225d5a43fe.mp4,20210127114749_601225d5a43fe.npy,vlisbrasil,1033,Cheiro
../dataset/raw_data/vlibrasil/1033_Cheiro/20210202065036_6019206c05e1a.mp4,20210202065036_6019206c05e1a.npy,vlisbrasil,1033,Cheiro
../dataset/raw_data/vlibrasil/1033_Cheiro/20210621042746_60d0e8321a921.mp4,20210621042746_60d0e8321a921.npy,vlisbrasil,1033,Cheiro
../dataset/raw_data/vlibrasil/1034_Chinelo_de_dedo/20210127114821_601225f5479d2.mp4,20210127114821_601225f5479d2.npy,vlisbrasil,1034,Chinelo de dedo
../dataset/raw_data/vlibrasil/1034_Chinelo_de_dedo/20210202065102_6019208623096.mp4,20210202065102_6019208623096.npy,vlisbrasil,1034,Chinelo de dedo
../dataset/raw_data/vlibrasil/1034_Chinelo_de_dedo/20210621042801_60d0e84183f7f.mp4,20210621042801_60d0e84183f7f.npy,vlisbrasil,1034,Chinelo de dedo
../dataset/raw_data/vlibrasil/1036_Ciência/20210127114954_60122652b7747.mp4,20210127114954_60122652b7747.npy,vlisbrasil,1036,Ciência
../dataset/raw_data/vlibrasil/1036_Ciência/20210505075457_60927981dc924.mp4,20210505075457_60927981dc924.npy,vlisbrasil,1036,Ciência
../dataset/raw_data/vlibrasil/1036_Ciência/20210613011141_60c62e3da6be6.mp4,20210613011141_60c62e3da6be6.npy,vlisbrasil,1036,Ciência
../dataset/raw_data/vlibrasil/1037_Começar/20210127115145_601226c1288f2.mp4,20210127115145_601226c1288f2.npy,vlisbrasil,1037,Começar
../dataset/raw_data/vlibrasil/1037_Começar/20210505075844_60927a648d527.mp4,20210505075844_60927a648d527.npy,vlisbrasil,1037,Começar
../dataset/raw_data/vlibrasil/1037_Começar/20210613125035_60c6294bb99b8.mp4,20210613125035_60c6294bb99b8.npy,vlisbrasil,1037,Começar
../dataset/raw_data/vlibrasil/1038_Comparar/20210127115216_601226e09ae95.mp4,20210127115216_601226e09ae95.npy,vlisbrasil,1038,Comparar
../dataset/raw_data/vlibrasil/1038_Comparar/20210202065231_601920df0fed6.mp4,20210202065231_601920df0fed6.npy,vlisbrasil,1038,Comparar
../dataset/raw_data/vlibrasil/1038_Comparar/20210613125203_60c629a3657cb.mp4,20210613125203_60c629a3657cb.npy,vlisbrasil,1038,Comparar
../dataset/raw_data/vlibrasil/1040_Constituição/20210127115415_60122757e39b7.mp4,20210127115415_60122757e39b7.npy,vlisbrasil,1040,Constituição
../dataset/raw_data/vlibrasil/1040_Constituição/20210505075858_60927a727c53d.mp4,20210505075858_60927a727c53d.npy,vlisbrasil,1040,Constituição
../dataset/raw_data/vlibrasil/1040_Constituição/20210613125454_60c62a4e035ba.mp4,20210613125454_60c62a4e035ba.npy,vlisbrasil,1040,Constituição
../dataset/raw_data/vlibrasil/1041_Correto/20210127115435_6012276b619e8.mp4,20210127115435_6012276b619e8.npy,vlisbrasil,1041,Correto
../dataset/raw_data/vlibrasil/1041_Correto/20210210075228_6023baec9dbc1.mp4,20210210075228_6023baec9dbc1.npy,vlisbrasil,1041,Correto
../dataset/raw_data/vlibrasil/1041_Correto/20210613125724_60c62ae4e106a.mp4,20210613125724_60c62ae4e106a.npy,vlisbrasil,1041,Correto
../dataset/raw_data/vlibrasil/1042_Corte_com_tesoura/20210127115506_6012278a12b9b.mp4,20210127115506_6012278a12b9b.npy,vlisbrasil,1042,Corte com tesoura
../dataset/raw_data/vlibrasil/1042_Corte_com_tesoura/20210505051237_6092fc3591993.mp4,20210505051237_6092fc3591993.npy,vlisbrasil,1042,Corte com tesoura
../dataset/raw_data/vlibrasil/1042_Corte_com_tesoura/20210613125749_60c62afdad3eb.mp4,20210613125749_60c62afdad3eb.npy,vlisbrasil,1042,Corte com tesoura
../dataset/raw_data/vlibrasil/1043_Costurar/20210127115544_601227b018479.mp4,20210127115544_601227b018479.npy,vlisbrasil,1043,Costurar
../dataset/raw_data/vlibrasil/1043_Costurar/20210202065302_601920feb3122.mp4,20210202065302_601920feb3122.npy,vlisbrasil,1043,Costurar
../dataset/raw_data/vlibrasil/1043_Costurar/20210621042820_60d0e854ed63c.mp4,20210621042820_60d0e854ed63c.npy,vlisbrasil,1043,Costurar
../dataset/raw_data/vlibrasil/1044_Cronograma/20210127115637_601227e59b16d.mp4,20210127115637_601227e59b16d.npy,vlisbrasil,1044,Cronograma
../dataset/raw_data/vlibrasil/1044_Cronograma/20210505120503_6092b41fed95b.mp4,20210505120503_6092b41fed95b.npy,vlisbrasil,1044,Cronograma
../dataset/raw_data/vlibrasil/1044_Cronograma/20210613125854_60c62b3eadd24.mp4,20210613125854_60c62b3eadd24.npy,vlisbrasil,1044,Cronograma
../dataset/raw_data/vlibrasil/1045_Cuspir/20210127115811_601228431b7bb.mp4,20210127115811_601228431b7bb.npy,vlisbrasil,1045,Cuspir
../dataset/raw_data/vlibrasil/1045_Cuspir/20210505075854_60927a6e81202.mp4,20210505075854_60927a6e81202.npy,vlisbrasil,1045,Cuspir
../dataset/raw_data/vlibrasil/1045_Cuspir/20210613125926_60c62b5ed0f66.mp4,20210613125926_60c62b5ed0f66.npy,vlisbrasil,1045,Cuspir
../dataset/raw_data/vlibrasil/1047_Desculpa/20210127115913_60122881e9265.mp4,20210127115913_60122881e9265.npy,vlisbrasil,1047,Desculpa
../dataset/raw_data/vlibrasil/1047_Desculpa/20210505120443_6092b40b850a4.mp4,20210505120443_6092b40b850a4.npy,vlisbrasil,1047,Desculpa
../dataset/raw_data/vlibrasil/1047_Desculpa/20210613010219_60c62c0b695bb.mp4,20210613010219_60c62c0b695bb.npy,vlisbrasil,1047,Desculpa
../dataset/raw_data/vlibrasil/1048_Direito/20210127115953_601228a935d61.mp4,20210127115953_601228a935d61.npy,vlisbrasil,1048,Direito
../dataset/raw_data/vlibrasil/1048_Direito/20210129120416_60137b30ca96b.mp4,20210129120416_60137b30ca96b.npy,vlisbrasil,1048,Direito
../dataset/raw_data/vlibrasil/1048_Direito/20210613010457_60c62ca9b3fc6.mp4,20210613010457_60c62ca9b3fc6.npy,vlisbrasil,1048,Direito
../dataset/raw_data/vlibrasil/1049_Dizer/20210128120013_601228bda5cac.mp4,20210128120013_601228bda5cac.npy,vlisbrasil,1049,Dizer
../dataset/raw_data/vlibrasil/1049_Dizer/20210505075908_60927a7c30ae2.mp4,20210505075908_60927a7c30ae2.npy,vlisbrasil,1049,Dizer
../dataset/raw_data/vlibrasil/1049_Dizer/20210613010529_60c62cc976fa1.mp4,20210613010529_60c62cc976fa1.npy,vlisbrasil,1049,Dizer
../dataset/raw_data/vlibrasil/1050_Dormir/20210128120103_601228ef8ad29.mp4,20210128120103_601228ef8ad29.npy,vlisbrasil,1050,Dormir
../dataset/raw_data/vlibrasil/1050_Dormir/20210202065500_60192174a95a9.mp4,20210202065500_60192174a95a9.npy,vlisbrasil,1050,Dormir
../dataset/raw_data/vlibrasil/1050_Dormir/20210613010911_60c62da782721.mp4,20210613010911_60c62da782721.npy,vlisbrasil,1050,Dormir
../dataset/raw_data/vlibrasil/1051_Enviar_email/20210128120215_60122937b6453.mp4,20210128120215_60122937b6453.npy,vlisbrasil,1051,Enviar e-mail
../dataset/raw_data/vlibrasil/1051_Enviar_email/20210202065538_6019219a7c8b4.mp4,20210202065538_6019219a7c8b4.npy,vlisbrasil,1051,Enviar e-mail
../dataset/raw_data/vlibrasil/1051_Enviar_email/20210616020030_60ca2e2e4d392.mp4,20210616020030_60ca2e2e4d392.npy,vlisbrasil,1051,Enviar e-mail
../dataset/raw_data/vlibrasil/1052_Escola/20210128120247_601229578743b.mp4,20210128120247_601229578743b.npy,vlisbrasil,1052,Escola
../dataset/raw_data/vlibrasil/1052_Escola/20210505084018_60928422c63ff.mp4,20210505084018_60928422c63ff.npy,vlisbrasil,1052,Escola
../dataset/raw_data/vlibrasil/1052_Escola/20210616020104_60ca2e50980b1.mp4,20210616020104_60ca2e50980b1.npy,vlisbrasil,1052,Escola
../dataset/raw_data/vlibrasil/1053_Escravo/20210128120334_60122986688c0.mp4,20210128120334_60122986688c0.npy,vlisbrasil,1053,Escravo
../dataset/raw_data/vlibrasil/1053_Escravo/20210202065819_6019223ba3847.mp4,20210202065819_6019223ba3847.npy,vlisbrasil,1053,Escravo
../dataset/raw_data/vlibrasil/1053_Escravo/20210616020109_60ca2e554df60.mp4,20210616020109_60ca2e554df60.npy,vlisbrasil,1053,Escravo
../dataset/raw_data/vlibrasil/1054_Espaguete/20210128120424_601229b872d58.mp4,20210128120424_601229b872d58.npy,vlisbrasil,1054,Espaguete
../dataset/raw_data/vlibrasil/1054_Espaguete/20210505084031_6092842f4d66d.mp4,20210505084031_6092842f4d66d.npy,vlisbrasil,1054,Espaguete
../dataset/raw_data/vlibrasil/1054_Espaguete/20210616021300_60ca311c14fea.mp4,20210616021300_60ca311c14fea.npy,vlisbrasil,1054,Espaguete
../dataset/raw_data/vlibrasil/1055_Espirrar/20210128120448_601229d02d13b.mp4,20210128120448_601229d02d13b.npy,vlisbrasil,1055,Espirrar
../dataset/raw_data/vlibrasil/1055_Espirrar/20210202065853_6019225d41633.mp4,20210202065853_6019225d41633.npy,vlisbrasil,1055,Espirrar
../dataset/raw_data/vlibrasil/1055_Espirrar/20210616021620_60ca31e4b178c.mp4,20210616021620_60ca31e4b178c.npy,vlisbrasil,1055,Espirrar
../dataset/raw_data/vlibrasil/1056_Estado/20210128120514_601229ea7b02a.mp4,20210128120514_601229ea7b02a.npy,vlisbrasil,1056,Estado
../dataset/raw_data/vlibrasil/1056_Estado/20210505025011_6092dad30dbb2.mp4,20210505025011_6092dad30dbb2.npy,vlisbrasil,1056,Estado
../dataset/raw_data/vlibrasil/1056_Estado/20210616021706_60ca32127981b.mp4,20210616021706_60ca32127981b.npy,vlisbrasil,1056,Estado
../dataset/raw_data/vlibrasil/1057_Estrela/20210128120538_60122a0243301.mp4,20210128120538_60122a0243301.npy,vlisbrasil,1057,Estrela
../dataset/raw_data/vlibrasil/1057_Estrela/20210505084018_60928422c1c66.mp4,20210505084018_60928422c1c66.npy,vlisbrasil,1057,Estrela
../dataset/raw_data/vlibrasil/1057_Estrela/20210616021852_60ca327c010c5.mp4,20210616021852_60ca327c010c5.npy,vlisbrasil,1057,Estrela
../dataset/raw_data/vlibrasil/1058_Executar/20210128120558_60122a164ddf4.mp4,20210128120558_60122a164ddf4.npy,vlisbrasil,1058,Executar
../dataset/raw_data/vlibrasil/1058_Executar/20210210075259_6023bb0bad437.mp4,20210210075259_6023bb0bad437.npy,vlisbrasil,1058,Executar
../dataset/raw_data/vlibrasil/1058_Executar/20210621054251_60d0f9cb7d158.mp4,20210621054251_60d0f9cb7d158.npy,vlisbrasil,1058,Executar
../dataset/raw_data/vlibrasil/1059_Facada/20210128120637_60122a3dcde09.mp4,20210128120637_60122a3dcde09.npy,vlisbrasil,1059,Facada
../dataset/raw_data/vlibrasil/1059_Facada/20210505084027_6092842bd65a6.mp4,20210505084027_6092842bd65a6.npy,vlisbrasil,1059,Facada
../dataset/raw_data/vlibrasil/1059_Facada/20210616022646_60ca34567b5cf.mp4,20210616022646_60ca34567b5cf.npy,vlisbrasil,1059,Facada
../dataset/raw_data/vlibrasil/1060_Filho/20210128120714_60122a622947d.mp4,20210128120714_60122a622947d.npy,vlisbrasil,1060,Filho
../dataset/raw_data/vlibrasil/1060_Filho/20210202065917_601922754242f.mp4,20210202065917_601922754242f.npy,vlisbrasil,1060,Filho
../dataset/raw_data/vlibrasil/1060_Filho/20210616022852_60ca34d47a3fe.mp4,20210616022852_60ca34d47a3fe.npy,vlisbrasil,1060,Filho
../dataset/raw_data/vlibrasil/1061_Fino/20210128120744_60122a803d4f8.mp4,20210128120744_60122a803d4f8.npy,vlisbrasil,1061,Fino
../dataset/raw_data/vlibrasil/1061_Fino/20210501072341_608d2c2d64b34.mp4,20210501072341_608d2c2d64b34.npy,vlisbrasil,1061,Fino
../dataset/raw_data/vlibrasil/1061_Fino/20210621042933_60d0e89d63c45.mp4,20210621042933_60d0e89d63c45.npy,vlisbrasil,1061,Fino
../dataset/raw_data/vlibrasil/1062_Fortemente_picante/20210128120836_60122ab4d4c42.mp4,20210128120836_60122ab4d4c42.npy,vlisbrasil,1062,Fortemente picante
../dataset/raw_data/vlibrasil/1062_Fortemente_picante/20210505025017_6092dad94b092.mp4,20210505025017_6092dad94b092.npy,vlisbrasil,1062,Fortemente picante
../dataset/raw_data/vlibrasil/1062_Fortemente_picante/20210616030310_60ca3cdea3a64.mp4,20210616030310_60ca3cdea3a64.npy,vlisbrasil,1062,Fortemente picante
../dataset/raw_data/vlibrasil/1063_Galo/20210128120858_60122aca97b6d.mp4,20210128120858_60122aca97b6d.npy,vlisbrasil,1063,Galo
../dataset/raw_data/vlibrasil/1063_Galo/20210129120617_60137ba99b059.mp4,20210129120617_60137ba99b059.npy,vlisbrasil,1063,Galo
../dataset/raw_data/vlibrasil/1063_Galo/20210616030356_60ca3d0c5591d.mp4,20210616030356_60ca3d0c5591d.npy,vlisbrasil,1063,Galo
../dataset/raw_data/vlibrasil/1064_Habilidade/20210128120938_60122af28e4f5.mp4,20210128120938_60122af28e4f5.npy,vlisbrasil,1064,Habilidade
../dataset/raw_data/vlibrasil/1064_Habilidade/20210202070048_601922d083af7.mp4,20210202070048_601922d083af7.npy,vlisbrasil,1064,Habilidade
../dataset/raw_data/vlibrasil/1064_Habilidade/20210617084744_60cb3660610bb.mp4,20210617084744_60cb3660610bb.npy,vlisbrasil,1064,Habilidade
../dataset/raw_data/vlibrasil/1065_Instituto/20210128121106_60122b4ab3a38.mp4,20210128121106_60122b4ab3a38.npy,vlisbrasil,1065,Instituto
../dataset/raw_data/vlibrasil/1065_Instituto/20210129120747_60137c03234bc.mp4,20210129120747_60137c03234bc.npy,vlisbrasil,1065,Instituto
../dataset/raw_data/vlibrasil/1065_Instituto/20210617090312_60cb3a0088a70.mp4,20210617090312_60cb3a0088a70.npy,vlisbrasil,1065,Instituto
../dataset/raw_data/vlibrasil/1066_Lado/20210128121123_60122b5bd2d74.mp4,20210128121123_60122b5bd2d74.npy,vlisbrasil,1066,Lado
../dataset/raw_data/vlibrasil/1066_Lado/20210202065422_6019214e2d07b.mp4,20210202065422_6019214e2d07b.npy,vlisbrasil,1066,Lado
../dataset/raw_data/vlibrasil/1066_Lado/20210617045514_60cba8a2a13ea.mp4,20210617045514_60cba8a2a13ea.npy,vlisbrasil,1066,Lado
../dataset/raw_data/vlibrasil/1067_Lembrese/20210128121152_60122b787095b.mp4,20210128121152_60122b787095b.npy,vlisbrasil,1067,Lembre-se
../dataset/raw_data/vlibrasil/1067_Lembrese/20210129121055_60137cbfd1497.mp4,20210129121055_60137cbfd1497.npy,vlisbrasil,1067,Lembre-se
../dataset/raw_data/vlibrasil/1067_Lembrese/20210617045920_60cba99842490.mp4,20210617045920_60cba99842490.npy,vlisbrasil,1067,Lembre-se
../dataset/raw_data/vlibrasil/1068_Lento/20210128121221_60122b951fd34.mp4,20210128121221_60122b951fd34.npy,vlisbrasil,1068,Lento
../dataset/raw_data/vlibrasil/1068_Lento/20210202070122_601922f2b7f8c.mp4,20210202070122_601922f2b7f8c.npy,vlisbrasil,1068,Lento
../dataset/raw_data/vlibrasil/1068_Lento/20210617045940_60cba9ac600a0.mp4,20210617045940_60cba9ac600a0.npy,vlisbrasil,1068,Lento
../dataset/raw_data/vlibrasil/1069_Macio/20210128121259_60122bbbb35a3.mp4,20210128121259_60122bbbb35a3.npy,vlisbrasil,1069,Macio
../dataset/raw_data/vlibrasil/1069_Macio/20210202070153_601923110a1c2.mp4,20210202070153_601923110a1c2.npy,vlisbrasil,1069,Macio
../dataset/raw_data/vlibrasil/1069_Macio/20210617051331_60cbacebe872f.mp4,20210617051331_60cbacebe872f.npy,vlisbrasil,1069,Macio
../dataset/raw_data/vlibrasil/1070_Mais_antigo/20210128121326_60122bd6c55e6.mp4,20210128121326_60122bd6c55e6.npy,vlisbrasil,1070,Mais antigo
../dataset/raw_data/vlibrasil/1070_Mais_antigo/20210202070219_6019232bdd29f.mp4,20210202070219_6019232bdd29f.npy,vlisbrasil,1070,Mais antigo
../dataset/raw_data/vlibrasil/1070_Mais_antigo/20210618030154_60ccdf92d2e9c.mp4,20210618030154_60ccdf92d2e9c.npy,vlisbrasil,1070,Mais antigo
../dataset/raw_data/vlibrasil/1072_Meias/20210128121424_60122c1081aac.mp4,20210128121424_60122c1081aac.npy,vlisbrasil,1072,Meias
../dataset/raw_data/vlibrasil/1072_Meias/20210202070320_601923680a0b7.mp4,20210202070320_601923680a0b7.npy,vlisbrasil,1072,Meias
../dataset/raw_data/vlibrasil/1072_Meias/20210618031215_60cce1ff0db96.mp4,20210618031215_60cce1ff0db96.npy,vlisbrasil,1072,Meias
../dataset/raw_data/vlibrasil/1073_Mesma_idade/20210128121451_60122c2bf0bab.mp4,20210128121451_60122c2bf0bab.npy,vlisbrasil,1073,Mesma idade
../dataset/raw_data/vlibrasil/1073_Mesma_idade/20210505031027_6092df93ce97a.mp4,20210505031027_6092df93ce97a.npy,vlisbrasil,1073,Mesma idade
../dataset/raw_data/vlibrasil/1073_Mesma_idade/20210618031556_60cce2dc39ddc.mp4,20210618031556_60cce2dc39ddc.npy,vlisbrasil,1073,Mesma idade
../dataset/raw_data/vlibrasil/1074_Mesmo_tempo/20210128121537_60122c59d65bb.mp4,20210128121537_60122c59d65bb.npy,vlisbrasil,1074,Mesmo tempo
../dataset/raw_data/vlibrasil/1074_Mesmo_tempo/20210505031030_6092df96804f1.mp4,20210505031030_6092df96804f1.npy,vlisbrasil,1074,Mesmo tempo
../dataset/raw_data/vlibrasil/1074_Mesmo_tempo/20210618031613_60cce2ed16ef1.mp4,20210618031613_60cce2ed16ef1.npy,vlisbrasil,1074,Mesmo tempo
../dataset/raw_data/vlibrasil/1075_Osso/20210128121615_60122c7f59647.mp4,20210128121615_60122c7f59647.npy,vlisbrasil,1075,Osso
../dataset/raw_data/vlibrasil/1075_Osso/20210202070445_601923bd437c7.mp4,20210202070445_601923bd437c7.npy,vlisbrasil,1075,Osso
../dataset/raw_data/vlibrasil/1075_Osso/20210619023905_60ce2bb9a7d97.mp4,20210619023905_60ce2bb9a7d97.npy,vlisbrasil,1075,Osso
../dataset/raw_data/vlibrasil/1076_Ovelha/20210128121705_60122cb168dfd.mp4,20210128121705_60122cb168dfd.npy,vlisbrasil,1076,Ovelha
../dataset/raw_data/vlibrasil/1076_Ovelha/20210202070517_601923dd33b2f.mp4,20210202070517_601923dd33b2f.npy,vlisbrasil,1076,Ovelha
../dataset/raw_data/vlibrasil/1076_Ovelha/20210619023932_60ce2bd4d1d26.mp4,20210619023932_60ce2bd4d1d26.npy,vlisbrasil,1076,Ovelha
../dataset/raw_data/vlibrasil/1077_Palmada/20210128121735_60122ccf625e8.mp4,20210128121735_60122ccf625e8.npy,vlisbrasil,1077,Palmada
../dataset/raw_data/vlibrasil/1077_Palmada/20210505032420_6092e2d43a90a.mp4,20210505032420_6092e2d43a90a.npy,vlisbrasil,1077,Palmada
../dataset/raw_data/vlibrasil/1077_Palmada/20210619024100_60ce2c2c93a23.mp4,20210619024100_60ce2c2c93a23.npy,vlisbrasil,1077,Palmada
../dataset/raw_data/vlibrasil/1078_Parecer/20210128121757_60122ce5bfb84.mp4,20210128121757_60122ce5bfb84.npy,vlisbrasil,1078,Parecer
../dataset/raw_data/vlibrasil/1078_Parecer/20210202070548_601923fc981fc.mp4,20210202070548_601923fc981fc.npy,vlisbrasil,1078,Parecer
../dataset/raw_data/vlibrasil/1078_Parecer/20210619024252_60ce2c9cc33a9.mp4,20210619024252_60ce2c9cc33a9.npy,vlisbrasil,1078,Parecer
../dataset/raw_data/vlibrasil/1079_Pele/20210128121820_60122cfced5d8.mp4,20210128121820_60122cfced5d8.npy,vlisbrasil,1079,Pele
../dataset/raw_data/vlibrasil/1079_Pele/20210202070648_601924384d6b2.mp4,20210202070648_601924384d6b2.npy,vlisbrasil,1079,Pele
../dataset/raw_data/vlibrasil/1079_Pele/20210619024556_60ce2d543245e.mp4,20210619024556_60ce2d543245e.npy,vlisbrasil,1079,Pele
../dataset/raw_data/vlibrasil/1080_Pesquisar/20210128121844_60122d14e802e.mp4,20210128121844_60122d14e802e.npy,vlisbrasil,1080,Pesquisar
../dataset/raw_data/vlibrasil/1080_Pesquisar/20210129121634_60137e1227fd8.mp4,20210129121634_60137e1227fd8.npy,vlisbrasil,1080,Pesquisar
../dataset/raw_data/vlibrasil/1080_Pesquisar/20210619025119_60ce2e97974e4.mp4,20210619025119_60ce2e97974e4.npy,vlisbrasil,1080,Pesquisar
../dataset/raw_data/vlibrasil/1081_Picante/20210128121923_60122d3b60aec.mp4,20210128121923_60122d3b60aec.npy,vlisbrasil,1081,Picante
../dataset/raw_data/vlibrasil/1081_Picante/20210505032430_6092e2dec5961.mp4,20210505032430_6092e2dec5961.npy,vlisbrasil,1081,Picante
../dataset/raw_data/vlibrasil/1081_Picante/20210619025428_60ce2f5499d25.mp4,20210619025428_60ce2f5499d25.npy,vlisbrasil,1081,Picante
../dataset/raw_data/vlibrasil/1082_Pôr_o_anel/20210128122038_60122d8681105.mp4,20210128122038_60122d8681105.npy,vlisbrasil,1082,Pôr o anel
../dataset/raw_data/vlibrasil/1082_Pôr_o_anel/20210210080943_6023bef7c612c.mp4,20210210080943_6023bef7c612c.npy,vlisbrasil,1082,Pôr o anel
../dataset/raw_data/vlibrasil/1082_Pôr_o_anel/20210621054431_60d0fa2fb881c.mp4,20210621054431_60d0fa2fb881c.npy,vlisbrasil,1082,Pôr o anel
../dataset/raw_data/vlibrasil/1083_Porta_Corrediça/20210128122116_60122dac74d87.mp4,20210128122116_60122dac74d87.npy,vlisbrasil,1083,Porta Corrediça
../dataset/raw_data/vlibrasil/1083_Porta_Corrediça/20210202070731_601924637f6f2.mp4,20210202070731_601924637f6f2.npy,vlisbrasil,1083,Porta Corrediça
../dataset/raw_data/vlibrasil/1083_Porta_Corrediça/20210605032845_60bbc25d1f8ad.mp4,20210605032845_60bbc25d1f8ad.npy,vlisbrasil,1083,Porta Corrediça
../dataset/raw_data/vlibrasil/1085_Química/20210128122242_60122e029e06e.mp4,20210128122242_60122e029e06e.npy,vlisbrasil,1085,Química
../dataset/raw_data/vlibrasil/1085_Química/20210505110137_6092a541a9633.mp4,20210505110137_6092a541a9633.npy,vlisbrasil,1085,Química
../dataset/raw_data/vlibrasil/1085_Química/20210605035828_60bbc9543cb4b.mp4,20210605035828_60bbc9543cb4b.npy,vlisbrasil,1085,Química
../dataset/raw_data/vlibrasil/1086_Religião/20210128122308_60122e1c97ba5.mp4,20210128122308_60122e1c97ba5.npy,vlisbrasil,1086,Religião
../dataset/raw_data/vlibrasil/1086_Religião/20210129122243_60137f83ed1fe.mp4,20210129122243_60137f83ed1fe.npy,vlisbrasil,1086,Religião
../dataset/raw_data/vlibrasil/1086_Religião/20210609095922_60c163eab8b00.mp4,20210609095922_60c163eab8b00.npy,vlisbrasil,1086,Religião
../dataset/raw_data/vlibrasil/1087_Remover/20210128122331_60122e339f1e0.mp4,20210128122331_60122e339f1e0.npy,vlisbrasil,1087,Remover
../dataset/raw_data/vlibrasil/1087_Remover/20210505110150_6092a54e099b6.mp4,20210505110150_6092a54e099b6.npy,vlisbrasil,1087,Remover
../dataset/raw_data/vlibrasil/1087_Remover/20210609095949_60c164055c835.mp4,20210609095949_60c164055c835.npy,vlisbrasil,1087,Remover
../dataset/raw_data/vlibrasil/1088_Responsabilidade/20210128122417_60122e6133bbd.mp4,20210128122417_60122e6133bbd.npy,vlisbrasil,1088,Responsabilidade
../dataset/raw_data/vlibrasil/1088_Responsabilidade/20210129122304_60137f9814b86.mp4,20210129122304_60137f9814b86.npy,vlisbrasil,1088,Responsabilidade
../dataset/raw_data/vlibrasil/1088_Responsabilidade/20210609100040_60c16438208ae.mp4,20210609100040_60c16438208ae.npy,vlisbrasil,1088,Responsabilidade
../dataset/raw_data/vlibrasil/1089_Restaurante/20210128122458_60122e8a326c9.mp4,20210128122458_60122e8a326c9.npy,vlisbrasil,1089,Restaurante
../dataset/raw_data/vlibrasil/1089_Restaurante/20210210080820_6023bea46cd0c.mp4,20210210080820_6023bea46cd0c.npy,vlisbrasil,1089,Restaurante
../dataset/raw_data/vlibrasil/1089_Restaurante/20210621054541_60d0fa7501028.mp4,20210621054541_60d0fa7501028.npy,vlisbrasil,1089,Restaurante
../dataset/raw_data/vlibrasil/1090_Revisão/20210128122527_60122ea7edc40.mp4,20210128122527_60122ea7edc40.npy,vlisbrasil,1090,Revisão
../dataset/raw_data/vlibrasil/1090_Revisão/20210210080730_6023be721d763.mp4,20210210080730_6023be721d763.npy,vlisbrasil,1090,Revisão
../dataset/raw_data/vlibrasil/1090_Revisão/20210609100532_60c1655ca4239.mp4,20210609100532_60c1655ca4239.npy,vlisbrasil,1090,Revisão
../dataset/raw_data/vlibrasil/1091_Rico/20210128122547_60122ebbba047.mp4,20210128122547_60122ebbba047.npy,vlisbrasil,1091,Rico
../dataset/raw_data/vlibrasil/1091_Rico/20210129122350_60137fc669e0e.mp4,20210129122350_60137fc669e0e.npy,vlisbrasil,1091,Rico
../dataset/raw_data/vlibrasil/1091_Rico/20210610035945_60c26121e79f3.mp4,20210610035945_60c26121e79f3.npy,vlisbrasil,1091,Rico
../dataset/raw_data/vlibrasil/1092_Roubar/20210128122622_60122ede7ae9f.mp4,20210128122622_60122ede7ae9f.npy,vlisbrasil,1092,Roubar
../dataset/raw_data/vlibrasil/1092_Roubar/20210505110154_6092a5526dcf2.mp4,20210505110154_6092a5526dcf2.npy,vlisbrasil,1092,Roubar
../dataset/raw_data/vlibrasil/1092_Roubar/20210610040251_60c261db49d65.mp4,20210610040251_60c261db49d65.npy,vlisbrasil,1092,Roubar
../dataset/raw_data/vlibrasil/1093_Sábado/20210128122659_60122f03c47f3.mp4,20210128122659_60122f03c47f3.npy,vlisbrasil,1093,Sábado
../dataset/raw_data/vlibrasil/1093_Sábado/20210210105809_6023e67138bb0.mp4,20210210105809_6023e67138bb0.npy,vlisbrasil,1093,Sábado
../dataset/raw_data/vlibrasil/1093_Sábado/20210610040447_60c2624f6a5e4.mp4,20210610040447_60c2624f6a5e4.npy,vlisbrasil,1093,Sábado
../dataset/raw_data/vlibrasil/1094_Sabão/20210128122801_60122f4166f7f.mp4,20210128122801_60122f4166f7f.npy,vlisbrasil,1094,Sabão
../dataset/raw_data/vlibrasil/1094_Sabão/20210202070917_601924cde418e.mp4,20210202070917_601924cde418e.npy,vlisbrasil,1094,Sabão
../dataset/raw_data/vlibrasil/1094_Sabão/20210610040506_60c26262ecac4.mp4,20210610040506_60c26262ecac4.npy,vlisbrasil,1094,Sabão
../dataset/raw_data/vlibrasil/1095_Sal_comum/20210128122924_60122f94a21ac.mp4,20210128122924_60122f94a21ac.npy,vlisbrasil,1095,Sal comum
../dataset/raw_data/vlibrasil/1095_Sal_comum/20210621054551_60d0fa7fdf05b.mp4,20210621054551_60d0fa7fdf05b.npy,vlisbrasil,1095,Sal comum
../dataset/raw_data/vlibrasil/1095_Sal_comum/20210908085452_61394d4cde58d.mp4,20210908085452_61394d4cde58d.npy,vlisbrasil,1095,Sal comum
../dataset/raw_data/vlibrasil/1096_Salada/20210128123016_60122fc87c97a.mp4,20210128123016_60122fc87c97a.npy,vlisbrasil,1096,Salada
../dataset/raw_data/vlibrasil/1096_Salada/20210610041245_60c2642d46d70.mp4,20210610041245_60c2642d46d70.npy,vlisbrasil,1096,Salada
../dataset/raw_data/vlibrasil/1096_Salada/20210908085523_61394d6bbf8b7.mp4,20210908085523_61394d6bbf8b7.npy,vlisbrasil,1096,Salada
../dataset/raw_data/vlibrasil/1097_Salvar/20210128123046_60122fe63e083.mp4,20210128123046_60122fe63e083.npy,vlisbrasil,1097,Salvar
../dataset/raw_data/vlibrasil/1097_Salvar/20210505035327_6092e9a7bbc03.mp4,20210505035327_6092e9a7bbc03.npy,vlisbrasil,1097,Salvar
../dataset/raw_data/vlibrasil/1097_Salvar/20210610041342_60c2646687afb.mp4,20210610041342_60c2646687afb.npy,vlisbrasil,1097,Salvar
../dataset/raw_data/vlibrasil/1098_Sapato/20210128123120_60123008815b2.mp4,20210128123120_60123008815b2.npy,vlisbrasil,1098,Sapato
../dataset/raw_data/vlibrasil/1098_Sapato/20210202070940_601924e49aa82.mp4,20210202070940_601924e49aa82.npy,vlisbrasil,1098,Sapato
../dataset/raw_data/vlibrasil/1098_Sapato/20210610041433_60c2649913965.mp4,20210610041433_60c2649913965.npy,vlisbrasil,1098,Sapato
../dataset/raw_data/vlibrasil/1099_Secretária/20210128123202_60123032d8e1d.mp4,20210128123202_60123032d8e1d.npy,vlisbrasil,1099,Secretária
../dataset/raw_data/vlibrasil/1099_Secretária/20210202071009_6019250103a36.mp4,20210202071009_6019250103a36.npy,vlisbrasil,1099,Secretária
../dataset/raw_data/vlibrasil/1099_Secretária/20210610042251_60c2668bcdf5d.mp4,20210610042251_60c2668bcdf5d.npy,vlisbrasil,1099,Secretária
../dataset/raw_data/vlibrasil/1100_Secretário/20210128123223_6012304711bc3.mp4,20210128123223_6012304711bc3.npy,vlisbrasil,1100,Secretário
../dataset/raw_data/vlibrasil/1100_Secretário/20210202071042_6019252267ae3.mp4,20210202071042_6019252267ae3.npy,vlisbrasil,1100,Secretário
../dataset/raw_data/vlibrasil/1100_Secretário/20210610042316_60c266a4ee2ee.mp4,20210610042316_60c266a4ee2ee.npy,vlisbrasil,1100,Secretário
../dataset/raw_data/vlibrasil/1101_Segredo/20210128123254_60123066dc1ae.mp4,20210128123254_60123066dc1ae.npy,vlisbrasil,1101,Segredo
../dataset/raw_data/vlibrasil/1101_Segredo/20210505035325_6092e9a58cc66.mp4,20210505035325_6092e9a58cc66.npy,vlisbrasil,1101,Segredo
../dataset/raw_data/vlibrasil/1101_Segredo/20210610042555_60c26743254c5.mp4,20210610042555_60c26743254c5.npy,vlisbrasil,1101,Segredo
../dataset/raw_data/vlibrasil/1102_Segunda_vez/20210128123317_6012307df1a43.mp4,20210128123317_6012307df1a43.npy,vlisbrasil,1102,Segunda vez
../dataset/raw_data/vlibrasil/1102_Segunda_vez/20210505035327_6092e9a723f67.mp4,20210505035327_6092e9a723f67.npy,vlisbrasil,1102,Segunda vez
../dataset/raw_data/vlibrasil/1102_Segunda_vez/20210610042703_60c267871044f.mp4,20210610042703_60c267871044f.npy,vlisbrasil,1102,Segunda vez
../dataset/raw_data/vlibrasil/1103_Seguro/20210128123350_6012309e46b8d.mp4,20210128123350_6012309e46b8d.npy,vlisbrasil,1103,Seguro
../dataset/raw_data/vlibrasil/1103_Seguro/20210129122510_6013801603d45.mp4,20210129122510_6013801603d45.npy,vlisbrasil,1103,Seguro
../dataset/raw_data/vlibrasil/1103_Seguro/20210610042752_60c267b8ed95f.mp4,20210610042752_60c267b8ed95f.npy,vlisbrasil,1103,Seguro
../dataset/raw_data/vlibrasil/1104_Sentar/20210128123418_601230baae329.mp4,20210128123418_601230baae329.npy,vlisbrasil,1104,Sentar
../dataset/raw_data/vlibrasil/1104_Sentar/20210202071102_601925366c60c.mp4,20210202071102_601925366c60c.npy,vlisbrasil,1104,Sentar
../dataset/raw_data/vlibrasil/1104_Sentar/20210610042951_60c2682f20604.mp4,20210610042951_60c2682f20604.npy,vlisbrasil,1104,Sentar
../dataset/raw_data/vlibrasil/1105_Serpente/20210128123442_601230d24226f.mp4,20210128123442_601230d24226f.npy,vlisbrasil,1105,Serpente
../dataset/raw_data/vlibrasil/1105_Serpente/20210202071128_6019255005cb5.mp4,20210202071128_6019255005cb5.npy,vlisbrasil,1105,Serpente
../dataset/raw_data/vlibrasil/1105_Serpente/20210610043110_60c2687e63575.mp4,20210610043110_60c2687e63575.npy,vlisbrasil,1105,Serpente
../dataset/raw_data/vlibrasil/1106_Serviço/20210128123510_601230eeb75c2.mp4,20210128123510_601230eeb75c2.npy,vlisbrasil,1106,Serviço
../dataset/raw_data/vlibrasil/1106_Serviço/20210202071222_6019258685d41.mp4,20210202071222_6019258685d41.npy,vlisbrasil,1106,Serviço
../dataset/raw_data/vlibrasil/1106_Serviço/20210610043136_60c268982069a.mp4,20210610043136_60c268982069a.npy,vlisbrasil,1106,Serviço
../dataset/raw_data/vlibrasil/1107_Sexo/20210128123537_6012310980224.mp4,20210128123537_6012310980224.npy,vlisbrasil,1107,Sexo
../dataset/raw_data/vlibrasil/1107_Sexo/20210202071242_6019259aaaaa4.mp4,20210202071242_6019259aaaaa4.npy,vlisbrasil,1107,Sexo
../dataset/raw_data/vlibrasil/1107_Sexo/20210610043853_60c26a4d9fa32.mp4,20210610043853_60c26a4d9fa32.npy,vlisbrasil,1107,Sexo
../dataset/raw_data/vlibrasil/1108_Simples/20210128123624_601231384077c.mp4,20210128123624_601231384077c.npy,vlisbrasil,1108,Simples
../dataset/raw_data/vlibrasil/1108_Simples/20210202071307_601925b34a8c6.mp4,20210202071307_601925b34a8c6.npy,vlisbrasil,1108,Simples
../dataset/raw_data/vlibrasil/1108_Simples/20210610044145_60c26af9e2586.mp4,20210610044145_60c26af9e2586.npy,vlisbrasil,1108,Simples
../dataset/raw_data/vlibrasil/1109_Sopa/20210128123648_60123150162e2.mp4,20210128123648_60123150162e2.npy,vlisbrasil,1109,Sopa
../dataset/raw_data/vlibrasil/1109_Sopa/20210505041204_6092ee043c241.mp4,20210505041204_6092ee043c241.npy,vlisbrasil,1109,Sopa
../dataset/raw_data/vlibrasil/1109_Sopa/20210621043230_60d0e94e1aab7.mp4,20210621043230_60d0e94e1aab7.npy,vlisbrasil,1109,Sopa
../dataset/raw_data/vlibrasil/1110_Sorriso/20210128123719_6012316f690cc.mp4,20210128123719_6012316f690cc.npy,vlisbrasil,1110,Sorriso
../dataset/raw_data/vlibrasil/1110_Sorriso/20210202071330_601925ca04386.mp4,20210202071330_601925ca04386.npy,vlisbrasil,1110,Sorriso
../dataset/raw_data/vlibrasil/1110_Sorriso/20210621043244_60d0e95cb58ee.mp4,20210621043244_60d0e95cb58ee.npy,vlisbrasil,1110,Sorriso
../dataset/raw_data/vlibrasil/1111_Sorteio/20210128123755_601231931496c.mp4,20210128123755_601231931496c.npy,vlisbrasil,1111,Sorteio
../dataset/raw_data/vlibrasil/1111_Sorteio/20210202071349_601925ddf2e79.mp4,20210202071349_601925ddf2e79.npy,vlisbrasil,1111,Sorteio
../dataset/raw_data/vlibrasil/1111_Sorteio/20210621054658_60d0fac28405b.mp4,20210621054658_60d0fac28405b.npy,vlisbrasil,1111,Sorteio
../dataset/raw_data/vlibrasil/1112_Sul/20210128123814_601231a6b03b4.mp4,20210128123814_601231a6b03b4.npy,vlisbrasil,1112,Sul
../dataset/raw_data/vlibrasil/1112_Sul/20210505051641_6092fd29a4778.mp4,20210505051641_6092fd29a4778.npy,vlisbrasil,1112,Sul
../dataset/raw_data/vlibrasil/1112_Sul/20210621043817_60d0eaa980cc6.mp4,20210621043817_60d0eaa980cc6.npy,vlisbrasil,1112,Sul
../dataset/raw_data/vlibrasil/1113_Também/20210128123841_601231c151347.mp4,20210128123841_601231c151347.npy,vlisbrasil,1113,Também
../dataset/raw_data/vlibrasil/1113_Também/20210505041205_6092ee05e5642.mp4,20210505041205_6092ee05e5642.npy,vlisbrasil,1113,Também
../dataset/raw_data/vlibrasil/1113_Também/20210621044029_60d0eb2d79bdb.mp4,20210621044029_60d0eb2d79bdb.npy,vlisbrasil,1113,Também
../dataset/raw_data/vlibrasil/1114_Tímido/20210128123903_601231d7daacb.mp4,20210128123903_601231d7daacb.npy,vlisbrasil,1114,Tímido
../dataset/raw_data/vlibrasil/1114_Tímido/20210202071417_601925f9a117a.mp4,20210202071417_601925f9a117a.npy,vlisbrasil,1114,Tímido
../dataset/raw_data/vlibrasil/1114_Tímido/20210621050902_60d0f1def3181.mp4,20210621050902_60d0f1def3181.npy,vlisbrasil,1114,Tímido
../dataset/raw_data/vlibrasil/1115_Todo_Sábado/20210128123928_601231f0b1290.mp4,20210128123928_601231f0b1290.npy,vlisbrasil,1115,Todo Sábado
../dataset/raw_data/vlibrasil/1115_Todo_Sábado/20210505041229_6092ee1d70562.mp4,20210505041229_6092ee1d70562.npy,vlisbrasil,1115,Todo Sábado
../dataset/raw_data/vlibrasil/1115_Todo_Sábado/20210621051406_60d0f30e62d18.mp4,20210621051406_60d0f30e62d18.npy,vlisbrasil,1115,Todo Sábado
../dataset/raw_data/vlibrasil/1116_Tomate/20210128123958_6012320e592b0.mp4,20210128123958_6012320e592b0.npy,vlisbrasil,1116,Tomate
../dataset/raw_data/vlibrasil/1116_Tomate/20210202071439_6019260feeafb.mp4,20210202071439_6019260feeafb.npy,vlisbrasil,1116,Tomate
../dataset/raw_data/vlibrasil/1116_Tomate/20210621051451_60d0f33b971a3.mp4,20210621051451_60d0f33b971a3.npy,vlisbrasil,1116,Tomate
../dataset/raw_data/vlibrasil/1117_Trabalho_Social/20210128124026_6012322aa4148.mp4,20210128124026_6012322aa4148.npy,vlisbrasil,1117,Trabalho Social
../dataset/raw_data/vlibrasil/1117_Trabalho_Social/20210202071507_6019262ba83a6.mp4,20210202071507_6019262ba83a6.npy,vlisbrasil,1117,Trabalho Social
../dataset/raw_data/vlibrasil/1117_Trabalho_Social/20210621051516_60d0f354d4a50.mp4,20210621051516_60d0f354d4a50.npy,vlisbrasil,1117,Trabalho Social
../dataset/raw_data/vlibrasil/1118_Vender/20210128124059_6012324b6f8ce.mp4,20210128124059_6012324b6f8ce.npy,vlisbrasil,1118,Vender
../dataset/raw_data/vlibrasil/1118_Vender/20210202071555_6019265b0a18a.mp4,20210202071555_6019265b0a18a.npy,vlisbrasil,1118,Vender
../dataset/raw_data/vlibrasil/1118_Vender/20210621053915_60d0f8f3b6550.mp4,20210621053915_60d0f8f3b6550.npy,vlisbrasil,1118,Vender
../dataset/raw_data/vlibrasil/1119_Ver/20210128124141_601232751e6b8.mp4,20210128124141_601232751e6b8.npy,vlisbrasil,1119,Ver
../dataset/raw_data/vlibrasil/1119_Ver/20210202071621_60192675bafff.mp4,20210202071621_60192675bafff.npy,vlisbrasil,1119,Ver
../dataset/raw_data/vlibrasil/1119_Ver/20210621052840_60d0f678e7287.mp4,20210621052840_60d0f678e7287.npy,vlisbrasil,1119,Ver
../dataset/raw_data/vlibrasil/1120_Vergonha/20210128124215_601232973c586.mp4,20210128124215_601232973c586.npy,vlisbrasil,1120,Vergonha
../dataset/raw_data/vlibrasil/1120_Vergonha/20210202071709_601926a51ec7f.mp4,20210202071709_601926a51ec7f.npy,vlisbrasil,1120,Vergonha
../dataset/raw_data/vlibrasil/1120_Vergonha/20210621052905_60d0f691120e5.mp4,20210621052905_60d0f691120e5.npy,vlisbrasil,1120,Vergonha
../dataset/raw_data/vlibrasil/1121_Abelha/20210128033241_6013034933114.mp4,20210128033241_6013034933114.npy,vlisbrasil,1121,Abelha
../dataset/raw_data/vlibrasil/1121_Abelha/20210505115038_6092b0be62225.mp4,20210505115038_6092b0be62225.npy,vlisbrasil,1121,Abelha
../dataset/raw_data/vlibrasil/1121_Abelha/20210929043212_6154bf3c31c6d.mp4,20210929043212_6154bf3c31c6d.npy,vlisbrasil,1121,Abelha
../dataset/raw_data/vlibrasil/1122_Agarrar/20210128033324_60130374b8f1a.mp4,20210128033324_60130374b8f1a.npy,vlisbrasil,1122,Agarrar
../dataset/raw_data/vlibrasil/1122_Agarrar/20210501071118_608d294698fc3.mp4,20210501071118_608d294698fc3.npy,vlisbrasil,1122,Agarrar
../dataset/raw_data/vlibrasil/1122_Agarrar/20210929043639_6154c047b5105.mp4,20210929043639_6154c047b5105.npy,vlisbrasil,1122,Agarrar
../dataset/raw_data/vlibrasil/1123_Agasalho/20210128033346_6013038aea6d6.mp4,20210128033346_6013038aea6d6.npy,vlisbrasil,1123,Agasalho
../dataset/raw_data/vlibrasil/1123_Agasalho/20210501071138_608d295a2ff35.mp4,20210501071138_608d295a2ff35.npy,vlisbrasil,1123,Agasalho
../dataset/raw_data/vlibrasil/1123_Agasalho/20210929043657_6154c059cd862.mp4,20210929043657_6154c059cd862.npy,vlisbrasil,1123,Agasalho
../dataset/raw_data/vlibrasil/1124_Agitar/20210128033420_601303ac5038c.mp4,20210128033420_601303ac5038c.npy,vlisbrasil,1124,Agitar
../dataset/raw_data/vlibrasil/1124_Agitar/20210505115037_6092b0bdeb7a5.mp4,20210505115037_6092b0bdeb7a5.npy,vlisbrasil,1124,Agitar
../dataset/raw_data/vlibrasil/1124_Agitar/20210929043716_6154c06c147ab.mp4,20210929043716_6154c06c147ab.npy,vlisbrasil,1124,Agitar
../dataset/raw_data/vlibrasil/1125_Ainda/20210411080151_6072d71f2bdfe.mp4,20210411080151_6072d71f2bdfe.npy,vlisbrasil,1125,Ainda
../dataset/raw_data/vlibrasil/1125_Ainda/20210505074728_609277c04b50f.mp4,20210505074728_609277c04b50f.npy,vlisbrasil,1125,Ainda
../dataset/raw_data/vlibrasil/1125_Ainda/20210929043821_6154c0ada6a3c.mp4,20210929043821_6154c0ada6a3c.npy,vlisbrasil,1125,Ainda
../dataset/raw_data/vlibrasil/1126_Anteriormente/20210128033531_601303f327e93.mp4,20210128033531_601303f327e93.npy,vlisbrasil,1126,Anteriormente
../dataset/raw_data/vlibrasil/1126_Anteriormente/20210505115050_6092b0ca4daf1.mp4,20210505115050_6092b0ca4daf1.npy,vlisbrasil,1126,Anteriormente
../dataset/raw_data/vlibrasil/1126_Anteriormente/20210929044311_6154c1cfd7693.mp4,20210929044311_6154c1cfd7693.npy,vlisbrasil,1126,Anteriormente
../dataset/raw_data/vlibrasil/1127_Apito/20210128033547_60130403467b9.mp4,20210128033547_60130403467b9.npy,vlisbrasil,1127,Apito
../dataset/raw_data/vlibrasil/1127_Apito/20210505114941_6092b085e026d.mp4,20210505114941_6092b085e026d.npy,vlisbrasil,1127,Apito
../dataset/raw_data/vlibrasil/1127_Apito/20210929044454_6154c236c397f.mp4,20210929044454_6154c236c397f.npy,vlisbrasil,1127,Apito
../dataset/raw_data/vlibrasil/1128_Aspirar/20210128033607_601304179f8df.mp4,20210128033607_601304179f8df.npy,vlisbrasil,1128,Aspirar
../dataset/raw_data/vlibrasil/1128_Aspirar/20210501071310_608d29b64471c.mp4,20210501071310_608d29b64471c.npy,vlisbrasil,1128,Aspirar
../dataset/raw_data/vlibrasil/1128_Aspirar/20210611045020_60c3be7c85749.mp4,20210611045020_60c3be7c85749.npy,vlisbrasil,1128,Aspirar
../dataset/raw_data/vlibrasil/1129_Assumir/20210128033624_6013042864205.mp4,20210128033624_6013042864205.npy,vlisbrasil,1129,Assumir
../dataset/raw_data/vlibrasil/1129_Assumir/20210501073459_608d2ed3c28eb.mp4,20210501073459_608d2ed3c28eb.npy,vlisbrasil,1129,Assumir
../dataset/raw_data/vlibrasil/1129_Assumir/20210611045112_60c3beb0e24a3.mp4,20210611045112_60c3beb0e24a3.npy,vlisbrasil,1129,Assumir
../dataset/raw_data/vlibrasil/1130_Chá/20210128033649_601304417149b.mp4,20210128033649_601304417149b.npy,vlisbrasil,1130,Chá
../dataset/raw_data/vlibrasil/1130_Chá/20210505120726_6092b4aec9f00.mp4,20210505120726_6092b4aec9f00.npy,vlisbrasil,1130,Chá
../dataset/raw_data/vlibrasil/1130_Chá/20210613114137_60c6192198e2c.mp4,20210613114137_60c6192198e2c.npy,vlisbrasil,1130,Chá
../dataset/raw_data/vlibrasil/1131_Chamada_por_telefone/20210128033708_60130454c6444.mp4,20210128033708_60130454c6444.npy,vlisbrasil,1131,Chamada por telefone
../dataset/raw_data/vlibrasil/1131_Chamada_por_telefone/20210501073631_608d2f2fe43a0.mp4,20210501073631_608d2f2fe43a0.npy,vlisbrasil,1131,Chamada por telefone
../dataset/raw_data/vlibrasil/1131_Chamada_por_telefone/20210613114155_60c6193374e1e.mp4,20210613114155_60c6193374e1e.npy,vlisbrasil,1131,Chamada por telefone
../dataset/raw_data/vlibrasil/1132_Cintura/20210128033726_60130466ca4a9.mp4,20210128033726_60130466ca4a9.npy,vlisbrasil,1132,Cintura
../dataset/raw_data/vlibrasil/1132_Cintura/20210613114433_60c619d138ed5.mp4,20210613114433_60c619d138ed5.npy,vlisbrasil,1132,Cintura
../dataset/raw_data/vlibrasil/1132_Cintura/20210908085402_61394d1a7cb76.mp4,20210908085402_61394d1a7cb76.npy,vlisbrasil,1132,Cintura
../dataset/raw_data/vlibrasil/1133_Cócegas/20210128033750_6013047e97789.mp4,20210128033750_6013047e97789.npy,vlisbrasil,1133,Cócegas
../dataset/raw_data/vlibrasil/1133_Cócegas/20210501073647_608d2f3f281f9.mp4,20210501073647_608d2f3f281f9.npy,vlisbrasil,1133,Cócegas
../dataset/raw_data/vlibrasil/1133_Cócegas/20210613114842_60c61acaef3b3.mp4,20210613114842_60c61acaef3b3.npy,vlisbrasil,1133,Cócegas
../dataset/raw_data/vlibrasil/1134_Compreender/20210128033848_601304b8c3c55.mp4,20210128033848_601304b8c3c55.npy,vlisbrasil,1134,Compreender
../dataset/raw_data/vlibrasil/1134_Compreender/20210505120743_6092b4bfb9c90.mp4,20210505120743_6092b4bfb9c90.npy,vlisbrasil,1134,Compreender
../dataset/raw_data/vlibrasil/1134_Compreender/20210613125328_60c629f85720c.mp4,20210613125328_60c629f85720c.npy,vlisbrasil,1134,Compreender
../dataset/raw_data/vlibrasil/1135_Creme_dental/20210128033936_601304e8d9e40.mp4,20210128033936_601304e8d9e40.npy,vlisbrasil,1135,Creme dental
../dataset/raw_data/vlibrasil/1135_Creme_dental/20210501071603_608d2a63401b0.mp4,20210501071603_608d2a63401b0.npy,vlisbrasil,1135,Creme dental
../dataset/raw_data/vlibrasil/1135_Creme_dental/20210613125802_60c62b0ac9f46.mp4,20210613125802_60c62b0ac9f46.npy,vlisbrasil,1135,Creme dental
../dataset/raw_data/vlibrasil/1136_Cueca/20210128033954_601304faaae94.mp4,20210128033954_601304faaae94.npy,vlisbrasil,1136,Cueca
../dataset/raw_data/vlibrasil/1136_Cueca/20210505120441_6092b409b8436.mp4,20210505120441_6092b409b8436.npy,vlisbrasil,1136,Cueca
../dataset/raw_data/vlibrasil/1136_Cueca/20210613125911_60c62b4f05751.mp4,20210613125911_60c62b4f05751.npy,vlisbrasil,1136,Cueca
../dataset/raw_data/vlibrasil/1137_De_cabeça_baixa/20210128034029_6013051d412d2.mp4,20210128034029_6013051d412d2.npy,vlisbrasil,1137,De cabeça baixa
../dataset/raw_data/vlibrasil/1137_De_cabeça_baixa/20210505051510_6092fcce28fe8.mp4,20210505051510_6092fcce28fe8.npy,vlisbrasil,1137,De cabeça baixa
../dataset/raw_data/vlibrasil/1137_De_cabeça_baixa/20210613010004_60c62b847ea6b.mp4,20210613010004_60c62b847ea6b.npy,vlisbrasil,1137,De cabeça baixa
../dataset/raw_data/vlibrasil/1138_Decolar/20210128034057_601305391b7eb.mp4,20210128034057_601305391b7eb.npy,vlisbrasil,1138,Decolar
../dataset/raw_data/vlibrasil/1138_Decolar/20210501073806_608d2f8e8369c.mp4,20210501073806_608d2f8e8369c.npy,vlisbrasil,1138,Decolar
../dataset/raw_data/vlibrasil/1138_Decolar/20210613010102_60c62bbed49b8.mp4,20210613010102_60c62bbed49b8.npy,vlisbrasil,1138,Decolar
../dataset/raw_data/vlibrasil/1139_Direto/20210128034114_6013054acd334.mp4,20210128034114_6013054acd334.npy,vlisbrasil,1139,Direto
../dataset/raw_data/vlibrasil/1139_Direto/20210202055204_6019bb74974a4.mp4,20210202055204_6019bb74974a4.npy,vlisbrasil,1139,Direto
../dataset/raw_data/vlibrasil/1139_Direto/20210613112007_60c614170b6bf.mp4,20210613112007_60c614170b6bf.npy,vlisbrasil,1139,Direto
../dataset/raw_data/vlibrasil/1140_Ensinar/20210128034147_6013056bd8449.mp4,20210128034147_6013056bd8449.npy,vlisbrasil,1140,Ensinar
../dataset/raw_data/vlibrasil/1140_Ensinar/20210501071620_608d2a74a050a.mp4,20210501071620_608d2a74a050a.npy,vlisbrasil,1140,Ensinar
../dataset/raw_data/vlibrasil/1140_Ensinar/20210616020021_60ca2e2544895.mp4,20210616020021_60ca2e2544895.npy,vlisbrasil,1140,Ensinar
../dataset/raw_data/vlibrasil/1141_Escova_de_dente/20210128034216_6013058851465.mp4,20210128034216_6013058851465.npy,vlisbrasil,1141,Escova de dente
../dataset/raw_data/vlibrasil/1141_Escova_de_dente/20210501074005_608d3005ebc4c.mp4,20210501074005_608d3005ebc4c.npy,vlisbrasil,1141,Escova de dente
../dataset/raw_data/vlibrasil/1141_Escova_de_dente/20210616020111_60ca2e5760da3.mp4,20210616020111_60ca2e5760da3.npy,vlisbrasil,1141,Escova de dente
../dataset/raw_data/vlibrasil/1142_Escovar_os_dentes/20210128034255_601305af323a7.mp4,20210128034255_601305af323a7.npy,vlisbrasil,1142,Escovar os dentes
../dataset/raw_data/vlibrasil/1142_Escovar_os_dentes/20210501071639_608d2a87dd5a5.mp4,20210501071639_608d2a87dd5a5.npy,vlisbrasil,1142,Escovar os dentes
../dataset/raw_data/vlibrasil/1142_Escovar_os_dentes/20210616020111_60ca2e57df048.mp4,20210616020111_60ca2e57df048.npy,vlisbrasil,1142,Escovar os dentes
../dataset/raw_data/vlibrasil/1143_Esforço/20210128034323_601305cb42705.mp4,20210128034323_601305cb42705.npy,vlisbrasil,1143,Esforço
../dataset/raw_data/vlibrasil/1143_Esforço/20210505084019_60928423862d3.mp4,20210505084019_60928423862d3.npy,vlisbrasil,1143,Esforço
../dataset/raw_data/vlibrasil/1143_Esforço/20210616021012_60ca3074a8307.mp4,20210616021012_60ca3074a8307.npy,vlisbrasil,1143,Esforço
../dataset/raw_data/vlibrasil/1144_Esperar/20210128034341_601305dd8e260.mp4,20210128034341_601305dd8e260.npy,vlisbrasil,1144,Esperar
../dataset/raw_data/vlibrasil/1144_Esperar/20210505024954_6092dac2007e4.mp4,20210505024954_6092dac2007e4.npy,vlisbrasil,1144,Esperar
../dataset/raw_data/vlibrasil/1144_Esperar/20210616021349_60ca314d4c85c.mp4,20210616021349_60ca314d4c85c.npy,vlisbrasil,1144,Esperar
../dataset/raw_data/vlibrasil/1145_Estimular/20210128034356_601305ecef6ea.mp4,20210128034356_601305ecef6ea.npy,vlisbrasil,1145,Estimular
../dataset/raw_data/vlibrasil/1145_Estimular/20210505025017_6092dad90b168.mp4,20210505025017_6092dad90b168.npy,vlisbrasil,1145,Estimular
../dataset/raw_data/vlibrasil/1145_Estimular/20210616021750_60ca323eb477b.mp4,20210616021750_60ca323eb477b.npy,vlisbrasil,1145,Estimular
../dataset/raw_data/vlibrasil/1146_Estrutura/20210128034424_6013060879f56.mp4,20210128034424_6013060879f56.npy,vlisbrasil,1146,Estrutura
../dataset/raw_data/vlibrasil/1146_Estrutura/20210505084026_6092842ae5aaa.mp4,20210505084026_6092842ae5aaa.npy,vlisbrasil,1146,Estrutura
../dataset/raw_data/vlibrasil/1146_Estrutura/20210616021840_60ca32704d187.mp4,20210616021840_60ca32704d187.npy,vlisbrasil,1146,Estrutura
../dataset/raw_data/vlibrasil/1147_Estudo/20210128034445_6013061da7756.mp4,20210128034445_6013061da7756.npy,vlisbrasil,1147,Estudo
../dataset/raw_data/vlibrasil/1147_Estudo/20210501074022_608d3016ca27b.mp4,20210501074022_608d3016ca27b.npy,vlisbrasil,1147,Estudo
../dataset/raw_data/vlibrasil/1147_Estudo/20210616021900_60ca3284ca9c4.mp4,20210616021900_60ca3284ca9c4.npy,vlisbrasil,1147,Estudo
../dataset/raw_data/vlibrasil/1148_Expor/20210128034524_6013064455eec.mp4,20210128034524_6013064455eec.npy,vlisbrasil,1148,Expor
../dataset/raw_data/vlibrasil/1148_Expor/20210505084024_609284282a3fb.mp4,20210505084024_609284282a3fb.npy,vlisbrasil,1148,Expor
../dataset/raw_data/vlibrasil/1148_Expor/20210616022605_60ca342d0ab99.mp4,20210616022605_60ca342d0ab99.npy,vlisbrasil,1148,Expor
../dataset/raw_data/vlibrasil/1149_Feio/20210128034541_60130655e8481.mp4,20210128034541_60130655e8481.npy,vlisbrasil,1149,Feio
../dataset/raw_data/vlibrasil/1149_Feio/20210505084029_6092842d2b7ca.mp4,20210505084029_6092842d2b7ca.npy,vlisbrasil,1149,Feio
../dataset/raw_data/vlibrasil/1149_Feio/20210616022824_60ca34b83356e.mp4,20210616022824_60ca34b83356e.npy,vlisbrasil,1149,Feio
../dataset/raw_data/vlibrasil/1150_Foguete/20210128034647_60130697ab4d1.mp4,20210128034647_60130697ab4d1.npy,vlisbrasil,1150,Foguete
../dataset/raw_data/vlibrasil/1150_Foguete/20210501072528_608d2c981005c.mp4,20210501072528_608d2c981005c.npy,vlisbrasil,1150,Foguete
../dataset/raw_data/vlibrasil/1150_Foguete/20210601055434_60b69e8a5dd67.mp4,20210601055434_60b69e8a5dd67.npy,vlisbrasil,1150,Foguete
../dataset/raw_data/vlibrasil/1151_Garganta/20210128034715_601306b301f5e.mp4,20210128034715_601306b301f5e.npy,vlisbrasil,1151,Garganta
../dataset/raw_data/vlibrasil/1151_Garganta/20210501074151_608d306f3d7bd.mp4,20210501074151_608d306f3d7bd.npy,vlisbrasil,1151,Garganta
../dataset/raw_data/vlibrasil/1151_Garganta/20210616030424_60ca3d2893d31.mp4,20210616030424_60ca3d2893d31.npy,vlisbrasil,1151,Garganta
../dataset/raw_data/vlibrasil/1152_Grosso/20210128034744_601306d0636f3.mp4,20210128034744_601306d0636f3.npy,vlisbrasil,1152,Grosso
../dataset/raw_data/vlibrasil/1152_Grosso/20210501072932_608d2d8c1f2b4.mp4,20210501072932_608d2d8c1f2b4.npy,vlisbrasil,1152,Grosso
../dataset/raw_data/vlibrasil/1152_Grosso/20210617083351_60cb331f2d908.mp4,20210617083351_60cb331f2d908.npy,vlisbrasil,1152,Grosso
../dataset/raw_data/vlibrasil/1153_Guardachuva/20210128034806_601306e6d815a.mp4,20210128034806_601306e6d815a.npy,vlisbrasil,1153,Guarda-chuva
../dataset/raw_data/vlibrasil/1153_Guardachuva/20210505025025_6092dae162f70.mp4,20210505025025_6092dae162f70.npy,vlisbrasil,1153,Guarda-chuva
../dataset/raw_data/vlibrasil/1153_Guardachuva/20210617084712_60cb364015519.mp4,20210617084712_60cb364015519.npy,vlisbrasil,1153,Guarda-chuva
../dataset/raw_data/vlibrasil/1154_Guerra/20210128034827_601306fb6e7b9.mp4,20210128034827_601306fb6e7b9.npy,vlisbrasil,1154,Guerra
../dataset/raw_data/vlibrasil/1154_Guerra/20210505101629_60929aad91c3f.mp4,20210505101629_60929aad91c3f.npy,vlisbrasil,1154,Guerra
../dataset/raw_data/vlibrasil/1154_Guerra/20210617084733_60cb36556cff2.mp4,20210617084733_60cb36556cff2.npy,vlisbrasil,1154,Guerra
../dataset/raw_data/vlibrasil/1155_Honesto/20210128034916_6013072ca14dc.mp4,20210128034916_6013072ca14dc.npy,vlisbrasil,1155,Honesto
../dataset/raw_data/vlibrasil/1155_Honesto/20210505025147_6092db33bb01d.mp4,20210505025147_6092db33bb01d.npy,vlisbrasil,1155,Honesto
../dataset/raw_data/vlibrasil/1155_Honesto/20210617084820_60cb3684a349e.mp4,20210617084820_60cb3684a349e.npy,vlisbrasil,1155,Honesto
../dataset/raw_data/vlibrasil/1156_Investir/20210128034942_60130746ded21.mp4,20210128034942_60130746ded21.npy,vlisbrasil,1156,Investir
../dataset/raw_data/vlibrasil/1156_Investir/20210505025201_6092db417c97d.mp4,20210505025201_6092db417c97d.npy,vlisbrasil,1156,Investir
../dataset/raw_data/vlibrasil/1156_Investir/20210617090434_60cb3a52b015b.mp4,20210617090434_60cb3a52b015b.npy,vlisbrasil,1156,Investir
../dataset/raw_data/vlibrasil/1157_Jogar_basquetebol/20210210112602_6023ecfa1a6a0.mp4,20210210112602_6023ecfa1a6a0.npy,vlisbrasil,1157,Jogar basquetebol
../dataset/raw_data/vlibrasil/1157_Jogar_basquetebol/20210501073028_608d2dc440cb4.mp4,20210501073028_608d2dc440cb4.npy,vlisbrasil,1157,Jogar basquetebol
../dataset/raw_data/vlibrasil/1157_Jogar_basquetebol/20210617090641_60cb3ad1f2d52.mp4,20210617090641_60cb3ad1f2d52.npy,vlisbrasil,1157,Jogar basquetebol
../dataset/raw_data/vlibrasil/1158_Lançar/20210128035040_6013078093c4b.mp4,20210128035040_6013078093c4b.npy,vlisbrasil,1158,Lançar
../dataset/raw_data/vlibrasil/1158_Lançar/20210505025213_6092db4d1fccc.mp4,20210505025213_6092db4d1fccc.npy,vlisbrasil,1158,Lançar
../dataset/raw_data/vlibrasil/1158_Lançar/20210617045546_60cba8c2a4aa7.mp4,20210617045546_60cba8c2a4aa7.npy,vlisbrasil,1158,Lançar
../dataset/raw_data/vlibrasil/1159_Letra_T/20210128035353_60130841df91c.mp4,20210128035353_60130841df91c.npy,vlisbrasil,1159,Letra T
../dataset/raw_data/vlibrasil/1159_Letra_T/20210501074346_608d30e2f26c9.mp4,20210501074346_608d30e2f26c9.npy,vlisbrasil,1159,Letra T
../dataset/raw_data/vlibrasil/1159_Letra_T/20210617050418_60cbaac207ec5.mp4,20210617050418_60cbaac207ec5.npy,vlisbrasil,1159,Letra T
../dataset/raw_data/vlibrasil/1160_Letra_V/20210128035415_601308574439b.mp4,20210128035415_601308574439b.npy,vlisbrasil,1160,Letra V
../dataset/raw_data/vlibrasil/1160_Letra_V/20210505030947_6092df6b21046.mp4,20210505030947_6092df6b21046.npy,vlisbrasil,1160,Letra V
../dataset/raw_data/vlibrasil/1160_Letra_V/20210617050506_60cbaaf20d070.mp4,20210617050506_60cbaaf20d070.npy,vlisbrasil,1160,Letra V
../dataset/raw_data/vlibrasil/1161_Língua_idioma/20210128035456_60130880b823f.mp4,20210128035456_60130880b823f.npy,vlisbrasil,1161,Língua (idioma)
../dataset/raw_data/vlibrasil/1161_Língua_idioma/20210501074444_608d311c4bab4.mp4,20210501074444_608d311c4bab4.npy,vlisbrasil,1161,Língua (idioma)
../dataset/raw_data/vlibrasil/1161_Língua_idioma/20210617050813_60cbabadd7fb0.mp4,20210617050813_60cbabadd7fb0.npy,vlisbrasil,1161,Língua (idioma)
../dataset/raw_data/vlibrasil/1163_Livrase/20210128035542_601308ae174d3.mp4,20210128035542_601308ae174d3.npy,vlisbrasil,1163,Livra-se
../dataset/raw_data/vlibrasil/1163_Livrase/20210505103034_60929dfa89047.mp4,20210505103034_60929dfa89047.npy,vlisbrasil,1163,Livra-se
../dataset/raw_data/vlibrasil/1163_Livrase/20210617050926_60cbabf6975c4.mp4,20210617050926_60cbabf6975c4.npy,vlisbrasil,1163,Livra-se
../dataset/raw_data/vlibrasil/1164_Mau_cheiro/20210505031030_6092df96ad79f.mp4,20210505031030_6092df96ad79f.npy,vlisbrasil,1164,Mau cheiro
../dataset/raw_data/vlibrasil/1164_Mau_cheiro/20210506082243_6093d183e5114.mp4,20210506082243_6093d183e5114.npy,vlisbrasil,1164,Mau cheiro
../dataset/raw_data/vlibrasil/1164_Mau_cheiro/20210618031126_60cce1ce6e808.mp4,20210618031126_60cce1ce6e808.npy,vlisbrasil,1164,Mau cheiro
../dataset/raw_data/vlibrasil/1165_Metrô/20210128035749_6013092d09cba.mp4,20210128035749_6013092d09cba.npy,vlisbrasil,1165,Metrô
../dataset/raw_data/vlibrasil/1165_Metrô/20210501074600_608d31684ce53.mp4,20210501074600_608d31684ce53.npy,vlisbrasil,1165,Metrô
../dataset/raw_data/vlibrasil/1165_Metrô/20210618031653_60cce3150b397.mp4,20210618031653_60cce3150b397.npy,vlisbrasil,1165,Metrô
../dataset/raw_data/vlibrasil/1167_Parar/20210128035943_6013099f27ef8.mp4,20210128035943_6013099f27ef8.npy,vlisbrasil,1167,Parar
../dataset/raw_data/vlibrasil/1167_Parar/20210505103837_60929fdd6b4e3.mp4,20210505103837_60929fdd6b4e3.npy,vlisbrasil,1167,Parar
../dataset/raw_data/vlibrasil/1167_Parar/20210619024223_60ce2c7f5010c.mp4,20210619024223_60ce2c7f5010c.npy,vlisbrasil,1167,Parar
../dataset/raw_data/vlibrasil/1169_Polegar/20210128040100_601309ec5943a.mp4,20210128040100_601309ec5943a.npy,vlisbrasil,1169,Polegar
../dataset/raw_data/vlibrasil/1169_Polegar/20210501074809_608d31e955fd2.mp4,20210501074809_608d31e955fd2.npy,vlisbrasil,1169,Polegar
../dataset/raw_data/vlibrasil/1169_Polegar/20210605032627_60bbc1d38c38c.mp4,20210605032627_60bbc1d38c38c.npy,vlisbrasil,1169,Polegar
../dataset/raw_data/vlibrasil/1170_Pronome/20210128040143_60130a17ecc67.mp4,20210128040143_60130a17ecc67.npy,vlisbrasil,1170,Pronome
../dataset/raw_data/vlibrasil/1170_Pronome/20210505103852_60929fec235ac.mp4,20210505103852_60929fec235ac.npy,vlisbrasil,1170,Pronome
../dataset/raw_data/vlibrasil/1170_Pronome/20210605034513_60bbc6394e917.mp4,20210605034513_60bbc6394e917.npy,vlisbrasil,1170,Pronome
../dataset/raw_data/vlibrasil/1172_Quer/20210128040330_60130a828a26c.mp4,20210128040330_60130a828a26c.npy,vlisbrasil,1172,Quer
../dataset/raw_data/vlibrasil/1172_Quer/20210505032446_6092e2ee4413e.mp4,20210505032446_6092e2ee4413e.npy,vlisbrasil,1172,Quer
../dataset/raw_data/vlibrasil/1172_Quer/20210605035802_60bbc93a24fc8.mp4,20210605035802_60bbc93a24fc8.npy,vlisbrasil,1172,Quer
../dataset/raw_data/vlibrasil/1173_Quintafeira/20210128040401_60130aa109731.mp4,20210128040401_60130aa109731.npy,vlisbrasil,1173,Quinta-feira
../dataset/raw_data/vlibrasil/1173_Quintafeira/20210501075017_608d32694045e.mp4,20210501075017_608d32694045e.npy,vlisbrasil,1173,Quinta-feira
../dataset/raw_data/vlibrasil/1173_Quintafeira/20210609095336_60c1629037955.mp4,20210609095336_60c1629037955.npy,vlisbrasil,1173,Quinta-feira
../dataset/raw_data/vlibrasil/1174_Regata_camisa/20210128040421_60130ab5483fb.mp4,20210128040421_60130ab5483fb.npy,vlisbrasil,1174,Regata (camisa)
../dataset/raw_data/vlibrasil/1174_Regata_camisa/20210502081025_608e88a18fbd8.mp4,20210502081025_608e88a18fbd8.npy,vlisbrasil,1174,Regata (camisa)
../dataset/raw_data/vlibrasil/1174_Regata_camisa/20210609095827_60c163b341f96.mp4,20210609095827_60c163b341f96.npy,vlisbrasil,1174,Regata (camisa)
../dataset/raw_data/vlibrasil/1175_Sacudir/20210128040451_60130ad3afffe.mp4,20210128040451_60130ad3afffe.npy,vlisbrasil,1175,Sacudir
../dataset/raw_data/vlibrasil/1175_Sacudir/20210505035316_6092e99cb1bd5.mp4,20210505035316_6092e99cb1bd5.npy,vlisbrasil,1175,Sacudir
../dataset/raw_data/vlibrasil/1175_Sacudir/20210610040554_60c2629258e13.mp4,20210610040554_60c2629258e13.npy,vlisbrasil,1175,Sacudir
../dataset/raw_data/vlibrasil/1177_Semestre/20210128040538_60130b024ffe5.mp4,20210128040538_60130b024ffe5.npy,vlisbrasil,1177,Semestre
../dataset/raw_data/vlibrasil/1177_Semestre/20210501075119_608d32a7bfc4d.mp4,20210501075119_608d32a7bfc4d.npy,vlisbrasil,1177,Semestre
../dataset/raw_data/vlibrasil/1177_Semestre/20210610042928_60c26818e8638.mp4,20210610042928_60c26818e8638.npy,vlisbrasil,1177,Semestre
../dataset/raw_data/vlibrasil/1178_Sistema/20210128040613_60130b25cf5d0.mp4,20210128040613_60130b25cf5d0.npy,vlisbrasil,1178,Sistema
../dataset/raw_data/vlibrasil/1178_Sistema/20210501075136_608d32b8a846a.mp4,20210501075136_608d32b8a846a.npy,vlisbrasil,1178,Sistema
../dataset/raw_data/vlibrasil/1178_Sistema/20210610044327_60c26b5f5ef3b.mp4,20210610044327_60c26b5f5ef3b.npy,vlisbrasil,1178,Sistema
../dataset/raw_data/vlibrasil/1179_Substituir/20210128040703_60130b5786b75.mp4,20210128040703_60130b5786b75.npy,vlisbrasil,1179,Substituir
../dataset/raw_data/vlibrasil/1179_Substituir/20210501075207_608d32d72ce86.mp4,20210501075207_608d32d72ce86.npy,vlisbrasil,1179,Substituir
../dataset/raw_data/vlibrasil/1179_Substituir/20210621043721_60d0ea71d511c.mp4,20210621043721_60d0ea71d511c.npy,vlisbrasil,1179,Substituir
../dataset/raw_data/vlibrasil/1180_Subtrair/20210128040726_60130b6e3aabf.mp4,20210128040726_60130b6e3aabf.npy,vlisbrasil,1180,Subtrair
../dataset/raw_data/vlibrasil/1180_Subtrair/20210501075222_608d32e63f45d.mp4,20210501075222_608d32e63f45d.npy,vlisbrasil,1180,Subtrair
../dataset/raw_data/vlibrasil/1180_Subtrair/20210621043816_60d0eaa8547ba.mp4,20210621043816_60d0eaa8547ba.npy,vlisbrasil,1180,Subtrair
../dataset/raw_data/vlibrasil/1181_Tabela/20210128040807_60130b97c7158.mp4,20210128040807_60130b97c7158.npy,vlisbrasil,1181,Tabela
../dataset/raw_data/vlibrasil/1181_Tabela/20210501075335_608d332f2149c.mp4,20210501075335_608d332f2149c.npy,vlisbrasil,1181,Tabela
../dataset/raw_data/vlibrasil/1181_Tabela/20210621043953_60d0eb09520bf.mp4,20210621043953_60d0eb09520bf.npy,vlisbrasil,1181,Tabela
../dataset/raw_data/vlibrasil/1182_Tatuagem/20210128040832_60130bb01975e.mp4,20210128040832_60130bb01975e.npy,vlisbrasil,1182,Tatuagem
../dataset/raw_data/vlibrasil/1182_Tatuagem/20210501075355_608d33438ee7f.mp4,20210501075355_608d33438ee7f.npy,vlisbrasil,1182,Tatuagem
../dataset/raw_data/vlibrasil/1182_Tatuagem/20210621053700_60d0f86cdcf28.mp4,20210621053700_60d0f86cdcf28.npy,vlisbrasil,1182,Tatuagem
../dataset/raw_data/vlibrasil/1183_Telefone/20210128040852_60130bc4e8f28.mp4,20210128040852_60130bc4e8f28.npy,vlisbrasil,1183,Telefone
../dataset/raw_data/vlibrasil/1183_Telefone/20210501075410_608d33527f4b8.mp4,20210501075410_608d33527f4b8.npy,vlisbrasil,1183,Telefone
../dataset/raw_data/vlibrasil/1183_Telefone/20210621044039_60d0eb3740a50.mp4,20210621044039_60d0eb3740a50.npy,vlisbrasil,1183,Telefone
../dataset/raw_data/vlibrasil/1184_Telescópio/20210128040917_60130bdd1162e.mp4,20210128040917_60130bdd1162e.npy,vlisbrasil,1184,Telescópio
../dataset/raw_data/vlibrasil/1184_Telescópio/20210501075428_608d3364281f2.mp4,20210501075428_608d3364281f2.npy,vlisbrasil,1184,Telescópio
../dataset/raw_data/vlibrasil/1184_Telescópio/20210621044055_60d0eb47a01f4.mp4,20210621044055_60d0eb47a01f4.npy,vlisbrasil,1184,Telescópio
../dataset/raw_data/vlibrasil/1185_Teoria/20210128040941_60130bf59ea39.mp4,20210128040941_60130bf59ea39.npy,vlisbrasil,1185,Teoria
../dataset/raw_data/vlibrasil/1185_Teoria/20210501075538_608d33aa01061.mp4,20210501075538_608d33aa01061.npy,vlisbrasil,1185,Teoria
../dataset/raw_data/vlibrasil/1185_Teoria/20210621044156_60d0eb846c237.mp4,20210621044156_60d0eb846c237.npy,vlisbrasil,1185,Teoria
../dataset/raw_data/vlibrasil/1186_Terçafeira/20210128041000_60130c081bb0d.mp4,20210128041000_60130c081bb0d.npy,vlisbrasil,1186,Terça-feira
../dataset/raw_data/vlibrasil/1186_Terçafeira/20210505113123_6092ac3bf16bb.mp4,20210505113123_6092ac3bf16bb.npy,vlisbrasil,1186,Terça-feira
../dataset/raw_data/vlibrasil/1187_Termômetro/20210128041039_60130c2fa5ace.mp4,20210128041039_60130c2fa5ace.npy,vlisbrasil,1187,Termômetro
../dataset/raw_data/vlibrasil/1187_Termômetro/20210501075555_608d33bb7b267.mp4,20210501075555_608d33bb7b267.npy,vlisbrasil,1187,Termômetro
../dataset/raw_data/vlibrasil/1187_Termômetro/20210621044225_60d0eba156311.mp4,20210621044225_60d0eba156311.npy,vlisbrasil,1187,Termômetro
../dataset/raw_data/vlibrasil/1188_Teste/20210128041051_60130c3b87792.mp4,20210128041051_60130c3b87792.npy,vlisbrasil,1188,Teste
../dataset/raw_data/vlibrasil/1188_Teste/20210501075611_608d33cb5e8a6.mp4,20210501075611_608d33cb5e8a6.npy,vlisbrasil,1188,Teste
../dataset/raw_data/vlibrasil/1188_Teste/20210621044236_60d0ebac806cd.mp4,20210621044236_60d0ebac806cd.npy,vlisbrasil,1188,Teste
../dataset/raw_data/vlibrasil/1189_Toalha/20210128041116_60130c543cf4d.mp4,20210128041116_60130c543cf4d.npy,vlisbrasil,1189,Toalha
../dataset/raw_data/vlibrasil/1189_Toalha/20210501075627_608d33db259b0.mp4,20210501075627_608d33db259b0.npy,vlisbrasil,1189,Toalha
../dataset/raw_data/vlibrasil/1189_Toalha/20210621050945_60d0f20997010.mp4,20210621050945_60d0f20997010.npy,vlisbrasil,1189,Toalha
../dataset/raw_data/vlibrasil/1190_Toda_quintafeira/20210128041141_60130c6db4d72.mp4,20210128041141_60130c6db4d72.npy,vlisbrasil,1190,Toda quinta-feira
../dataset/raw_data/vlibrasil/1190_Toda_quintafeira/20210501075644_608d33ec57df3.mp4,20210501075644_608d33ec57df3.npy,vlisbrasil,1190,Toda quinta-feira
../dataset/raw_data/vlibrasil/1190_Toda_quintafeira/20210621053715_60d0f87b928ff.mp4,20210621053715_60d0f87b928ff.npy,vlisbrasil,1190,Toda quinta-feira
../dataset/raw_data/vlibrasil/1191_Toda_terçafeira/20210128041201_60130c81be159.mp4,20210128041201_60130c81be159.npy,vlisbrasil,1191,Toda terça-feira
../dataset/raw_data/vlibrasil/1191_Toda_terçafeira/20210505041214_6092ee0eb8816.mp4,20210505041214_6092ee0eb8816.npy,vlisbrasil,1191,Toda terça-feira
../dataset/raw_data/vlibrasil/1191_Toda_terçafeira/20210621051341_60d0f2f5e2785.mp4,20210621051341_60d0f2f5e2785.npy,vlisbrasil,1191,Toda terça-feira
../dataset/raw_data/vlibrasil/1192_Tomada/20210128041228_60130c9c3b539.mp4,20210128041228_60130c9c3b539.npy,vlisbrasil,1192,Tomada
../dataset/raw_data/vlibrasil/1192_Tomada/20210501075700_608d33fcb63ff.mp4,20210501075700_608d33fcb63ff.npy,vlisbrasil,1192,Tomada
../dataset/raw_data/vlibrasil/1192_Tomada/20210621053749_60d0f89db08b4.mp4,20210621053749_60d0f89db08b4.npy,vlisbrasil,1192,Tomada
../dataset/raw_data/vlibrasil/1193_Topo/20210128045720_6013172081d3d.mp4,20210128045720_6013172081d3d.npy,vlisbrasil,1193,Topo
../dataset/raw_data/vlibrasil/1193_Topo/20210501075714_608d340a340d6.mp4,20210501075714_608d340a340d6.npy,vlisbrasil,1193,Topo
../dataset/raw_data/vlibrasil/1193_Topo/20210621051451_60d0f33b3e3ec.mp4,20210621051451_60d0f33b3e3ec.npy,vlisbrasil,1193,Topo
../dataset/raw_data/vlibrasil/1194_Toque/20210128045744_60131738eb873.mp4,20210128045744_60131738eb873.npy,vlisbrasil,1194,Toque
../dataset/raw_data/vlibrasil/1194_Toque/20210501075727_608d3417e0cb6.mp4,20210501075727_608d3417e0cb6.npy,vlisbrasil,1194,Toque
../dataset/raw_data/vlibrasil/1194_Toque/20210621053758_60d0f8a67168f.mp4,20210621053758_60d0f8a67168f.npy,vlisbrasil,1194,Toque
../dataset/raw_data/vlibrasil/1195_Torneio/20210128045807_6013174f1fabf.mp4,20210128045807_6013174f1fabf.npy,vlisbrasil,1195,Torneio
../dataset/raw_data/vlibrasil/1195_Torneio/20210505041230_6092ee1eab4a4.mp4,20210505041230_6092ee1eab4a4.npy,vlisbrasil,1195,Torneio
../dataset/raw_data/vlibrasil/1195_Torneio/20210621051506_60d0f34a89d42.mp4,20210621051506_60d0f34a89d42.npy,vlisbrasil,1195,Torneio
../dataset/raw_data/vlibrasil/1196_Torrada/20210128045826_6013176286fa7.mp4,20210128045826_6013176286fa7.npy,vlisbrasil,1196,Torrada
../dataset/raw_data/vlibrasil/1196_Torrada/20210501075743_608d3427afaf7.mp4,20210501075743_608d3427afaf7.npy,vlisbrasil,1196,Torrada
../dataset/raw_data/vlibrasil/1196_Torrada/20210628092000_60d9be7096094.mp4,20210628092000_60d9be7096094.npy,vlisbrasil,1196,Torrada
../dataset/raw_data/vlibrasil/1197_Tradição/20210128045849_601317794481d.mp4,20210128045849_601317794481d.npy,vlisbrasil,1197,Tradição
../dataset/raw_data/vlibrasil/1197_Tradição/20210501075759_608d343706af1.mp4,20210501075759_608d343706af1.npy,vlisbrasil,1197,Tradição
../dataset/raw_data/vlibrasil/1197_Tradição/20210621053818_60d0f8babf1c0.mp4,20210621053818_60d0f8babf1c0.npy,vlisbrasil,1197,Tradição
../dataset/raw_data/vlibrasil/1198_Trem/20210128045909_6013178d7166d.mp4,20210128045909_6013178d7166d.npy,vlisbrasil,1198,Trem
../dataset/raw_data/vlibrasil/1198_Trem/20210501075811_608d344387a55.mp4,20210501075811_608d344387a55.npy,vlisbrasil,1198,Trem
../dataset/raw_data/vlibrasil/1198_Trem/20210628092015_60d9be7f590fe.mp4,20210628092015_60d9be7f590fe.npy,vlisbrasil,1198,Trem
../dataset/raw_data/vlibrasil/1199_Troféu/20210128045933_601317a560dba.mp4,20210128045933_601317a560dba.npy,vlisbrasil,1199,Troféu
../dataset/raw_data/vlibrasil/1199_Troféu/20210505051700_6092fd3c14d1a.mp4,20210505051700_6092fd3c14d1a.npy,vlisbrasil,1199,Troféu
../dataset/raw_data/vlibrasil/1199_Troféu/20210621053828_60d0f8c436b22.mp4,20210621053828_60d0f8c436b22.npy,vlisbrasil,1199,Troféu
../dataset/raw_data/vlibrasil/1200_Vagina/20210128050010_601317ca9df39.mp4,20210128050010_601317ca9df39.npy,vlisbrasil,1200,Vagina
../dataset/raw_data/vlibrasil/1200_Vagina/20210505113738_6092adb2940bf.mp4,20210505113738_6092adb2940bf.npy,vlisbrasil,1200,Vagina
../dataset/raw_data/vlibrasil/1200_Vagina/20210621052717_60d0f625915a7.mp4,20210621052717_60d0f625915a7.npy,vlisbrasil,1200,Vagina
../dataset/raw_data/vlibrasil/1201_Vapor/20210128050033_601317e1bc056.mp4,20210128050033_601317e1bc056.npy,vlisbrasil,1201,Vapor
../dataset/raw_data/vlibrasil/1201_Vapor/20210505113730_6092adaaf1491.mp4,20210505113730_6092adaaf1491.npy,vlisbrasil,1201,Vapor
../dataset/raw_data/vlibrasil/1201_Vapor/20210621052740_60d0f63c223b1.mp4,20210621052740_60d0f63c223b1.npy,vlisbrasil,1201,Vapor
../dataset/raw_data/vlibrasil/1202_Vicepresidente/20210128050109_60131805d2112.mp4,20210128050109_60131805d2112.npy,vlisbrasil,1202,Vice-presidente
../dataset/raw_data/vlibrasil/1202_Vicepresidente/20210505113739_6092adb3cda53.mp4,20210505113739_6092adb3cda53.npy,vlisbrasil,1202,Vice-presidente
../dataset/raw_data/vlibrasil/1202_Vicepresidente/20210621052938_60d0f6b245069.mp4,20210621052938_60d0f6b245069.npy,vlisbrasil,1202,Vice-presidente
../dataset/raw_data/vlibrasil/1203_Vinte_e_dois/20210128050149_6013182d9df43.mp4,20210128050149_6013182d9df43.npy,vlisbrasil,1203,Vinte e dois
../dataset/raw_data/vlibrasil/1203_Vinte_e_dois/20210505041238_6092ee2692787.mp4,20210505041238_6092ee2692787.npy,vlisbrasil,1203,Vinte e dois
../dataset/raw_data/vlibrasil/1203_Vinte_e_dois/20210621053028_60d0f6e4bf63c.mp4,20210621053028_60d0f6e4bf63c.npy,vlisbrasil,1203,Vinte e dois
../dataset/raw_data/vlibrasil/1204_Vinte_e_um/20210128050207_6013183f62641.mp4,20210128050207_6013183f62641.npy,vlisbrasil,1204,Vinte e um
../dataset/raw_data/vlibrasil/1204_Vinte_e_um/20210505113736_6092adb08484e.mp4,20210505113736_6092adb08484e.npy,vlisbrasil,1204,Vinte e um
../dataset/raw_data/vlibrasil/1204_Vinte_e_um/20210621053038_60d0f6eecb92d.mp4,20210621053038_60d0f6eecb92d.npy,vlisbrasil,1204,Vinte e um
../dataset/raw_data/vlibrasil/1205_Violino/20210128050226_60131852afd13.mp4,20210128050226_60131852afd13.npy,vlisbrasil,1205,Violino
../dataset/raw_data/vlibrasil/1205_Violino/20210505041239_6092ee27ec816.mp4,20210505041239_6092ee27ec816.npy,vlisbrasil,1205,Violino
../dataset/raw_data/vlibrasil/1205_Violino/20210621054000_60d0f9205f8bb.mp4,20210621054000_60d0f9205f8bb.npy,vlisbrasil,1205,Violino
../dataset/raw_data/vlibrasil/1206_Virgem/20210128050242_601318620ca22.mp4,20210128050242_601318620ca22.npy,vlisbrasil,1206,Virgem
../dataset/raw_data/vlibrasil/1206_Virgem/20210505041241_6092ee291c10b.mp4,20210505041241_6092ee291c10b.npy,vlisbrasil,1206,Virgem
../dataset/raw_data/vlibrasil/1206_Virgem/20210621054023_60d0f937a9a34.mp4,20210621054023_60d0f937a9a34.npy,vlisbrasil,1206,Virgem
../dataset/raw_data/vlibrasil/1207_Visita/20210128050300_60131874968da.mp4,20210128050300_60131874968da.npy,vlisbrasil,1207,Visita
../dataset/raw_data/vlibrasil/1207_Visita/20210621054036_60d0f9444c94c.mp4,20210621054036_60d0f9444c94c.npy,vlisbrasil,1207,Visita
../dataset/raw_data/vlibrasil/1207_Visita/20210908085604_61394d947f555.mp4,20210908085604_61394d947f555.npy,vlisbrasil,1207,Visita
../dataset/raw_data/vlibrasil/1208_Visualizar/20210128050321_60131889d85fe.mp4,20210128050321_60131889d85fe.npy,vlisbrasil,1208,Visualizar
../dataset/raw_data/vlibrasil/1208_Visualizar/20210505041242_6092ee2ae0f06.mp4,20210505041242_6092ee2ae0f06.npy,vlisbrasil,1208,Visualizar
../dataset/raw_data/vlibrasil/1208_Visualizar/20210621053053_60d0f6fd4a04c.mp4,20210621053053_60d0f6fd4a04c.npy,vlisbrasil,1208,Visualizar
../dataset/raw_data/vlibrasil/1209_Vocabulário/20210128050340_6013189c135fb.mp4,20210128050340_6013189c135fb.npy,vlisbrasil,1209,Vocabulário
../dataset/raw_data/vlibrasil/1209_Vocabulário/20210505113739_6092adb3c124c.mp4,20210505113739_6092adb3c124c.npy,vlisbrasil,1209,Vocabulário
../dataset/raw_data/vlibrasil/1209_Vocabulário/20210621053345_60d0f7a9f030b.mp4,20210621053345_60d0f7a9f030b.npy,vlisbrasil,1209,Vocabulário
../dataset/raw_data/vlibrasil/1210_Vomitar/20210128050354_601318aa063a7.mp4,20210128050354_601318aa063a7.npy,vlisbrasil,1210,Vomitar
../dataset/raw_data/vlibrasil/1210_Vomitar/20210621053435_60d0f7db2296f.mp4,20210621053435_60d0f7db2296f.npy,vlisbrasil,1210,Vomitar
../dataset/raw_data/vlibrasil/1210_Vomitar/20210908085626_61394daa304a5.mp4,20210908085626_61394daa304a5.npy,vlisbrasil,1210,Vomitar
../dataset/raw_data/vlibrasil/1211_Voto/20210128050429_601318cdd3228.mp4,20210128050429_601318cdd3228.npy,vlisbrasil,1211,Voto
../dataset/raw_data/vlibrasil/1211_Voto/20210505041828_6092ef84045fe.mp4,20210505041828_6092ef84045fe.npy,vlisbrasil,1211,Voto
../dataset/raw_data/vlibrasil/1211_Voto/20210621053452_60d0f7ec56734.mp4,20210621053452_60d0f7ec56734.npy,vlisbrasil,1211,Voto
../dataset/raw_data/vlibrasil/1212_Voz/20210128050449_601318e1cf77c.mp4,20210128050449_601318e1cf77c.npy,vlisbrasil,1212,Voz
../dataset/raw_data/vlibrasil/1212_Voz/20210505041836_6092ef8c2447e.mp4,20210505041836_6092ef8c2447e.npy,vlisbrasil,1212,Voz
../dataset/raw_data/vlibrasil/1212_Voz/20210621053502_60d0f7f6bcad2.mp4,20210621053502_60d0f7f6bcad2.npy,vlisbrasil,1212,Voz
../dataset/raw_data/vlibrasil/1213_Abóbora/20210128055247_6013241f54f42.mp4,20210128055247_6013241f54f42.npy,vlisbrasil,1213,Abóbora
../dataset/raw_data/vlibrasil/1213_Abóbora/20210505074700_609277a470e6b.mp4,20210505074700_609277a470e6b.npy,vlisbrasil,1213,Abóbora
../dataset/raw_data/vlibrasil/1213_Abóbora/20210929043239_6154bf5725f4a.mp4,20210929043239_6154bf5725f4a.npy,vlisbrasil,1213,Abóbora
../dataset/raw_data/vlibrasil/1214_Acenar/20210128055303_6013242f8533d.mp4,20210128055303_6013242f8533d.npy,vlisbrasil,1214,Acenar
../dataset/raw_data/vlibrasil/1214_Acenar/20210505074730_609277c246531.mp4,20210505074730_609277c246531.npy,vlisbrasil,1214,Acenar
../dataset/raw_data/vlibrasil/1214_Acenar/20210929043424_6154bfc0461c6.mp4,20210929043424_6154bfc0461c6.npy,vlisbrasil,1214,Acenar
../dataset/raw_data/vlibrasil/1215_Adiante/20210128055323_6013244362123.mp4,20210128055323_6013244362123.npy,vlisbrasil,1215,Adiante
../dataset/raw_data/vlibrasil/1215_Adiante/20210505074730_609277c29c858.mp4,20210505074730_609277c29c858.npy,vlisbrasil,1215,Adiante
../dataset/raw_data/vlibrasil/1215_Adiante/20210929043513_6154bff1a8625.mp4,20210929043513_6154bff1a8625.npy,vlisbrasil,1215,Adiante
../dataset/raw_data/vlibrasil/1216_Adquirir/20210128055352_6013246066ae6.mp4,20210128055352_6013246066ae6.npy,vlisbrasil,1216,Adquirir
../dataset/raw_data/vlibrasil/1216_Adquirir/20210505074723_609277bb662a6.mp4,20210505074723_609277bb662a6.npy,vlisbrasil,1216,Adquirir
../dataset/raw_data/vlibrasil/1216_Adquirir/20210929043546_6154c012caa5d.mp4,20210929043546_6154c012caa5d.npy,vlisbrasil,1216,Adquirir
../dataset/raw_data/vlibrasil/1217_Água/20210128055412_601324744d7ef.mp4,20210128055412_601324744d7ef.npy,vlisbrasil,1217,Água
../dataset/raw_data/vlibrasil/1217_Água/20210505115048_6092b0c800c7a.mp4,20210505115048_6092b0c800c7a.npy,vlisbrasil,1217,Água
../dataset/raw_data/vlibrasil/1217_Água/20210929043808_6154c0a086bf0.mp4,20210929043808_6154c0a086bf0.npy,vlisbrasil,1217,Água
../dataset/raw_data/vlibrasil/1218_Ajudar/20210128055431_60132487c2b98.mp4,20210128055431_60132487c2b98.npy,vlisbrasil,1218,Ajudar
../dataset/raw_data/vlibrasil/1218_Ajudar/20210505115047_6092b0c78944d.mp4,20210505115047_6092b0c78944d.npy,vlisbrasil,1218,Ajudar
../dataset/raw_data/vlibrasil/1218_Ajudar/20210929043908_6154c0dc64bab.mp4,20210929043908_6154c0dc64bab.npy,vlisbrasil,1218,Ajudar
../dataset/raw_data/vlibrasil/1219_Amarelo/20210128055449_6013249957006.mp4,20210128055449_6013249957006.npy,vlisbrasil,1219,Amarelo
../dataset/raw_data/vlibrasil/1219_Amarelo/20210505074731_609277c3e46cf.mp4,20210505074731_609277c3e46cf.npy,vlisbrasil,1219,Amarelo
../dataset/raw_data/vlibrasil/1219_Amarelo/20210929044021_6154c125729db.mp4,20210929044021_6154c125729db.npy,vlisbrasil,1219,Amarelo
../dataset/raw_data/vlibrasil/1220_Animal_mimado/20210128055528_601324c0ce585.mp4,20210128055528_601324c0ce585.npy,vlisbrasil,1220,Animal mimado
../dataset/raw_data/vlibrasil/1220_Animal_mimado/20210505115049_6092b0c9d6137.mp4,20210505115049_6092b0c9d6137.npy,vlisbrasil,1220,Animal mimado
../dataset/raw_data/vlibrasil/1220_Animal_mimado/20210929044209_6154c191e3e22.mp4,20210929044209_6154c191e3e22.npy,vlisbrasil,1220,Animal mimado
../dataset/raw_data/vlibrasil/1221_Ano/20210128055547_601324d34767b.mp4,20210128055547_601324d34767b.npy,vlisbrasil,1221,Ano
../dataset/raw_data/vlibrasil/1221_Ano/20210505074730_609277c25155f.mp4,20210505074730_609277c25155f.npy,vlisbrasil,1221,Ano
../dataset/raw_data/vlibrasil/1221_Ano/20210929044240_6154c1b0e697a.mp4,20210929044240_6154c1b0e697a.npy,vlisbrasil,1221,Ano
../dataset/raw_data/vlibrasil/1222_Anunciar/20210128055615_601324ef47e39.mp4,20210128055615_601324ef47e39.npy,vlisbrasil,1222,Anunciar
../dataset/raw_data/vlibrasil/1222_Anunciar/20210505115056_6092b0d0b4427.mp4,20210505115056_6092b0d0b4427.npy,vlisbrasil,1222,Anunciar
../dataset/raw_data/vlibrasil/1222_Anunciar/20210929044328_6154c1e070d64.mp4,20210929044328_6154c1e070d64.npy,vlisbrasil,1222,Anunciar
../dataset/raw_data/vlibrasil/1223_Ao_redor/20210128055802_6013255a3e692.mp4,20210128055802_6013255a3e692.npy,vlisbrasil,1223,Ao redor
../dataset/raw_data/vlibrasil/1223_Ao_redor/20210505051213_6092fc1dd36bc.mp4,20210505051213_6092fc1dd36bc.npy,vlisbrasil,1223,Ao redor
../dataset/raw_data/vlibrasil/1223_Ao_redor/20210929044346_6154c1f2e3041.mp4,20210929044346_6154c1f2e3041.npy,vlisbrasil,1223,Ao redor
../dataset/raw_data/vlibrasil/1224_Apagar_o_quadro/20210128055822_6013256ecf663.mp4,20210128055822_6013256ecf663.npy,vlisbrasil,1224,Apagar o quadro
../dataset/raw_data/vlibrasil/1224_Apagar_o_quadro/20210505051216_6092fc201fe9f.mp4,20210505051216_6092fc201fe9f.npy,vlisbrasil,1224,Apagar o quadro
../dataset/raw_data/vlibrasil/1224_Apagar_o_quadro/20210929044428_6154c21c6db56.mp4,20210929044428_6154c21c6db56.npy,vlisbrasil,1224,Apagar o quadro
../dataset/raw_data/vlibrasil/1225_Apagar/20210128055849_60132589c444e.mp4,20210128055849_60132589c444e.npy,vlisbrasil,1225,Apagar
../dataset/raw_data/vlibrasil/1225_Apagar/20210505075328_60927928b7fed.mp4,20210505075328_60927928b7fed.npy,vlisbrasil,1225,Apagar
../dataset/raw_data/vlibrasil/1225_Apagar/20210929044403_6154c203f0b72.mp4,20210929044403_6154c203f0b72.npy,vlisbrasil,1225,Apagar
../dataset/raw_data/vlibrasil/1226_Aqui/20210128055905_601325997eafb.mp4,20210128055905_601325997eafb.npy,vlisbrasil,1226,Aqui
../dataset/raw_data/vlibrasil/1226_Aqui/20210505114959_6092b097ebd19.mp4,20210505114959_6092b097ebd19.npy,vlisbrasil,1226,Aqui
../dataset/raw_data/vlibrasil/1226_Aqui/20210929044543_6154c267b5623.mp4,20210929044543_6154c267b5623.npy,vlisbrasil,1226,Aqui
../dataset/raw_data/vlibrasil/1227_Área/20210128055926_601325ae25be4.mp4,20210128055926_601325ae25be4.npy,vlisbrasil,1227,Área
../dataset/raw_data/vlibrasil/1227_Área/20210505115019_6092b0ab29c40.mp4,20210505115019_6092b0ab29c40.npy,vlisbrasil,1227,Área
../dataset/raw_data/vlibrasil/1227_Área/20210929044613_6154c285398e0.mp4,20210929044613_6154c285398e0.npy,vlisbrasil,1227,Área
../dataset/raw_data/vlibrasil/1228_Árvore/20210128055946_601325c216c1f.mp4,20210128055946_601325c216c1f.npy,vlisbrasil,1228,Árvore
../dataset/raw_data/vlibrasil/1228_Árvore/20210505114953_6092b091e7d7b.mp4,20210505114953_6092b091e7d7b.npy,vlisbrasil,1228,Árvore
../dataset/raw_data/vlibrasil/1228_Árvore/20210611044943_60c3be5783ee2.mp4,20210611044943_60c3be5783ee2.npy,vlisbrasil,1228,Árvore
../dataset/raw_data/vlibrasil/1229_Ato_de_remar/20210128060016_601325e009797.mp4,20210128060016_601325e009797.npy,vlisbrasil,1229,Ato de remar
../dataset/raw_data/vlibrasil/1229_Ato_de_remar/20210505051219_6092fc2369b57.mp4,20210505051219_6092fc2369b57.npy,vlisbrasil,1229,Ato de remar
../dataset/raw_data/vlibrasil/1229_Ato_de_remar/20210611045234_60c3bf023c7dc.mp4,20210611045234_60c3bf023c7dc.npy,vlisbrasil,1229,Ato de remar
../dataset/raw_data/vlibrasil/1230_Atrás/20210128060036_601325f47e8d9.mp4,20210128060036_601325f47e8d9.npy,vlisbrasil,1230,Atrás
../dataset/raw_data/vlibrasil/1230_Atrás/20210505115002_6092b09ad5610.mp4,20210505115002_6092b09ad5610.npy,vlisbrasil,1230,Atrás
../dataset/raw_data/vlibrasil/1230_Atrás/20210611045301_60c3bf1dd0bbb.mp4,20210611045301_60c3bf1dd0bbb.npy,vlisbrasil,1230,Atrás
../dataset/raw_data/vlibrasil/1231_Bagunçado/20210128060057_601326095ad12.mp4,20210128060057_601326095ad12.npy,vlisbrasil,1231,Bagunçado
../dataset/raw_data/vlibrasil/1231_Bagunçado/20210505115015_6092b0a78c522.mp4,20210505115015_6092b0a78c522.npy,vlisbrasil,1231,Bagunçado
../dataset/raw_data/vlibrasil/1231_Bagunçado/20210611045412_60c3bf6427233.mp4,20210611045412_60c3bf6427233.npy,vlisbrasil,1231,Bagunçado
../dataset/raw_data/vlibrasil/1232_Baleia/20210128060117_6013261d1380a.mp4,20210128060117_6013261d1380a.npy,vlisbrasil,1232,Baleia
../dataset/raw_data/vlibrasil/1232_Baleia/20210611045431_60c3bf775cdea.mp4,20210611045431_60c3bf775cdea.npy,vlisbrasil,1232,Baleia
../dataset/raw_data/vlibrasil/1232_Baleia/20210908085345_61394d0977013.mp4,20210908085345_61394d0977013.npy,vlisbrasil,1232,Baleia
../dataset/raw_data/vlibrasil/1233_Bloquear/20210128060134_6013262ebc135.mp4,20210128060134_6013262ebc135.npy,vlisbrasil,1233,Bloquear
../dataset/raw_data/vlibrasil/1233_Bloquear/20210505115017_6092b0a95b1d0.mp4,20210505115017_6092b0a95b1d0.npy,vlisbrasil,1233,Bloquear
../dataset/raw_data/vlibrasil/1233_Bloquear/20210611050243_60c3c163574e9.mp4,20210611050243_60c3c163574e9.npy,vlisbrasil,1233,Bloquear
../dataset/raw_data/vlibrasil/1234_Bocejar/20210128060156_601326441b2f5.mp4,20210128060156_601326441b2f5.npy,vlisbrasil,1234,Bocejar
../dataset/raw_data/vlibrasil/1234_Bocejar/20210505115021_6092b0ad2b639.mp4,20210505115021_6092b0ad2b639.npy,vlisbrasil,1234,Bocejar
../dataset/raw_data/vlibrasil/1234_Bocejar/20210611050235_60c3c15b702ca.mp4,20210611050235_60c3c15b702ca.npy,vlisbrasil,1234,Bocejar
../dataset/raw_data/vlibrasil/1235_Borrifador/20210128060219_6013265bf04b4.mp4,20210128060219_6013265bf04b4.npy,vlisbrasil,1235,Borrifador
../dataset/raw_data/vlibrasil/1235_Borrifador/20210505075435_6092796baa7ea.mp4,20210505075435_6092796baa7ea.npy,vlisbrasil,1235,Borrifador
../dataset/raw_data/vlibrasil/1235_Borrifador/20210613113409_60c61761aa59d.mp4,20210613113409_60c61761aa59d.npy,vlisbrasil,1235,Borrifador
../dataset/raw_data/vlibrasil/1236_Branco/20210128060235_6013266b1f6dd.mp4,20210128060235_6013266b1f6dd.npy,vlisbrasil,1236,Branco
../dataset/raw_data/vlibrasil/1236_Branco/20210505075342_6092793622e40.mp4,20210505075342_6092793622e40.npy,vlisbrasil,1236,Branco
../dataset/raw_data/vlibrasil/1236_Branco/20210613113442_60c61782a1915.mp4,20210613113442_60c61782a1915.npy,vlisbrasil,1236,Branco
../dataset/raw_data/vlibrasil/1237_Caloroso/20210128060334_601326a6b4626.mp4,20210128060334_601326a6b4626.npy,vlisbrasil,1237,Caloroso
../dataset/raw_data/vlibrasil/1237_Caloroso/20210505075441_609279717884d.mp4,20210505075441_609279717884d.npy,vlisbrasil,1237,Caloroso
../dataset/raw_data/vlibrasil/1237_Caloroso/20210613113819_60c6185b9a15d.mp4,20210613113819_60c6185b9a15d.npy,vlisbrasil,1237,Caloroso
../dataset/raw_data/vlibrasil/1238_Carrinho_de_mão/20210128060352_601326b850e32.mp4,20210128060352_601326b850e32.npy,vlisbrasil,1238,Carrinho de mão
../dataset/raw_data/vlibrasil/1238_Carrinho_de_mão/20210505051223_6092fc27b9c25.mp4,20210505051223_6092fc27b9c25.npy,vlisbrasil,1238,Carrinho de mão
../dataset/raw_data/vlibrasil/1238_Carrinho_de_mão/20210613114005_60c618c547640.mp4,20210613114005_60c618c547640.npy,vlisbrasil,1238,Carrinho de mão
../dataset/raw_data/vlibrasil/1239_Casamento/20210128060415_601326cf5ac8c.mp4,20210128060415_601326cf5ac8c.npy,vlisbrasil,1239,Casamento
../dataset/raw_data/vlibrasil/1239_Casamento/20210505075447_609279773b4a5.mp4,20210505075447_609279773b4a5.npy,vlisbrasil,1239,Casamento
../dataset/raw_data/vlibrasil/1239_Casamento/20210613114041_60c618e9a3413.mp4,20210613114041_60c618e9a3413.npy,vlisbrasil,1239,Casamento
../dataset/raw_data/vlibrasil/1240_Chicote/20210128060434_601326e252556.mp4,20210128060434_601326e252556.npy,vlisbrasil,1240,Chicote
../dataset/raw_data/vlibrasil/1240_Chicote/20210505120729_6092b4b118f27.mp4,20210505120729_6092b4b118f27.npy,vlisbrasil,1240,Chicote
../dataset/raw_data/vlibrasil/1240_Chicote/20210621054209_60d0f9a11a1b7.mp4,20210621054209_60d0f9a11a1b7.npy,vlisbrasil,1240,Chicote
../dataset/raw_data/vlibrasil/1241_Colégio/20210128060454_601326f6999bb.mp4,20210128060454_601326f6999bb.npy,vlisbrasil,1241,Colégio
../dataset/raw_data/vlibrasil/1241_Colégio/20210505120736_6092b4b81979c.mp4,20210505120736_6092b4b81979c.npy,vlisbrasil,1241,Colégio
../dataset/raw_data/vlibrasil/1241_Colégio/20210613121321_60c62091d190f.mp4,20210613121321_60c62091d190f.npy,vlisbrasil,1241,Colégio
../dataset/raw_data/vlibrasil/1242_Correr_atrás/20210128060516_6013270c427a5.mp4,20210128060516_6013270c427a5.npy,vlisbrasil,1242,Correr atrás
../dataset/raw_data/vlibrasil/1242_Correr_atrás/20210505051238_6092fc36be4f9.mp4,20210505051238_6092fc36be4f9.npy,vlisbrasil,1242,Correr atrás
../dataset/raw_data/vlibrasil/1242_Correr_atrás/20210613125714_60c62ada2d6fb.mp4,20210613125714_60c62ada2d6fb.npy,vlisbrasil,1242,Correr atrás
../dataset/raw_data/vlibrasil/1243_Desperdício/20210128060551_6013272fd394b.mp4,20210128060551_6013272fd394b.npy,vlisbrasil,1243,Desperdício
../dataset/raw_data/vlibrasil/1243_Desperdício/20210505120452_6092b41451fa9.mp4,20210505120452_6092b41451fa9.npy,vlisbrasil,1243,Desperdício
../dataset/raw_data/vlibrasil/1243_Desperdício/20210613010237_60c62c1dc65a2.mp4,20210613010237_60c62c1dc65a2.npy,vlisbrasil,1243,Desperdício
../dataset/raw_data/vlibrasil/1244_Deteriorar/20210128060611_601327436e934.mp4,20210128060611_601327436e934.npy,vlisbrasil,1244,Deteriorar
../dataset/raw_data/vlibrasil/1244_Deteriorar/20210505075912_60927a80a5777.mp4,20210505075912_60927a80a5777.npy,vlisbrasil,1244,Deteriorar
../dataset/raw_data/vlibrasil/1244_Deteriorar/20210613010255_60c62c2fe2b63.mp4,20210613010255_60c62c2fe2b63.npy,vlisbrasil,1244,Deteriorar
../dataset/raw_data/vlibrasil/1245_Duas_semanas/20210128060642_6013276216986.mp4,20210128060642_6013276216986.npy,vlisbrasil,1245,Duas semanas
../dataset/raw_data/vlibrasil/1245_Duas_semanas/20210505075913_60927a8163aa4.mp4,20210505075913_60927a8163aa4.npy,vlisbrasil,1245,Duas semanas
../dataset/raw_data/vlibrasil/1245_Duas_semanas/20210621042850_60d0e8729f88a.mp4,20210621042850_60d0e8729f88a.npy,vlisbrasil,1245,Duas semanas
../dataset/raw_data/vlibrasil/1246_Escrever/20210128060701_601327751e212.mp4,20210128060701_601327751e212.npy,vlisbrasil,1246,Escrever
../dataset/raw_data/vlibrasil/1246_Escrever/20210505120437_6092b405dd751.mp4,20210505120437_6092b405dd751.npy,vlisbrasil,1246,Escrever
../dataset/raw_data/vlibrasil/1246_Escrever/20210616020105_60ca2e5198609.mp4,20210616020105_60ca2e5198609.npy,vlisbrasil,1246,Escrever
../dataset/raw_data/vlibrasil/1247_Esfregar/20210128060722_6013278a77f1b.mp4,20210128060722_6013278a77f1b.npy,vlisbrasil,1247,Esfregar
../dataset/raw_data/vlibrasil/1247_Esfregar/20210505084029_6092842d0c5f7.mp4,20210505084029_6092842d0c5f7.npy,vlisbrasil,1247,Esfregar
../dataset/raw_data/vlibrasil/1247_Esfregar/20210616021223_60ca30f7b8f41.mp4,20210616021223_60ca30f7b8f41.npy,vlisbrasil,1247,Esfregar
../dataset/raw_data/vlibrasil/1248_Fechar_a_porta/20210128060741_6013279d35409.mp4,20210128060741_6013279d35409.npy,vlisbrasil,1248,Fechar a porta
../dataset/raw_data/vlibrasil/1248_Fechar_a_porta/20210505051559_6092fcff2a896.mp4,20210505051559_6092fcff2a896.npy,vlisbrasil,1248,Fechar a porta
../dataset/raw_data/vlibrasil/1248_Fechar_a_porta/20210616022749_60ca3495aac8e.mp4,20210616022749_60ca3495aac8e.npy,vlisbrasil,1248,Fechar a porta
../dataset/raw_data/vlibrasil/1249_Flash_da_câmera/20210128060805_601327b5cb339.mp4,20210128060805_601327b5cb339.npy,vlisbrasil,1249,Flash da câmera
../dataset/raw_data/vlibrasil/1249_Flash_da_câmera/20210505025016_6092dad835c96.mp4,20210505025016_6092dad835c96.npy,vlisbrasil,1249,Flash da câmera
../dataset/raw_data/vlibrasil/1249_Flash_da_câmera/20210531062638_60b5548e10edf.mp4,20210531062638_60b5548e10edf.npy,vlisbrasil,1249,Flash da câmera
../dataset/raw_data/vlibrasil/1250_Forte/20210128060820_601327c480b67.mp4,20210128060820_601327c480b67.npy,vlisbrasil,1250,Forte
../dataset/raw_data/vlibrasil/1250_Forte/20210505101627_60929aab2766c.mp4,20210505101627_60929aab2766c.npy,vlisbrasil,1250,Forte
../dataset/raw_data/vlibrasil/1250_Forte/20210616030243_60ca3cc3f3172.mp4,20210616030243_60ca3cc3f3172.npy,vlisbrasil,1250,Forte
../dataset/raw_data/vlibrasil/1251_Fraco/20210128060838_601327d6e4996.mp4,20210128060838_601327d6e4996.npy,vlisbrasil,1251,Fraco
../dataset/raw_data/vlibrasil/1251_Fraco/20210616030313_60ca3ce134be6.mp4,20210616030313_60ca3ce134be6.npy,vlisbrasil,1251,Fraco
../dataset/raw_data/vlibrasil/1251_Fraco/20210908085421_61394d2d5ebfe.mp4,20210908085421_61394d2d5ebfe.npy,vlisbrasil,1251,Fraco
../dataset/raw_data/vlibrasil/1252_Gastar/20210209061008_6022fa30b8ffb.mp4,20210209061008_6022fa30b8ffb.npy,vlisbrasil,1252,Gastar
../dataset/raw_data/vlibrasil/1252_Gastar/20210211122401_60254c1193129.mp4,20210211122401_60254c1193129.npy,vlisbrasil,1252,Gastar
../dataset/raw_data/vlibrasil/1252_Gastar/20210505101638_60929ab6a7af3.mp4,20210505101638_60929ab6a7af3.npy,vlisbrasil,1252,Gastar
../dataset/raw_data/vlibrasil/1253_Gorila/20210128060914_601327faa7842.mp4,20210128060914_601327faa7842.npy,vlisbrasil,1253,Gorila
../dataset/raw_data/vlibrasil/1253_Gorila/20210505101637_60929ab58fc0b.mp4,20210505101637_60929ab58fc0b.npy,vlisbrasil,1253,Gorila
../dataset/raw_data/vlibrasil/1253_Gorila/20210616030437_60ca3d3504ccc.mp4,20210616030437_60ca3d3504ccc.npy,vlisbrasil,1253,Gorila
../dataset/raw_data/vlibrasil/1254_Grande_sucesso/20210128061436_6013293cac08e.mp4,20210128061436_6013293cac08e.npy,vlisbrasil,1254,Grande sucesso
../dataset/raw_data/vlibrasil/1254_Grande_sucesso/20210505101631_60929aaf4ab32.mp4,20210505101631_60929aaf4ab32.npy,vlisbrasil,1254,Grande sucesso
../dataset/raw_data/vlibrasil/1254_Grande_sucesso/20210616030527_60ca3d67e3702.mp4,20210616030527_60ca3d67e3702.npy,vlisbrasil,1254,Grande sucesso
../dataset/raw_data/vlibrasil/1255_Grosseiro/20210128061459_60132953bba82.mp4,20210128061459_60132953bba82.npy,vlisbrasil,1255,Grosseiro
../dataset/raw_data/vlibrasil/1255_Grosseiro/20210505025020_6092dadc9ef1e.mp4,20210505025020_6092dadc9ef1e.npy,vlisbrasil,1255,Grosseiro
../dataset/raw_data/vlibrasil/1255_Grosseiro/20210617083338_60cb3312481ef.mp4,20210617083338_60cb3312481ef.npy,vlisbrasil,1255,Grosseiro
../dataset/raw_data/vlibrasil/1256_Irmã/20210128061522_6013296aa7f54.mp4,20210128061522_6013296aa7f54.npy,vlisbrasil,1256,Irmã
../dataset/raw_data/vlibrasil/1256_Irmã/20210505025206_6092db4683e00.mp4,20210505025206_6092db4683e00.npy,vlisbrasil,1256,Irmã
../dataset/raw_data/vlibrasil/1256_Irmã/20210617090512_60cb3a780e012.mp4,20210617090512_60cb3a780e012.npy,vlisbrasil,1256,Irmã
../dataset/raw_data/vlibrasil/1257_Janela/20210128061551_60132987646e6.mp4,20210128061551_60132987646e6.npy,vlisbrasil,1257,Janela
../dataset/raw_data/vlibrasil/1257_Janela/20210505101633_60929ab17841f.mp4,20210505101633_60929ab17841f.npy,vlisbrasil,1257,Janela
../dataset/raw_data/vlibrasil/1257_Janela/20210617090536_60cb3a907739a.mp4,20210617090536_60cb3a907739a.npy,vlisbrasil,1257,Janela
../dataset/raw_data/vlibrasil/1258_Jardim_de_infância/20210128061611_6013299b2f446.mp4,20210128061611_6013299b2f446.npy,vlisbrasil,1258,Jardim de infância
../dataset/raw_data/vlibrasil/1258_Jardim_de_infância/20210505025210_6092db4ad1cf4.mp4,20210505025210_6092db4ad1cf4.npy,vlisbrasil,1258,Jardim de infância
../dataset/raw_data/vlibrasil/1258_Jardim_de_infância/20210617090554_60cb3aa297ad8.mp4,20210617090554_60cb3aa297ad8.npy,vlisbrasil,1258,Jardim de infância
../dataset/raw_data/vlibrasil/1259_Lápis/20210128061631_601329af27404.mp4,20210128061631_601329af27404.npy,vlisbrasil,1259,Lápis
../dataset/raw_data/vlibrasil/1259_Lápis/20210505101634_60929ab258eb5.mp4,20210505101634_60929ab258eb5.npy,vlisbrasil,1259,Lápis
../dataset/raw_data/vlibrasil/1259_Lápis/20210617045605_60cba8d5ced24.mp4,20210617045605_60cba8d5ced24.npy,vlisbrasil,1259,Lápis
../dataset/raw_data/vlibrasil/1260_Lavar_as_mãos/20210128061655_601329c7c7cd2.mp4,20210128061655_601329c7c7cd2.npy,vlisbrasil,1260,Lavar as mãos
../dataset/raw_data/vlibrasil/1260_Lavar_as_mãos/20210505103042_60929e02a71f1.mp4,20210505103042_60929e02a71f1.npy,vlisbrasil,1260,Lavar as mãos
../dataset/raw_data/vlibrasil/1260_Lavar_as_mãos/20210617045637_60cba8f59f512.mp4,20210617045637_60cba8f59f512.npy,vlisbrasil,1260,Lavar as mãos
../dataset/raw_data/vlibrasil/1261_Lavar_o_rosto/20210128061716_601329dc854f1.mp4,20210128061716_601329dc854f1.npy,vlisbrasil,1261,Lavar o rosto
../dataset/raw_data/vlibrasil/1261_Lavar_o_rosto/20210505030958_6092df767f1ce.mp4,20210505030958_6092df767f1ce.npy,vlisbrasil,1261,Lavar o rosto
../dataset/raw_data/vlibrasil/1261_Lavar_o_rosto/20210617045711_60cba917d4c7a.mp4,20210617045711_60cba917d4c7a.npy,vlisbrasil,1261,Lavar o rosto
../dataset/raw_data/vlibrasil/1262_Lavar_prato/20210128061744_601329f876099.mp4,20210128061744_601329f876099.npy,vlisbrasil,1262,Lavar prato
../dataset/raw_data/vlibrasil/1262_Lavar_prato/20210505030949_6092df6def3fd.mp4,20210505030949_6092df6def3fd.npy,vlisbrasil,1262,Lavar prato
../dataset/raw_data/vlibrasil/1262_Lavar_prato/20210617045727_60cba9272c055.mp4,20210617045727_60cba9272c055.npy,vlisbrasil,1262,Lavar prato
../dataset/raw_data/vlibrasil/1263_Lavar/20210128062103_60132abf5748a.mp4,20210128062103_60132abf5748a.npy,vlisbrasil,1263,Lavar
../dataset/raw_data/vlibrasil/1263_Lavar/20210505025218_6092db52d1ee2.mp4,20210505025218_6092db52d1ee2.npy,vlisbrasil,1263,Lavar
../dataset/raw_data/vlibrasil/1263_Lavar/20210617045653_60cba90565be6.mp4,20210617045653_60cba90565be6.npy,vlisbrasil,1263,Lavar
../dataset/raw_data/vlibrasil/1264_Legenda/20210128062119_60132acfb5c3c.mp4,20210128062119_60132acfb5c3c.npy,vlisbrasil,1264,Legenda
../dataset/raw_data/vlibrasil/1264_Legenda/20210505103045_60929e050ca47.mp4,20210505103045_60929e050ca47.npy,vlisbrasil,1264,Legenda
../dataset/raw_data/vlibrasil/1264_Legenda/20210617045805_60cba94d9371e.mp4,20210617045805_60cba94d9371e.npy,vlisbrasil,1264,Legenda
../dataset/raw_data/vlibrasil/1265_Letra_U/20210128062142_60132ae611f8c.mp4,20210128062142_60132ae611f8c.npy,vlisbrasil,1265,Letra U
../dataset/raw_data/vlibrasil/1265_Letra_U/20210505030942_6092df66946cb.mp4,20210505030942_6092df66946cb.npy,vlisbrasil,1265,Letra U
../dataset/raw_data/vlibrasil/1265_Letra_U/20210617050442_60cbaada87f2f.mp4,20210617050442_60cbaada87f2f.npy,vlisbrasil,1265,Letra U
../dataset/raw_data/vlibrasil/1266_Letra_X/20210128062200_60132af84ff86.mp4,20210128062200_60132af84ff86.npy,vlisbrasil,1266,Letra X
../dataset/raw_data/vlibrasil/1266_Letra_X/20210505103036_60929dfc22f60.mp4,20210505103036_60929dfc22f60.npy,vlisbrasil,1266,Letra X
../dataset/raw_data/vlibrasil/1266_Letra_X/20210617050531_60cbab0b5d502.mp4,20210617050531_60cbab0b5d502.npy,vlisbrasil,1266,Letra X
../dataset/raw_data/vlibrasil/1267_Letra_Y/20210128062219_60132b0b415cc.mp4,20210128062219_60132b0b415cc.npy,vlisbrasil,1267,Letra Y
../dataset/raw_data/vlibrasil/1267_Letra_Y/20210505103032_60929df83bcb6.mp4,20210505103032_60929df83bcb6.npy,vlisbrasil,1267,Letra Y
../dataset/raw_data/vlibrasil/1267_Letra_Y/20210617050555_60cbab230fd25.mp4,20210617050555_60cbab230fd25.npy,vlisbrasil,1267,Letra Y
../dataset/raw_data/vlibrasil/1268_Letra_Z/20210128062240_60132b208d37d.mp4,20210128062240_60132b208d37d.npy,vlisbrasil,1268,Letra Z
../dataset/raw_data/vlibrasil/1268_Letra_Z/20210505030951_6092df6f5551f.mp4,20210505030951_6092df6f5551f.npy,vlisbrasil,1268,Letra Z
../dataset/raw_data/vlibrasil/1268_Letra_Z/20210617050614_60cbab364c433.mp4,20210617050614_60cbab364c433.npy,vlisbrasil,1268,Letra Z
../dataset/raw_data/vlibrasil/1269_Livro/20210128062257_60132b31f2f18.mp4,20210128062257_60132b31f2f18.npy,vlisbrasil,1269,Livro
../dataset/raw_data/vlibrasil/1269_Livro/20210505030959_6092df77822f0.mp4,20210505030959_6092df77822f0.npy,vlisbrasil,1269,Livro
../dataset/raw_data/vlibrasil/1269_Livro/20210617051019_60cbac2b80ecd.mp4,20210617051019_60cbac2b80ecd.npy,vlisbrasil,1269,Livro
../dataset/raw_data/vlibrasil/1270_Local/20210128062312_60132b403c248.mp4,20210128062312_60132b403c248.npy,vlisbrasil,1270,Local
../dataset/raw_data/vlibrasil/1270_Local/20210505103042_60929e02d4d04.mp4,20210505103042_60929e02d4d04.npy,vlisbrasil,1270,Local
../dataset/raw_data/vlibrasil/1270_Local/20210617051037_60cbac3d2a2be.mp4,20210617051037_60cbac3d2a2be.npy,vlisbrasil,1270,Local
../dataset/raw_data/vlibrasil/1271_Lugar/20210128062405_60132b7599066.mp4,20210128062405_60132b7599066.npy,vlisbrasil,1271,Lugar
../dataset/raw_data/vlibrasil/1271_Lugar/20210505031020_6092df8c08e1e.mp4,20210505031020_6092df8c08e1e.npy,vlisbrasil,1271,Lugar
../dataset/raw_data/vlibrasil/1271_Lugar/20210617051200_60cbac9093d8b.mp4,20210617051200_60cbac9093d8b.npy,vlisbrasil,1271,Lugar
../dataset/raw_data/vlibrasil/1272_Madeira/20210128062422_60132b8600a6b.mp4,20210128062422_60132b8600a6b.npy,vlisbrasil,1272,Madeira
../dataset/raw_data/vlibrasil/1272_Madeira/20210505103035_60929dfb4a8dd.mp4,20210505103035_60929dfb4a8dd.npy,vlisbrasil,1272,Madeira
../dataset/raw_data/vlibrasil/1272_Madeira/20210617051406_60cbad0e79504.mp4,20210617051406_60cbad0e79504.npy,vlisbrasil,1272,Madeira
../dataset/raw_data/vlibrasil/1273_Máquina_de_lavar/20210128062444_60132b9c6cb94.mp4,20210128062444_60132b9c6cb94.npy,vlisbrasil,1273,Máquina de lavar
../dataset/raw_data/vlibrasil/1273_Máquina_de_lavar/20210505031106_6092dfba6aa0f.mp4,20210505031106_6092dfba6aa0f.npy,vlisbrasil,1273,Máquina de lavar
../dataset/raw_data/vlibrasil/1273_Máquina_de_lavar/20210618030402_60cce01212498.mp4,20210618030402_60cce01212498.npy,vlisbrasil,1273,Máquina de lavar
../dataset/raw_data/vlibrasil/1274_Máscara/20210128062457_60132ba963ec5.mp4,20210128062457_60132ba963ec5.npy,vlisbrasil,1274,Máscara
../dataset/raw_data/vlibrasil/1274_Máscara/20210505103038_60929dfe092e4.mp4,20210505103038_60929dfe092e4.npy,vlisbrasil,1274,Máscara
../dataset/raw_data/vlibrasil/1274_Máscara/20210621043004_60d0e8bc5ede8.mp4,20210621043004_60d0e8bc5ede8.npy,vlisbrasil,1274,Máscara
../dataset/raw_data/vlibrasil/1275_Mastigar/20210128062514_60132bba7dc36.mp4,20210128062514_60132bba7dc36.npy,vlisbrasil,1275,Mastigar
../dataset/raw_data/vlibrasil/1275_Mastigar/20210505031026_6092df9287f21.mp4,20210505031026_6092df9287f21.npy,vlisbrasil,1275,Mastigar
../dataset/raw_data/vlibrasil/1275_Mastigar/20210621054327_60d0f9ef9af3a.mp4,20210621054327_60d0f9ef9af3a.npy,vlisbrasil,1275,Mastigar
../dataset/raw_data/vlibrasil/1276_Melância/20210128062543_60132bd750a82.mp4,20210128062543_60132bd750a82.npy,vlisbrasil,1276,Melância
../dataset/raw_data/vlibrasil/1276_Melância/20210505031027_6092df93bad93.mp4,20210505031027_6092df93bad93.npy,vlisbrasil,1276,Melância
../dataset/raw_data/vlibrasil/1276_Melância/20210618031247_60cce21f55062.mp4,20210618031247_60cce21f55062.npy,vlisbrasil,1276,Melância
../dataset/raw_data/vlibrasil/1277_Morango/20210128062600_60132be89d8e3.mp4,20210128062600_60132be89d8e3.npy,vlisbrasil,1277,Morango
../dataset/raw_data/vlibrasil/1277_Morango/20210505103039_60929dff4efb3.mp4,20210505103039_60929dff4efb3.npy,vlisbrasil,1277,Morango
../dataset/raw_data/vlibrasil/1277_Morango/20210618031849_60cce38950a1a.mp4,20210618031849_60cce38950a1a.npy,vlisbrasil,1277,Morango
../dataset/raw_data/vlibrasil/1278_Não_é_problema_meu/20210128062619_60132bfbac427.mp4,20210128062619_60132bfbac427.npy,vlisbrasil,1278,Não é problema meu
../dataset/raw_data/vlibrasil/1278_Não_é_problema_meu/20210505031058_6092dfb284538.mp4,20210505031058_6092dfb284538.npy,vlisbrasil,1278,Não é problema meu
../dataset/raw_data/vlibrasil/1278_Não_é_problema_meu/20210618032313_60cce4916e5c2.mp4,20210618032313_60cce4916e5c2.npy,vlisbrasil,1278,Não é problema meu
../dataset/raw_data/vlibrasil/1279_Nariz_escorrendo/20210128062638_60132c0e0fc78.mp4,20210128062638_60132c0e0fc78.npy,vlisbrasil,1279,Nariz escorrendo
../dataset/raw_data/vlibrasil/1279_Nariz_escorrendo/20210505032341_6092e2ad74f7d.mp4,20210505032341_6092e2ad74f7d.npy,vlisbrasil,1279,Nariz escorrendo
../dataset/raw_data/vlibrasil/1279_Nariz_escorrendo/20210618032335_60cce4a73a52b.mp4,20210618032335_60cce4a73a52b.npy,vlisbrasil,1279,Nariz escorrendo
../dataset/raw_data/vlibrasil/1280_Obeso/20210128062723_60132c3bf26a3.mp4,20210128062723_60132c3bf26a3.npy,vlisbrasil,1280,Obeso
../dataset/raw_data/vlibrasil/1280_Obeso/20210505032354_6092e2ba0f6bd.mp4,20210505032354_6092e2ba0f6bd.npy,vlisbrasil,1280,Obeso
../dataset/raw_data/vlibrasil/1280_Obeso/20210619023456_60ce2ac08733a.mp4,20210619023456_60ce2ac08733a.npy,vlisbrasil,1280,Obeso
../dataset/raw_data/vlibrasil/1281_Oeste/20210128062805_60132c6550012.mp4,20210128062805_60132c6550012.npy,vlisbrasil,1281,Oeste
../dataset/raw_data/vlibrasil/1281_Oeste/20210505103831_60929fd743899.mp4,20210505103831_60929fd743899.npy,vlisbrasil,1281,Oeste
../dataset/raw_data/vlibrasil/1281_Oeste/20210619023608_60ce2b084f359.mp4,20210619023608_60ce2b084f359.npy,vlisbrasil,1281,Oeste
../dataset/raw_data/vlibrasil/1282_Oficina/20210128062825_60132c7925b48.mp4,20210128062825_60132c7925b48.npy,vlisbrasil,1282,Oficina
../dataset/raw_data/vlibrasil/1282_Oficina/20210505032356_6092e2bcf2bff.mp4,20210505032356_6092e2bcf2bff.npy,vlisbrasil,1282,Oficina
../dataset/raw_data/vlibrasil/1282_Oficina/20210619023624_60ce2b1864281.mp4,20210619023624_60ce2b1864281.npy,vlisbrasil,1282,Oficina
../dataset/raw_data/vlibrasil/1283_Onde/20210128062845_60132c8d3fe33.mp4,20210128062845_60132c8d3fe33.npy,vlisbrasil,1283,Onde
../dataset/raw_data/vlibrasil/1283_Onde/20210505032358_6092e2beb9d5e.mp4,20210505032358_6092e2beb9d5e.npy,vlisbrasil,1283,Onde
../dataset/raw_data/vlibrasil/1283_Onde/20210619023719_60ce2b4fb81b7.mp4,20210619023719_60ce2b4fb81b7.npy,vlisbrasil,1283,Onde
../dataset/raw_data/vlibrasil/1284_Parede/20210128062932_60132cbc5b798.mp4,20210128062932_60132cbc5b798.npy,vlisbrasil,1284,Parede
../dataset/raw_data/vlibrasil/1284_Parede/20210505032424_6092e2d85fc60.mp4,20210505032424_6092e2d85fc60.npy,vlisbrasil,1284,Parede
../dataset/raw_data/vlibrasil/1284_Parede/20210619024312_60ce2cb070ced.mp4,20210619024312_60ce2cb070ced.npy,vlisbrasil,1284,Parede
../dataset/raw_data/vlibrasil/1286_Passar/20210128063012_60132ce4e0ae4.mp4,20210128063012_60132ce4e0ae4.npy,vlisbrasil,1286,Passar
../dataset/raw_data/vlibrasil/1286_Passar/20210619024350_60ce2cd695d36.mp4,20210619024350_60ce2cd695d36.npy,vlisbrasil,1286,Passar
../dataset/raw_data/vlibrasil/1286_Passar/20210908085436_61394d3ca5b76.mp4,20210908085436_61394d3ca5b76.npy,vlisbrasil,1286,Passar
../dataset/raw_data/vlibrasil/1287_Qual/20210128063221_60132d656aeae.mp4,20210128063221_60132d656aeae.npy,vlisbrasil,1287,Qual
../dataset/raw_data/vlibrasil/1287_Qual/20210505032440_6092e2e849085.mp4,20210505032440_6092e2e849085.npy,vlisbrasil,1287,Qual
../dataset/raw_data/vlibrasil/1287_Qual/20210605035149_60bbc7c56852e.mp4,20210605035149_60bbc7c56852e.npy,vlisbrasil,1287,Qual
../dataset/raw_data/vlibrasil/1288_Quando/20210128063238_60132d76d4808.mp4,20210128063238_60132d76d4808.npy,vlisbrasil,1288,Quando
../dataset/raw_data/vlibrasil/1288_Quando/20210505032443_6092e2eb7ed3a.mp4,20210505032443_6092e2eb7ed3a.npy,vlisbrasil,1288,Quando
../dataset/raw_data/vlibrasil/1288_Quando/20210605035210_60bbc7daba52d.mp4,20210605035210_60bbc7daba52d.npy,vlisbrasil,1288,Quando
../dataset/raw_data/vlibrasil/1289_Quartafeira/20210128063257_60132d892b54e.mp4,20210128063257_60132d892b54e.npy,vlisbrasil,1289,Quarta-feira
../dataset/raw_data/vlibrasil/1289_Quartafeira/20210505110130_6092a53a58c92.mp4,20210505110130_6092a53a58c92.npy,vlisbrasil,1289,Quarta-feira
../dataset/raw_data/vlibrasil/1289_Quartafeira/20210605035210_60bbc7da20f56.mp4,20210605035210_60bbc7da20f56.npy,vlisbrasil,1289,Quarta-feira
../dataset/raw_data/vlibrasil/1290_Quem/20210128063312_60132d986c50d.mp4,20210128063312_60132d986c50d.npy,vlisbrasil,1290,Quem
../dataset/raw_data/vlibrasil/1290_Quem/20210505110133_6092a53d5c1ac.mp4,20210505110133_6092a53d5c1ac.npy,vlisbrasil,1290,Quem
../dataset/raw_data/vlibrasil/1290_Quem/20210605035341_60bbc835ec59a.mp4,20210605035341_60bbc835ec59a.npy,vlisbrasil,1290,Quem
../dataset/raw_data/vlibrasil/1291_Reciclar/20210128063336_60132db0ea8a3.mp4,20210128063336_60132db0ea8a3.npy,vlisbrasil,1291,Reciclar
../dataset/raw_data/vlibrasil/1291_Reciclar/20210505035307_6092e993a0257.mp4,20210505035307_6092e993a0257.npy,vlisbrasil,1291,Reciclar
../dataset/raw_data/vlibrasil/1291_Reciclar/20210609095525_60c162fdad375.mp4,20210609095525_60c162fdad375.npy,vlisbrasil,1291,Reciclar
../dataset/raw_data/vlibrasil/1292_Recuperar/20210128063356_60132dc4478f0.mp4,20210128063356_60132dc4478f0.npy,vlisbrasil,1292,Recuperar
../dataset/raw_data/vlibrasil/1292_Recuperar/20210505035309_6092e9955af4f.mp4,20210505035309_6092e9955af4f.npy,vlisbrasil,1292,Recuperar
../dataset/raw_data/vlibrasil/1292_Recuperar/20210609095548_60c163147e2ac.mp4,20210609095548_60c163147e2ac.npy,vlisbrasil,1292,Recuperar
../dataset/raw_data/vlibrasil/1293_Retardado_Mental/20210128063600_60132e407e2a7.mp4,20210128063600_60132e407e2a7.npy,vlisbrasil,1293,Retardado Mental
../dataset/raw_data/vlibrasil/1293_Retardado_Mental/20210505110145_6092a549d5f7e.mp4,20210505110145_6092a549d5f7e.npy,vlisbrasil,1293,Retardado Mental
../dataset/raw_data/vlibrasil/1293_Retardado_Mental/20210621043127_60d0e90f6a1a8.mp4,20210621043127_60d0e90f6a1a8.npy,vlisbrasil,1293,Retardado Mental
../dataset/raw_data/vlibrasil/1294_Retorno/20210128063617_60132e519e23d.mp4,20210128063617_60132e519e23d.npy,vlisbrasil,1294,Retorno
../dataset/raw_data/vlibrasil/1294_Retorno/20210505110149_6092a54d48b5d.mp4,20210505110149_6092a54d48b5d.npy,vlisbrasil,1294,Retorno
../dataset/raw_data/vlibrasil/1294_Retorno/20210609100129_60c1646975816.mp4,20210609100129_60c1646975816.npy,vlisbrasil,1294,Retorno
../dataset/raw_data/vlibrasil/1295_Rigoroso/20210128063638_60132e66272f5.mp4,20210128063638_60132e66272f5.npy,vlisbrasil,1295,Rigoroso
../dataset/raw_data/vlibrasil/1295_Rigoroso/20210505035311_6092e997609fc.mp4,20210505035311_6092e997609fc.npy,vlisbrasil,1295,Rigoroso
../dataset/raw_data/vlibrasil/1295_Rigoroso/20210610040014_60c2613e98a4c.mp4,20210610040014_60c2613e98a4c.npy,vlisbrasil,1295,Rigoroso
../dataset/raw_data/vlibrasil/1296_Roda/20210128063658_60132e7ac72c8.mp4,20210128063658_60132e7ac72c8.npy,vlisbrasil,1296,Roda
../dataset/raw_data/vlibrasil/1296_Roda/20210505110153_6092a5515a125.mp4,20210505110153_6092a5515a125.npy,vlisbrasil,1296,Roda
../dataset/raw_data/vlibrasil/1296_Roda/20210610040034_60c2615265b11.mp4,20210610040034_60c2615265b11.npy,vlisbrasil,1296,Roda
../dataset/raw_data/vlibrasil/1297_Ruim/20210128063712_60132e88e957a.mp4,20210128063712_60132e88e957a.npy,vlisbrasil,1297,Ruim
../dataset/raw_data/vlibrasil/1297_Ruim/20210505035314_6092e99a8cfff.mp4,20210505035314_6092e99a8cfff.npy,vlisbrasil,1297,Ruim
../dataset/raw_data/vlibrasil/1297_Ruim/20210610040350_60c26216cf7fd.mp4,20210610040350_60c26216cf7fd.npy,vlisbrasil,1297,Ruim
../dataset/raw_data/vlibrasil/1298_Seguir/20210128063733_60132e9de6fed.mp4,20210128063733_60132e9de6fed.npy,vlisbrasil,1298,Seguir
../dataset/raw_data/vlibrasil/1298_Seguir/20210505113115_6092ac334e711.mp4,20210505113115_6092ac334e711.npy,vlisbrasil,1298,Seguir
../dataset/raw_data/vlibrasil/1298_Seguir/20210610042620_60c2675c021dd.mp4,20210610042620_60c2675c021dd.npy,vlisbrasil,1298,Seguir
../dataset/raw_data/vlibrasil/1299_Sentença/20210128063803_60132ebb7d880.mp4,20210128063803_60132ebb7d880.npy,vlisbrasil,1299,Sentença
../dataset/raw_data/vlibrasil/1299_Sentença/20210505035328_6092e9a8a8b6b.mp4,20210505035328_6092e9a8a8b6b.npy,vlisbrasil,1299,Sentença
../dataset/raw_data/vlibrasil/1299_Sentença/20210610043011_60c26843478de.mp4,20210610043011_60c26843478de.npy,vlisbrasil,1299,Sentença
../dataset/raw_data/vlibrasil/1300_Separado/20210128063824_60132ed0d38af.mp4,20210128063824_60132ed0d38af.npy,vlisbrasil,1300,Separado
../dataset/raw_data/vlibrasil/1300_Separado/20210505113120_6092ac3865d4b.mp4,20210505113120_6092ac3865d4b.npy,vlisbrasil,1300,Separado
../dataset/raw_data/vlibrasil/1300_Separado/20210610043040_60c26860941ad.mp4,20210610043040_60c26860941ad.npy,vlisbrasil,1300,Separado
../dataset/raw_data/vlibrasil/1301_Sim/20210128063843_60132ee38c65a.mp4,20210128063843_60132ee38c65a.npy,vlisbrasil,1301,Sim
../dataset/raw_data/vlibrasil/1301_Sim/20210505035330_6092e9aa0af7e.mp4,20210505035330_6092e9aa0af7e.npy,vlisbrasil,1301,Sim
../dataset/raw_data/vlibrasil/1301_Sim/20210610043924_60c26a6cd17c7.mp4,20210610043924_60c26a6cd17c7.npy,vlisbrasil,1301,Sim
../dataset/raw_data/vlibrasil/1302_Sobre/20210128063901_60132ef57bbca.mp4,20210128063901_60132ef57bbca.npy,vlisbrasil,1302,Sobre
../dataset/raw_data/vlibrasil/1302_Sobre/20210505041151_6092edf75d3f4.mp4,20210505041151_6092edf75d3f4.npy,vlisbrasil,1302,Sobre
../dataset/raw_data/vlibrasil/1302_Sobre/20210610044348_60c26b74b46a4.mp4,20210610044348_60c26b74b46a4.npy,vlisbrasil,1302,Sobre
../dataset/raw_data/vlibrasil/1303_Sussurro/20210128064128_60132f882ec42.mp4,20210128064128_60132f882ec42.npy,vlisbrasil,1303,Sussurro
../dataset/raw_data/vlibrasil/1303_Sussurro/20210505113125_6092ac3d3abae.mp4,20210505113125_6092ac3d3abae.npy,vlisbrasil,1303,Sussurro
../dataset/raw_data/vlibrasil/1303_Sussurro/20210621043936_60d0eaf8a3bae.mp4,20210621043936_60d0eaf8a3bae.npy,vlisbrasil,1303,Sussurro
../dataset/raw_data/vlibrasil/1304_Temperatura/20210128064149_60132f9d1a86b.mp4,20210128064149_60132f9d1a86b.npy,vlisbrasil,1304,Temperatura
../dataset/raw_data/vlibrasil/1304_Temperatura/20210505041208_6092ee08693d7.mp4,20210505041208_6092ee08693d7.npy,vlisbrasil,1304,Temperatura
../dataset/raw_data/vlibrasil/1304_Temperatura/20210621044111_60d0eb570bba8.mp4,20210621044111_60d0eb570bba8.npy,vlisbrasil,1304,Temperatura
../dataset/raw_data/vlibrasil/1305_Tempo/20210128064206_60132faebbeb3.mp4,20210128064206_60132faebbeb3.npy,vlisbrasil,1305,Tempo
../dataset/raw_data/vlibrasil/1305_Tempo/20210505041211_6092ee0b12ce9.mp4,20210505041211_6092ee0b12ce9.npy,vlisbrasil,1305,Tempo
../dataset/raw_data/vlibrasil/1305_Tempo/20210621044129_60d0eb6940486.mp4,20210621044129_60d0eb6940486.npy,vlisbrasil,1305,Tempo
../dataset/raw_data/vlibrasil/1306_Toda_quartafeira/20210128064234_60132fca2ad10.mp4,20210128064234_60132fca2ad10.npy,vlisbrasil,1306,Toda quarta-feira
../dataset/raw_data/vlibrasil/1306_Toda_quartafeira/20210505113117_6092ac35f3cbe.mp4,20210505113117_6092ac35f3cbe.npy,vlisbrasil,1306,Toda quarta-feira
../dataset/raw_data/vlibrasil/1306_Toda_quartafeira/20210621051127_60d0f26fc0747.mp4,20210621051127_60d0f26fc0747.npy,vlisbrasil,1306,Toda quarta-feira
../dataset/raw_data/vlibrasil/1307_Toda_semana/20210128064300_60132fe4a3ed4.mp4,20210128064300_60132fe4a3ed4.npy,vlisbrasil,1307,Toda semana
../dataset/raw_data/vlibrasil/1307_Toda_semana/20210621053733_60d0f88dc8bc6.mp4,20210621053733_60d0f88dc8bc6.npy,vlisbrasil,1307,Toda semana
../dataset/raw_data/vlibrasil/1307_Toda_semana/20210908085540_61394d7cc2a91.mp4,20210908085540_61394d7cc2a91.npy,vlisbrasil,1307,Toda semana
../dataset/raw_data/vlibrasil/1308_Última_semana/20210128064327_60132fffaf271.mp4,20210128064327_60132fffaf271.npy,vlisbrasil,1308,Última semana
../dataset/raw_data/vlibrasil/1308_Última_semana/20210505113129_6092ac419742e.mp4,20210505113129_6092ac419742e.npy,vlisbrasil,1308,Última semana
../dataset/raw_data/vlibrasil/1308_Última_semana/20210621051911_60d0f43f280f3.mp4,20210621051911_60d0f43f280f3.npy,vlisbrasil,1308,Última semana
../dataset/raw_data/vlibrasil/1309_Uma_semana/20210128064344_6013301035933.mp4,20210128064344_6013301035933.npy,vlisbrasil,1309,Uma semana
../dataset/raw_data/vlibrasil/1309_Uma_semana/20210505113123_6092ac3b2ad9e.mp4,20210505113123_6092ac3b2ad9e.npy,vlisbrasil,1309,Uma semana
../dataset/raw_data/vlibrasil/1309_Uma_semana/20210621051628_60d0f39c30795.mp4,20210621051628_60d0f39c30795.npy,vlisbrasil,1309,Uma semana
../dataset/raw_data/vlibrasil/1310_Universidade/20210128064419_601330332e5d6.mp4,20210128064419_601330332e5d6.npy,vlisbrasil,1310,Universidade
../dataset/raw_data/vlibrasil/1310_Universidade/20210505113705_6092ad91f2836.mp4,20210505113705_6092ad91f2836.npy,vlisbrasil,1310,Universidade
../dataset/raw_data/vlibrasil/1310_Universidade/20210628092035_60d9be9318e87.mp4,20210628092035_60d9be9318e87.npy,vlisbrasil,1310,Universidade
../dataset/raw_data/vlibrasil/1311_Vento/20210128064435_6013304354776.mp4,20210128064435_6013304354776.npy,vlisbrasil,1311,Vento
../dataset/raw_data/vlibrasil/1311_Vento/20210505113723_6092ada3d801a.mp4,20210505113723_6092ada3d801a.npy,vlisbrasil,1311,Vento
../dataset/raw_data/vlibrasil/1311_Vento/20210621052827_60d0f66b2fd6e.mp4,20210621052827_60d0f66b2fd6e.npy,vlisbrasil,1311,Vento
../dataset/raw_data/vlibrasil/1312_Verme/20210128064451_60133053e9701.mp4,20210128064451_60133053e9701.npy,vlisbrasil,1312,Verme
../dataset/raw_data/vlibrasil/1312_Verme/20210505041240_6092ee28e505b.mp4,20210505041240_6092ee28e505b.npy,vlisbrasil,1312,Verme
../dataset/raw_data/vlibrasil/1312_Verme/20210621052918_60d0f69e0555b.mp4,20210621052918_60d0f69e0555b.npy,vlisbrasil,1312,Verme
../dataset/raw_data/vlibrasil/1313_Vinho/20210128064511_6013306707dca.mp4,20210128064511_6013306707dca.npy,vlisbrasil,1313,Vinho
../dataset/raw_data/vlibrasil/1313_Vinho/20210505041243_6092ee2b5b8e6.mp4,20210505041243_6092ee2b5b8e6.npy,vlisbrasil,1313,Vinho
../dataset/raw_data/vlibrasil/1313_Vinho/20210621053004_60d0f6cc93356.mp4,20210621053004_60d0f6cc93356.npy,vlisbrasil,1313,Vinho
../dataset/raw_data/vlibrasil/1314_Xingar/20210128064530_6013307acf329.mp4,20210128064530_6013307acf329.npy,vlisbrasil,1314,Xingar
../dataset/raw_data/vlibrasil/1314_Xingar/20210505041849_6092ef99ad07e.mp4,20210505041849_6092ef99ad07e.npy,vlisbrasil,1314,Xingar
../dataset/raw_data/vlibrasil/1314_Xingar/20210621053511_60d0f7ff0c16c.mp4,20210621053511_60d0f7ff0c16c.npy,vlisbrasil,1314,Xingar
../dataset/raw_data/vlibrasil/1315_Adiar/20210128115528_601379208ddb8.mp4,20210128115528_601379208ddb8.npy,vlisbrasil,1315,Adiar
../dataset/raw_data/vlibrasil/1315_Adiar/20210331112400_606486006d18e.mp4,20210331112400_606486006d18e.npy,vlisbrasil,1315,Adiar
../dataset/raw_data/vlibrasil/1315_Adiar/20210929043526_6154bffedfc4f.mp4,20210929043526_6154bffedfc4f.npy,vlisbrasil,1315,Adiar
../dataset/raw_data/vlibrasil/1317_Compaixão/20210129120327_60137aff09a79.mp4,20210129120327_60137aff09a79.npy,vlisbrasil,1317,Compaixão
../dataset/raw_data/vlibrasil/1317_Compaixão/20210613125149_60c6299540201.mp4,20210613125149_60c6299540201.npy,vlisbrasil,1317,Compaixão
../dataset/raw_data/vlibrasil/1317_Compaixão/20210623034050_60d3803268b31.mp4,20210623034050_60d3803268b31.npy,vlisbrasil,1317,Compaixão
../dataset/raw_data/vlibrasil/1318_Ficha_de_registro/20210129120511_60137b67f30dd.mp4,20210129120511_60137b67f30dd.npy,vlisbrasil,1318,Ficha de registro
../dataset/raw_data/vlibrasil/1318_Ficha_de_registro/20210621054318_60d0f9e6c1176.mp4,20210621054318_60d0f9e6c1176.npy,vlisbrasil,1318,Ficha de registro
../dataset/raw_data/vlibrasil/1318_Ficha_de_registro/20210623042116_60d389ac0d4c9.mp4,20210623042116_60d389ac0d4c9.npy,vlisbrasil,1318,Ficha de registro
../dataset/raw_data/vlibrasil/1319_Impulso_Desejo/20210129120721_60137be9b8bfc.mp4,20210129120721_60137be9b8bfc.npy,vlisbrasil,1319,Impulso (Desejo)
../dataset/raw_data/vlibrasil/1319_Impulso_Desejo/20210617045427_60cba8735bc7d.mp4,20210617045427_60cba8735bc7d.npy,vlisbrasil,1319,Impulso (Desejo)
../dataset/raw_data/vlibrasil/1319_Impulso_Desejo/20210623043404_60d38cac869eb.mp4,20210623043404_60d38cac869eb.npy,vlisbrasil,1319,Impulso (Desejo)
../dataset/raw_data/vlibrasil/1320_Jarro/20210129120908_60137c5403350.mp4,20210129120908_60137c5403350.npy,vlisbrasil,1320,Jarro
../dataset/raw_data/vlibrasil/1320_Jarro/20210617090609_60cb3ab1c5b8c.mp4,20210617090609_60cb3ab1c5b8c.npy,vlisbrasil,1320,Jarro
../dataset/raw_data/vlibrasil/1320_Jarro/20210623043647_60d38d4f83384.mp4,20210623043647_60d38d4f83384.npy,vlisbrasil,1320,Jarro
../dataset/raw_data/vlibrasil/1321_Manga_curta_de_camisa/20210129121212_60137d0cbfa2a.mp4,20210129121212_60137d0cbfa2a.npy,vlisbrasil,1321,Manga curta (de camisa)
../dataset/raw_data/vlibrasil/1321_Manga_curta_de_camisa/20210215111218_602a8142e38ae.mp4,20210215111218_602a8142e38ae.npy,vlisbrasil,1321,Manga curta (de camisa)
../dataset/raw_data/vlibrasil/1321_Manga_curta_de_camisa/20210619023224_60ce2a28d252d.mp4,20210619023224_60ce2a28d252d.npy,vlisbrasil,1321,Manga curta (de camisa)
../dataset/raw_data/vlibrasil/1322_Motivo/20210129121231_60137d1fd2f8d.mp4,20210129121231_60137d1fd2f8d.npy,vlisbrasil,1322,Motivo
../dataset/raw_data/vlibrasil/1322_Motivo/20210618031907_60cce39bdb3af.mp4,20210618031907_60cce39bdb3af.npy,vlisbrasil,1322,Motivo
../dataset/raw_data/vlibrasil/1322_Motivo/20210623095143_60d3d71fd1b33.mp4,20210623095143_60d3d71fd1b33.npy,vlisbrasil,1322,Motivo
../dataset/raw_data/vlibrasil/1323_Passeio/20210129121452_60137daceb581.mp4,20210129121452_60137daceb581.npy,vlisbrasil,1323,Passeio
../dataset/raw_data/vlibrasil/1323_Passeio/20210210111127_6023e98f95664.mp4,20210210111127_6023e98f95664.npy,vlisbrasil,1323,Passeio
../dataset/raw_data/vlibrasil/1323_Passeio/20210619024408_60ce2ce80c33b.mp4,20210619024408_60ce2ce80c33b.npy,vlisbrasil,1323,Passeio
../dataset/raw_data/vlibrasil/1324_Perspectiva/20210129121555_60137debadaf4.mp4,20210129121555_60137debadaf4.npy,vlisbrasil,1324,Perspectiva
../dataset/raw_data/vlibrasil/1324_Perspectiva/20210619025021_60ce2e5d74430.mp4,20210619025021_60ce2e5d74430.npy,vlisbrasil,1324,Perspectiva
../dataset/raw_data/vlibrasil/1324_Perspectiva/20210623095531_60d3d80304450.mp4,20210623095531_60d3d80304450.npy,vlisbrasil,1324,Perspectiva
../dataset/raw_data/vlibrasil/1325_Programa/20210129122007_60137ee7406e7.mp4,20210129122007_60137ee7406e7.npy,vlisbrasil,1325,Programa
../dataset/raw_data/vlibrasil/1325_Programa/20210605033957_60bbc4fd30bc5.mp4,20210605033957_60bbc4fd30bc5.npy,vlisbrasil,1325,Programa
../dataset/raw_data/vlibrasil/1325_Programa/20210623095851_60d3d8cb7fff5.mp4,20210623095851_60d3d8cb7fff5.npy,vlisbrasil,1325,Programa
../dataset/raw_data/vlibrasil/1326_Rezar/20210129122331_60137fb336ea3.mp4,20210129122331_60137fb336ea3.npy,vlisbrasil,1326,Rezar
../dataset/raw_data/vlibrasil/1326_Rezar/20210610035927_60c2610fc109a.mp4,20210610035927_60c2610fc109a.npy,vlisbrasil,1326,Rezar
../dataset/raw_data/vlibrasil/1326_Rezar/20210623100120_60d3d960a4317.mp4,20210623100120_60d3d960a4317.npy,vlisbrasil,1326,Rezar
../dataset/raw_data/vlibrasil/1327_Sementes_de_plantas/20210129122544_6013803857aa9.mp4,20210129122544_6013803857aa9.npy,vlisbrasil,1327,Sementes de plantas
../dataset/raw_data/vlibrasil/1327_Sementes_de_plantas/20210610042901_60c267fda689d.mp4,20210610042901_60c267fda689d.npy,vlisbrasil,1327,Sementes de plantas
../dataset/raw_data/vlibrasil/1327_Sementes_de_plantas/20210623100307_60d3d9cb533ea.mp4,20210623100307_60d3d9cb533ea.npy,vlisbrasil,1327,Sementes de plantas
../dataset/raw_data/vlibrasil/1328_Solicitar/20210129122647_6013807762c58.mp4,20210129122647_6013807762c58.npy,vlisbrasil,1328,Solicitar
../dataset/raw_data/vlibrasil/1328_Solicitar/20210623100353_60d3d9f93ad75.mp4,20210623100353_60d3d9f93ad75.npy,vlisbrasil,1328,Solicitar
../dataset/raw_data/vlibrasil/1329_Tubo/20210129122755_601380bb544e3.mp4,20210129122755_601380bb544e3.npy,vlisbrasil,1329,Tubo
../dataset/raw_data/vlibrasil/1329_Tubo/20210621053846_60d0f8d686d78.mp4,20210621053846_60d0f8d686d78.npy,vlisbrasil,1329,Tubo
../dataset/raw_data/vlibrasil/1329_Tubo/20210623100715_60d3dac30d92b.mp4,20210623100715_60d3dac30d92b.npy,vlisbrasil,1329,Tubo
../dataset/raw_data/vlibrasil/1330_Vingança/20210129122837_601380e5d7d7e.mp4,20210129122837_601380e5d7d7e.npy,vlisbrasil,1330,Vingança
../dataset/raw_data/vlibrasil/1330_Vingança/20210621053947_60d0f913d99f0.mp4,20210621053947_60d0f913d99f0.npy,vlisbrasil,1330,Vingança
../dataset/raw_data/vlibrasil/1330_Vingança/20210623100837_60d3db15620b0.mp4,20210623100837_60d3db15620b0.npy,vlisbrasil,1330,Vingança
../dataset/raw_data/vlibrasil/1333_Aluno_do_Segundo_Ano_do_Ensino_Médio/20210209064808_6023031887e8d.mp4,20210209064808_6023031887e8d.npy,vlisbrasil,1333,Aluno do Segundo Ano do Ensino Médio
../dataset/raw_data/vlibrasil/1333_Aluno_do_Segundo_Ano_do_Ensino_Médio/20210210111150_6023e9a63ad38.mp4,20210210111150_6023e9a63ad38.npy,vlisbrasil,1333,Aluno do Segundo Ano do Ensino Médio
../dataset/raw_data/vlibrasil/1333_Aluno_do_Segundo_Ano_do_Ensino_Médio/20210621060600_60d0ff38dfe37.mp4,20210621060600_60d0ff38dfe37.npy,vlisbrasil,1333,Aluno do Segundo Ano do Ensino Médio
../dataset/raw_data/vlibrasil/1334_Barbear/20210202064509_60191f25f0120.mp4,20210202064509_60191f25f0120.npy,vlisbrasil,1334,Barbear
../dataset/raw_data/vlibrasil/1334_Barbear/20210210111154_6023e9aaf34aa.mp4,20210210111154_6023e9aaf34aa.npy,vlisbrasil,1334,Barbear
../dataset/raw_data/vlibrasil/1334_Barbear/20210611045455_60c3bf8f52ad7.mp4,20210611045455_60c3bf8f52ad7.npy,vlisbrasil,1334,Barbear
../dataset/raw_data/vlibrasil/1335_Bermuda/20210202064535_60191f3fea9b6.mp4,20210202064535_60191f3fea9b6.npy,vlisbrasil,1335,Bermuda
../dataset/raw_data/vlibrasil/1335_Bermuda/20210611045704_60c3c01082a64.mp4,20210611045704_60c3c01082a64.npy,vlisbrasil,1335,Bermuda
../dataset/raw_data/vlibrasil/1335_Bermuda/20210623032741_60d37d1de1ffd.mp4,20210623032741_60d37d1de1ffd.npy,vlisbrasil,1335,Bermuda
../dataset/raw_data/vlibrasil/1336_Bobo/20210202064552_60191f50b2fa7.mp4,20210202064552_60191f50b2fa7.npy,vlisbrasil,1336,Bobo
../dataset/raw_data/vlibrasil/1336_Bobo/20210210111139_6023e99b118eb.mp4,20210210111139_6023e99b118eb.npy,vlisbrasil,1336,Bobo
../dataset/raw_data/vlibrasil/1336_Bobo/20210611050144_60c3c128a8914.mp4,20210611050144_60c3c128a8914.npy,vlisbrasil,1336,Bobo
../dataset/raw_data/vlibrasil/1337_Bota/20210202064637_60191f7d6db05.mp4,20210202064637_60191f7d6db05.npy,vlisbrasil,1337,Bota
../dataset/raw_data/vlibrasil/1337_Bota/20210613113423_60c6176fca16e.mp4,20210613113423_60c6176fca16e.npy,vlisbrasil,1337,Bota
../dataset/raw_data/vlibrasil/1337_Bota/20210623032857_60d37d6981577.mp4,20210623032857_60d37d6981577.npy,vlisbrasil,1337,Bota
../dataset/raw_data/vlibrasil/1338_Cálice/20210202064956_60192044441ec.mp4,20210202064956_60192044441ec.npy,vlisbrasil,1338,Cálice
../dataset/raw_data/vlibrasil/1338_Cálice/20210613112020_60c61424db144.mp4,20210613112020_60c61424db144.npy,vlisbrasil,1338,Cálice
../dataset/raw_data/vlibrasil/1338_Cálice/20210623033024_60d37dc0e591e.mp4,20210623033024_60d37dc0e591e.npy,vlisbrasil,1338,Cálice
../dataset/raw_data/vlibrasil/1339_Chuveiro/20210202065137_601920a9346ff.mp4,20210202065137_601920a9346ff.npy,vlisbrasil,1339,Chuveiro
../dataset/raw_data/vlibrasil/1339_Chuveiro/20210211015218_602560c2e1731.mp4,20210211015218_602560c2e1731.npy,vlisbrasil,1339,Chuveiro
../dataset/raw_data/vlibrasil/1339_Chuveiro/20210613114311_60c6197fa5d34.mp4,20210613114311_60c6197fa5d34.npy,vlisbrasil,1339,Chuveiro
../dataset/raw_data/vlibrasil/1340_De_vez_em_quando/20210202065331_6019211b9bb39.mp4,20210202065331_6019211b9bb39.npy,vlisbrasil,1340,De vez em quando
../dataset/raw_data/vlibrasil/1340_De_vez_em_quando/20210613010046_60c62bae57f96.mp4,20210613010046_60c62bae57f96.npy,vlisbrasil,1340,De vez em quando
../dataset/raw_data/vlibrasil/1340_De_vez_em_quando/20210623034613_60d38175165e8.mp4,20210623034613_60d38175165e8.npy,vlisbrasil,1340,De vez em quando
../dataset/raw_data/vlibrasil/1341_Ereto/20210202065722_60192202f1c04.mp4,20210202065722_60192202f1c04.npy,vlisbrasil,1341,Ereto
../dataset/raw_data/vlibrasil/1341_Ereto/20210616020041_60ca2e398a6aa.mp4,20210616020041_60ca2e398a6aa.npy,vlisbrasil,1341,Ereto
../dataset/raw_data/vlibrasil/1341_Ereto/20210623041357_60d387f55b3c8.mp4,20210623041357_60d387f55b3c8.npy,vlisbrasil,1341,Ereto
../dataset/raw_data/vlibrasil/1342_Escorregadio/20210202065747_6019221b85f52.mp4,20210202065747_6019221b85f52.npy,vlisbrasil,1342,Escorregadio
../dataset/raw_data/vlibrasil/1342_Escorregadio/20210616020047_60ca2e3fd225e.mp4,20210616020047_60ca2e3fd225e.npy,vlisbrasil,1342,Escorregadio
../dataset/raw_data/vlibrasil/1342_Escorregadio/20210623041431_60d388174a194.mp4,20210623041431_60d388174a194.npy,vlisbrasil,1342,Escorregadio
../dataset/raw_data/vlibrasil/1343_Gangorra/20210202070014_601922aeec4ee.mp4,20210202070014_601922aeec4ee.npy,vlisbrasil,1343,Gangorra
../dataset/raw_data/vlibrasil/1343_Gangorra/20210616030420_60ca3d244b9d3.mp4,20210616030420_60ca3d244b9d3.npy,vlisbrasil,1343,Gangorra
../dataset/raw_data/vlibrasil/1343_Gangorra/20210623042336_60d38a383467a.mp4,20210623042336_60d38a383467a.npy,vlisbrasil,1343,Gangorra
../dataset/raw_data/vlibrasil/1344_Molhado/20210202070347_6019238325c2f.mp4,20210202070347_6019238325c2f.npy,vlisbrasil,1344,Molhado
../dataset/raw_data/vlibrasil/1344_Molhado/20210618031810_60cce36240d9e.mp4,20210618031810_60cce36240d9e.npy,vlisbrasil,1344,Molhado
../dataset/raw_data/vlibrasil/1344_Molhado/20210623051516_60d39654226ad.mp4,20210623051516_60d39654226ad.npy,vlisbrasil,1344,Molhado
../dataset/raw_data/vlibrasil/1345_Patins/20210202070624_601924201169c.mp4,20210202070624_601924201169c.npy,vlisbrasil,1345,Patins
../dataset/raw_data/vlibrasil/1345_Patins/20210619024448_60ce2d10b42da.mp4,20210619024448_60ce2d10b42da.npy,vlisbrasil,1345,Patins
../dataset/raw_data/vlibrasil/1345_Patins/20210623095421_60d3d7bd00c7c.mp4,20210623095421_60d3d7bd00c7c.npy,vlisbrasil,1345,Patins
../dataset/raw_data/vlibrasil/1346_Prata/20210202070822_601924966487b.mp4,20210202070822_601924966487b.npy,vlisbrasil,1346,Prata
../dataset/raw_data/vlibrasil/1346_Prata/20210210111125_6023e98d903d7.mp4,20210210111125_6023e98d903d7.npy,vlisbrasil,1346,Prata
../dataset/raw_data/vlibrasil/1346_Prata/20210605032916_60bbc27c55463.mp4,20210605032916_60bbc27c55463.npy,vlisbrasil,1346,Prata
../dataset/raw_data/vlibrasil/1347_Predizer/20210202070852_601924b476dbb.mp4,20210202070852_601924b476dbb.npy,vlisbrasil,1347,Predizer
../dataset/raw_data/vlibrasil/1347_Predizer/20210621054512_60d0fa5828306.mp4,20210621054512_60d0fa5828306.npy,vlisbrasil,1347,Predizer
../dataset/raw_data/vlibrasil/1347_Predizer/20210623095802_60d3d89a3566f.mp4,20210623095802_60d3d89a3566f.npy,vlisbrasil,1347,Predizer
../dataset/raw_data/vlibrasil/1348_Xampu/20210202071647_6019268fb9cfb.mp4,20210202071647_6019268fb9cfb.npy,vlisbrasil,1348,Xampu
../dataset/raw_data/vlibrasil/1348_Xampu/20210210111114_6023e9821d99a.mp4,20210210111114_6023e9821d99a.npy,vlisbrasil,1348,Xampu
../dataset/raw_data/vlibrasil/1348_Xampu/20210621054053_60d0f955928dd.mp4,20210621054053_60d0f955928dd.npy,vlisbrasil,1348,Xampu
../dataset/raw_data/vlibrasil/1349_Ajoelhar/20210203121049_601abcf9a6c58.mp4,20210203121049_601abcf9a6c58.npy,vlisbrasil,1349,Ajoelhar
../dataset/raw_data/vlibrasil/1349_Ajoelhar/20210407082405_606d9655547a7.mp4,20210407082405_606d9655547a7.npy,vlisbrasil,1349,Ajoelhar
../dataset/raw_data/vlibrasil/1349_Ajoelhar/20210929043840_6154c0c087446.mp4,20210929043840_6154c0c087446.npy,vlisbrasil,1349,Ajoelhar
../dataset/raw_data/vlibrasil/1351_Armazenado/20210203121125_601abd1d86121.mp4,20210203121125_601abd1d86121.npy,vlisbrasil,1351,Armazenado
../dataset/raw_data/vlibrasil/1351_Armazenado/20210611044856_60c3be289de4f.mp4,20210611044856_60c3be289de4f.npy,vlisbrasil,1351,Armazenado
../dataset/raw_data/vlibrasil/1351_Armazenado/20210623032201_60d37bc917a6b.mp4,20210623032201_60d37bc917a6b.npy,vlisbrasil,1351,Armazenado
../dataset/raw_data/vlibrasil/1352_Aumentar/20210203122453_601ac045943f3.mp4,20210203122453_601ac045943f3.npy,vlisbrasil,1352,Aumentar
../dataset/raw_data/vlibrasil/1352_Aumentar/20210209060530_6022f91a82ceb.mp4,20210209060530_6022f91a82ceb.npy,vlisbrasil,1352,Aumentar
../dataset/raw_data/vlibrasil/1352_Aumentar/20210402070722_6067959a14208.mp4,20210402070722_6067959a14208.npy,vlisbrasil,1352,Aumentar
../dataset/raw_data/vlibrasil/1353_Batida_pancada/20210203122852_601ac134d9d08.mp4,20210203122852_601ac134d9d08.npy,vlisbrasil,1353,Batida (pancada)
../dataset/raw_data/vlibrasil/1353_Batida_pancada/20210611045619_60c3bfe3976c2.mp4,20210611045619_60c3bfe3976c2.npy,vlisbrasil,1353,Batida (pancada)
../dataset/raw_data/vlibrasil/1353_Batida_pancada/20210623032656_60d37cf0a274c.mp4,20210623032656_60d37cf0a274c.npy,vlisbrasil,1353,Batida (pancada)
../dataset/raw_data/vlibrasil/1354_Caixa_de_som/20210203124040_601ac3f842d55.mp4,20210203124040_601ac3f842d55.npy,vlisbrasil,1354,Caixa de som
../dataset/raw_data/vlibrasil/1354_Caixa_de_som/20210410094113_607245a99e62b.mp4,20210410094113_607245a99e62b.npy,vlisbrasil,1354,Caixa de som
../dataset/raw_data/vlibrasil/1354_Caixa_de_som/20210613111908_60c613dc00230.mp4,20210613111908_60c613dc00230.npy,vlisbrasil,1354,Caixa de som
../dataset/raw_data/vlibrasil/1355_Cálculo/20210203124135_601ac42f6d18f.mp4,20210203124135_601ac42f6d18f.npy,vlisbrasil,1355,Cálculo
../dataset/raw_data/vlibrasil/1355_Cálculo/20210411080254_6072d75e970f0.mp4,20210411080254_6072d75e970f0.npy,vlisbrasil,1355,Cálculo
../dataset/raw_data/vlibrasil/1355_Cálculo/20210613113737_60c6183177194.mp4,20210613113737_60c6183177194.npy,vlisbrasil,1355,Cálculo
../dataset/raw_data/vlibrasil/1356_Canguru/20210203124250_601ac47ab33ce.mp4,20210203124250_601ac47ab33ce.npy,vlisbrasil,1356,Canguru
../dataset/raw_data/vlibrasil/1356_Canguru/20210407082921_606d979105d90.mp4,20210407082921_606d979105d90.npy,vlisbrasil,1356,Canguru
../dataset/raw_data/vlibrasil/1356_Canguru/20210613113907_60c6188b8d513.mp4,20210613113907_60c6188b8d513.npy,vlisbrasil,1356,Canguru
../dataset/raw_data/vlibrasil/1357_Cordão_colar/20210203124327_601ac49fa9a0f.mp4,20210203124327_601ac49fa9a0f.npy,vlisbrasil,1357,Cordão (colar)
../dataset/raw_data/vlibrasil/1357_Cordão_colar/20210530023739_60b3cd63d42f2.mp4,20210530023739_60b3cd63d42f2.npy,vlisbrasil,1357,Cordão (colar)
../dataset/raw_data/vlibrasil/1357_Cordão_colar/20210623034432_60d3811092e04.mp4,20210623034432_60d3811092e04.npy,vlisbrasil,1357,Cordão (colar)
../dataset/raw_data/vlibrasil/1358_Computador_portátil/20210203124344_601ac4b09ec99.mp4,20210203124344_601ac4b09ec99.npy,vlisbrasil,1358,Computador portátil
../dataset/raw_data/vlibrasil/1358_Computador_portátil/20210410081721_60723201aaac4.mp4,20210410081721_60723201aaac4.npy,vlisbrasil,1358,Computador portátil
../dataset/raw_data/vlibrasil/1358_Computador_portátil/20210613125348_60c62a0c9389e.mp4,20210613125348_60c62a0c9389e.npy,vlisbrasil,1358,Computador portátil
../dataset/raw_data/vlibrasil/1359_Conversar_consigo_mesmo/20210203124538_601ac5226d218.mp4,20210203124538_601ac5226d218.npy,vlisbrasil,1359,Conversar consigo mesmo
../dataset/raw_data/vlibrasil/1359_Conversar_consigo_mesmo/20210407084437_606d9b256a60d.mp4,20210407084437_606d9b256a60d.npy,vlisbrasil,1359,Conversar consigo mesmo
../dataset/raw_data/vlibrasil/1359_Conversar_consigo_mesmo/20210613125540_60c62a7c7d9d4.mp4,20210613125540_60c62a7c7d9d4.npy,vlisbrasil,1359,Conversar consigo mesmo
../dataset/raw_data/vlibrasil/1360_Corda_usada_pra_pular/20210203124542_601ac5265dbc0.mp4,20210203124542_601ac5265dbc0.npy,vlisbrasil,1360,Corda usada pra pular
../dataset/raw_data/vlibrasil/1360_Corda_usada_pra_pular/20210613125649_60c62ac1abda0.mp4,20210613125649_60c62ac1abda0.npy,vlisbrasil,1360,Corda usada pra pular
../dataset/raw_data/vlibrasil/1360_Corda_usada_pra_pular/20210623034317_60d380c5e5633.mp4,20210623034317_60d380c5e5633.npy,vlisbrasil,1360,Corda usada pra pular
../dataset/raw_data/vlibrasil/1361_Corda/20210203124749_601ac5a55ec9f.mp4,20210203124749_601ac5a55ec9f.npy,vlisbrasil,1361,Corda
../dataset/raw_data/vlibrasil/1361_Corda/20210407084544_606d9b68b930a.mp4,20210407084544_606d9b68b930a.npy,vlisbrasil,1361,Corda
../dataset/raw_data/vlibrasil/1361_Corda/20210613125630_60c62aae57dae.mp4,20210613125630_60c62aae57dae.npy,vlisbrasil,1361,Corda
../dataset/raw_data/vlibrasil/1362_Corte_de_Cabelo/20210203124751_601ac5a7b1f01.mp4,20210203124751_601ac5a7b1f01.npy,vlisbrasil,1362,Corte de Cabelo
../dataset/raw_data/vlibrasil/1362_Corte_de_Cabelo/20210411080504_6072d7e032b60.mp4,20210411080504_6072d7e032b60.npy,vlisbrasil,1362,Corte de Cabelo
../dataset/raw_data/vlibrasil/1362_Corte_de_Cabelo/20210613111924_60c613ece27ca.mp4,20210613111924_60c613ece27ca.npy,vlisbrasil,1362,Corte de Cabelo
../dataset/raw_data/vlibrasil/1363_Cristo/20210203124754_601ac5aaf3270.mp4,20210203124754_601ac5aaf3270.npy,vlisbrasil,1363,Cristo
../dataset/raw_data/vlibrasil/1363_Cristo/20210407084613_606d9b852f08c.mp4,20210407084613_606d9b852f08c.npy,vlisbrasil,1363,Cristo
../dataset/raw_data/vlibrasil/1363_Cristo/20210613125847_60c62b37d5395.mp4,20210613125847_60c62b37d5395.npy,vlisbrasil,1363,Cristo
../dataset/raw_data/vlibrasil/1366_Diminuir/20210203125148_601ac694bc918.mp4,20210203125148_601ac694bc918.npy,vlisbrasil,1366,Diminuir
../dataset/raw_data/vlibrasil/1366_Diminuir/20210407085054_606d9c9e121d0.mp4,20210407085054_606d9c9e121d0.npy,vlisbrasil,1366,Diminuir
../dataset/raw_data/vlibrasil/1366_Diminuir/20210613010411_60c62c7b6f834.mp4,20210613010411_60c62c7b6f834.npy,vlisbrasil,1366,Diminuir
../dataset/raw_data/vlibrasil/1367_Deixar/20210203125151_601ac6979c1bf.mp4,20210203125151_601ac6979c1bf.npy,vlisbrasil,1367,Deixar
../dataset/raw_data/vlibrasil/1367_Deixar/20210410082252_6072334cc40e6.mp4,20210410082252_6072334cc40e6.npy,vlisbrasil,1367,Deixar
../dataset/raw_data/vlibrasil/1367_Deixar/20210613010134_60c62bde24370.mp4,20210613010134_60c62bde24370.npy,vlisbrasil,1367,Deixar
../dataset/raw_data/vlibrasil/1368_Em_marcha_andar/20210203125529_601ac771997b2.mp4,20210203125529_601ac771997b2.npy,vlisbrasil,1368,Em marcha (andar)
../dataset/raw_data/vlibrasil/1368_Em_marcha_andar/20210411080616_6072d82862925.mp4,20210411080616_6072d82862925.npy,vlisbrasil,1368,Em marcha (andar)
../dataset/raw_data/vlibrasil/1368_Em_marcha_andar/20210613011041_60c62e0132744.mp4,20210613011041_60c62e0132744.npy,vlisbrasil,1368,Em marcha (andar)
../dataset/raw_data/vlibrasil/1369_Endereço/20210203125530_601ac7722bbeb.mp4,20210203125530_601ac7722bbeb.npy,vlisbrasil,1369,Endereço
../dataset/raw_data/vlibrasil/1369_Endereço/20210616020023_60ca2e27c645d.mp4,20210616020023_60ca2e27c645d.npy,vlisbrasil,1369,Endereço
../dataset/raw_data/vlibrasil/1369_Endereço/20210623041252_60d387b4cfbfc.mp4,20210623041252_60d387b4cfbfc.npy,vlisbrasil,1369,Endereço
../dataset/raw_data/vlibrasil/1372_Estatística/20210203010048_601ac8b00ccc8.mp4,20210203010048_601ac8b00ccc8.npy,vlisbrasil,1372,Estatística
../dataset/raw_data/vlibrasil/1372_Estatística/20210616021723_60ca3223ee9f8.mp4,20210616021723_60ca3223ee9f8.npy,vlisbrasil,1372,Estatística
../dataset/raw_data/vlibrasil/1372_Estatística/20210623041529_60d388516fdc4.mp4,20210623041529_60d388516fdc4.npy,vlisbrasil,1372,Estatística
../dataset/raw_data/vlibrasil/1373_Enfatizar/20210203010052_601ac8b4a7e12.mp4,20210203010052_601ac8b4a7e12.npy,vlisbrasil,1373,Enfatizar
../dataset/raw_data/vlibrasil/1373_Enfatizar/20210407085341_606d9d45d0456.mp4,20210407085341_606d9d45d0456.npy,vlisbrasil,1373,Enfatizar
../dataset/raw_data/vlibrasil/1373_Enfatizar/20210616020016_60ca2e2074d7e.mp4,20210616020016_60ca2e2074d7e.npy,vlisbrasil,1373,Enfatizar
../dataset/raw_data/vlibrasil/1374_Esquerda/20210203010057_601ac8b9b8e4b.mp4,20210203010057_601ac8b9b8e4b.npy,vlisbrasil,1374,Esquerda
../dataset/raw_data/vlibrasil/1374_Esquerda/20210410083300_607235ac80822.mp4,20210410083300_607235ac80822.npy,vlisbrasil,1374,Esquerda
../dataset/raw_data/vlibrasil/1374_Esquerda/20210616021654_60ca32069a7f1.mp4,20210616021654_60ca32069a7f1.npy,vlisbrasil,1374,Esquerda
../dataset/raw_data/vlibrasil/1375_Futebol/20210203010058_601ac8ba0f242.mp4,20210203010058_601ac8ba0f242.npy,vlisbrasil,1375,Futebol
../dataset/raw_data/vlibrasil/1375_Futebol/20210411081725_6072dac595812.mp4,20210411081725_6072dac595812.npy,vlisbrasil,1375,Futebol
../dataset/raw_data/vlibrasil/1375_Futebol/20210616030337_60ca3cf9d091d.mp4,20210616030337_60ca3cf9d091d.npy,vlisbrasil,1375,Futebol
../dataset/raw_data/vlibrasil/1376_Faca/20210203010103_601ac8bfa9634.mp4,20210203010103_601ac8bfa9634.npy,vlisbrasil,1376,Faca
../dataset/raw_data/vlibrasil/1376_Faca/20210407085444_606d9d840d5a1.mp4,20210407085444_606d9d840d5a1.npy,vlisbrasil,1376,Faca
../dataset/raw_data/vlibrasil/1376_Faca/20210621042920_60d0e890bfea9.mp4,20210621042920_60d0e890bfea9.npy,vlisbrasil,1376,Faca
../dataset/raw_data/vlibrasil/1378_Homem/20210203010504_601ac9b091845.mp4,20210203010504_601ac9b091845.npy,vlisbrasil,1378,Homem
../dataset/raw_data/vlibrasil/1378_Homem/20210411081736_6072dad09dbd3.mp4,20210411081736_6072dad09dbd3.npy,vlisbrasil,1378,Homem
../dataset/raw_data/vlibrasil/1378_Homem/20210617084806_60cb3676e319a.mp4,20210617084806_60cb3676e319a.npy,vlisbrasil,1378,Homem
../dataset/raw_data/vlibrasil/1379_Gostar/20210203010506_601ac9b2bd4e5.mp4,20210203010506_601ac9b2bd4e5.npy,vlisbrasil,1379,Gostar
../dataset/raw_data/vlibrasil/1379_Gostar/20210410090554_60723d624ad31.mp4,20210410090554_60723d624ad31.npy,vlisbrasil,1379,Gostar
../dataset/raw_data/vlibrasil/1379_Gostar/20210616030440_60ca3d3869a18.mp4,20210616030440_60ca3d3869a18.npy,vlisbrasil,1379,Gostar
../dataset/raw_data/vlibrasil/1380_Impossível/20210203010507_601ac9b3309e8.mp4,20210203010507_601ac9b3309e8.npy,vlisbrasil,1380,Impossível
../dataset/raw_data/vlibrasil/1380_Impossível/20210407090317_606d9f856de9c.mp4,20210407090317_606d9f856de9c.npy,vlisbrasil,1380,Impossível
../dataset/raw_data/vlibrasil/1380_Impossível/20210617085140_60cb374ce6543.mp4,20210617085140_60cb374ce6543.npy,vlisbrasil,1380,Impossível
../dataset/raw_data/vlibrasil/1381_Imaginar/20210203010516_601ac9bca5817.mp4,20210203010516_601ac9bca5817.npy,vlisbrasil,1381,Imaginar
../dataset/raw_data/vlibrasil/1381_Imaginar/20210407090218_606d9f4a81ec7.mp4,20210407090218_606d9f4a81ec7.npy,vlisbrasil,1381,Imaginar
../dataset/raw_data/vlibrasil/1381_Imaginar/20210617085115_60cb373389eb2.mp4,20210617085115_60cb373389eb2.npy,vlisbrasil,1381,Imaginar
../dataset/raw_data/vlibrasil/1382_Impressionar/20210203010842_601aca8aeab3b.mp4,20210203010842_601aca8aeab3b.npy,vlisbrasil,1382,Impressionar
../dataset/raw_data/vlibrasil/1382_Impressionar/20210617085158_60cb375e6bacb.mp4,20210617085158_60cb375e6bacb.npy,vlisbrasil,1382,Impressionar
../dataset/raw_data/vlibrasil/1382_Impressionar/20210808115156_610fef8c22248.mp4,20210808115156_610fef8c22248.npy,vlisbrasil,1382,Impressionar
../dataset/raw_data/vlibrasil/1383_Incômodo/20210203010846_601aca8e29b2e.mp4,20210203010846_601aca8e29b2e.npy,vlisbrasil,1383,Incômodo
../dataset/raw_data/vlibrasil/1383_Incômodo/20210617085227_60cb377b21842.mp4,20210617085227_60cb377b21842.npy,vlisbrasil,1383,Incômodo
../dataset/raw_data/vlibrasil/1383_Incômodo/20210623043654_60d38d5649c61.mp4,20210623043654_60d38d5649c61.npy,vlisbrasil,1383,Incômodo
../dataset/raw_data/vlibrasil/1384_Inocente/20210203010856_601aca9879c7a.mp4,20210203010856_601aca9879c7a.npy,vlisbrasil,1384,Inocente
../dataset/raw_data/vlibrasil/1384_Inocente/20210407090513_606d9ff960ae6.mp4,20210407090513_606d9ff960ae6.npy,vlisbrasil,1384,Inocente
../dataset/raw_data/vlibrasil/1384_Inocente/20210617090017_60cb39510391b.mp4,20210617090017_60cb39510391b.npy,vlisbrasil,1384,Inocente
../dataset/raw_data/vlibrasil/1385_Individual/20210203010901_601aca9da121f.mp4,20210203010901_601aca9da121f.npy,vlisbrasil,1385,Individual
../dataset/raw_data/vlibrasil/1385_Individual/20210407090342_606d9f9e5fbb4.mp4,20210407090342_606d9f9e5fbb4.npy,vlisbrasil,1385,Individual
../dataset/raw_data/vlibrasil/1385_Individual/20210617085245_60cb378d12361.mp4,20210617085245_60cb378d12361.npy,vlisbrasil,1385,Individual
../dataset/raw_data/vlibrasil/1386_Indústria/20210203010905_601acaa187f88.mp4,20210203010905_601acaa187f88.npy,vlisbrasil,1386,Indústria
../dataset/raw_data/vlibrasil/1386_Indústria/20210407090412_606d9fbc00dcc.mp4,20210407090412_606d9fbc00dcc.npy,vlisbrasil,1386,Indústria
../dataset/raw_data/vlibrasil/1386_Indústria/20210617085257_60cb379935a0a.mp4,20210617085257_60cb379935a0a.npy,vlisbrasil,1386,Indústria
../dataset/raw_data/vlibrasil/1387_Com_licença/20210323051841_605a4d211b9e6.mp4,20210323051841_605a4d211b9e6.npy,vlisbrasil,1387,Com licença
../dataset/raw_data/vlibrasil/1387_Com_licença/20210613121431_60c620d71df0b.mp4,20210613121431_60c620d71df0b.npy,vlisbrasil,1387,Com licença
../dataset/raw_data/vlibrasil/1387_Com_licença/20210808115055_610fef4fad29b.mp4,20210808115055_610fef4fad29b.npy,vlisbrasil,1387,Com licença
../dataset/raw_data/vlibrasil/1388_Judeu/20210203013042_601acfb24b375.mp4,20210203013042_601acfb24b375.npy,vlisbrasil,1388,Judeu
../dataset/raw_data/vlibrasil/1388_Judeu/20210407090901_606da0dd694e3.mp4,20210407090901_606da0dd694e3.npy,vlisbrasil,1388,Judeu
../dataset/raw_data/vlibrasil/1388_Judeu/20210617045445_60cba8859445a.mp4,20210617045445_60cba8859445a.npy,vlisbrasil,1388,Judeu
../dataset/raw_data/vlibrasil/1389_Mandíbula/20210203013057_601acfc195191.mp4,20210203013057_601acfc195191.npy,vlisbrasil,1389,Mandíbula
../dataset/raw_data/vlibrasil/1389_Mandíbula/20210407091210_606da19a76c7b.mp4,20210407091210_606da19a76c7b.npy,vlisbrasil,1389,Mandíbula
../dataset/raw_data/vlibrasil/1389_Mandíbula/20210618030316_60ccdfe45d50a.mp4,20210618030316_60ccdfe45d50a.npy,vlisbrasil,1389,Mandíbula
../dataset/raw_data/vlibrasil/1390_Longo/20210203013116_601acfd4b52c4.mp4,20210203013116_601acfd4b52c4.npy,vlisbrasil,1390,Longo
../dataset/raw_data/vlibrasil/1390_Longo/20210410094128_607245b8476e5.mp4,20210410094128_607245b8476e5.npy,vlisbrasil,1390,Longo
../dataset/raw_data/vlibrasil/1390_Longo/20210617051108_60cbac5cf2fcc.mp4,20210617051108_60cbac5cf2fcc.npy,vlisbrasil,1390,Longo
../dataset/raw_data/vlibrasil/1391_Interessante_atraente/20210203013135_601acfe7b5dcc.mp4,20210203013135_601acfe7b5dcc.npy,vlisbrasil,1391,Interessante (atraente)
../dataset/raw_data/vlibrasil/1391_Interessante_atraente/20210402100202_6067be8abfaa9.mp4,20210402100202_6067be8abfaa9.npy,vlisbrasil,1391,Interessante (atraente)
../dataset/raw_data/vlibrasil/1391_Interessante_atraente/20210617090339_60cb3a1b50885.mp4,20210617090339_60cb3a1b50885.npy,vlisbrasil,1391,Interessante (atraente)
../dataset/raw_data/vlibrasil/1392_Isolado/20210203013137_601acfe98820f.mp4,20210203013137_601acfe98820f.npy,vlisbrasil,1392,Isolado
../dataset/raw_data/vlibrasil/1392_Isolado/20210407090745_606da091ac69e.mp4,20210407090745_606da091ac69e.npy,vlisbrasil,1392,Isolado
../dataset/raw_data/vlibrasil/1392_Isolado/20210617090519_60cb3a7f203f1.mp4,20210617090519_60cb3a7f203f1.npy,vlisbrasil,1392,Isolado
../dataset/raw_data/vlibrasil/1393_Linha/20210203013150_601acff65573f.mp4,20210203013150_601acff65573f.npy,vlisbrasil,1393,Linha
../dataset/raw_data/vlibrasil/1393_Linha/20210410091639_60723fe7884c7.mp4,20210410091639_60723fe7884c7.npy,vlisbrasil,1393,Linha
../dataset/raw_data/vlibrasil/1393_Linha/20210617050842_60cbabca8e01a.mp4,20210617050842_60cbabca8e01a.npy,vlisbrasil,1393,Linha
../dataset/raw_data/vlibrasil/1394_Mala_de_Viagem/20210203013207_601ad007ae505.mp4,20210203013207_601ad007ae505.npy,vlisbrasil,1394,Mala de Viagem
../dataset/raw_data/vlibrasil/1394_Mala_de_Viagem/20210411082051_6072db93c2db3.mp4,20210411082051_6072db93c2db3.npy,vlisbrasil,1394,Mala de Viagem
../dataset/raw_data/vlibrasil/1394_Mala_de_Viagem/20210618030247_60ccdfc7c1ed9.mp4,20210618030247_60ccdfc7c1ed9.npy,vlisbrasil,1394,Mala de Viagem
../dataset/raw_data/vlibrasil/1395_Maior/20210203013220_601ad0148396a.mp4,20210203013220_601ad0148396a.npy,vlisbrasil,1395,Maior
../dataset/raw_data/vlibrasil/1395_Maior/20210411082007_6072db674c2ed.mp4,20210411082007_6072db674c2ed.npy,vlisbrasil,1395,Maior
../dataset/raw_data/vlibrasil/1395_Maior/20210617051451_60cbad3b5f128.mp4,20210617051451_60cbad3b5f128.npy,vlisbrasil,1395,Maior
../dataset/raw_data/vlibrasil/1396_Insulto/20210203013225_601ad0196bf09.mp4,20210203013225_601ad0196bf09.npy,vlisbrasil,1396,Insulto
../dataset/raw_data/vlibrasil/1396_Insulto/20210617090325_60cb3a0d99e7a.mp4,20210617090325_60cb3a0d99e7a.npy,vlisbrasil,1396,Insulto
../dataset/raw_data/vlibrasil/1396_Insulto/20210808115210_610fef9a81396.mp4,20210808115210_610fef9a81396.npy,vlisbrasil,1396,Insulto
../dataset/raw_data/vlibrasil/1397_Joalheria/20210203013225_601ad01986522.mp4,20210203013225_601ad01986522.npy,vlisbrasil,1397,Joalheria
../dataset/raw_data/vlibrasil/1397_Joalheria/20210407090807_606da0a770f86.mp4,20210407090807_606da0a770f86.npy,vlisbrasil,1397,Joalheria
../dataset/raw_data/vlibrasil/1397_Joalheria/20210617090624_60cb3ac0c0449.mp4,20210617090624_60cb3ac0c0449.npy,vlisbrasil,1397,Joalheria
../dataset/raw_data/vlibrasil/1398_Interpretar/20210203013225_601ad01987fa5.mp4,20210203013225_601ad01987fa5.npy,vlisbrasil,1398,Interpretar
../dataset/raw_data/vlibrasil/1398_Interpretar/20210407090738_606da08aa6e6e.mp4,20210407090738_606da08aa6e6e.npy,vlisbrasil,1398,Interpretar
../dataset/raw_data/vlibrasil/1398_Interpretar/20210617090415_60cb3a3fde3b6.mp4,20210617090415_60cb3a3fde3b6.npy,vlisbrasil,1398,Interpretar
../dataset/raw_data/vlibrasil/1399_Perder_a_competição/20210203014035_601ad20395940.mp4,20210203014035_601ad20395940.npy,vlisbrasil,1399,Perder a competição
../dataset/raw_data/vlibrasil/1399_Perder_a_competição/20210410094257_6072461140439.mp4,20210410094257_6072461140439.npy,vlisbrasil,1399,Perder a competição
../dataset/raw_data/vlibrasil/1399_Perder_a_competição/20210619024754_60ce2dcae0ece.mp4,20210619024754_60ce2dcae0ece.npy,vlisbrasil,1399,Perder a competição
../dataset/raw_data/vlibrasil/1400_Pesado/20210203014040_601ad2080ce3b.mp4,20210203014040_601ad2080ce3b.npy,vlisbrasil,1400,Pesado
../dataset/raw_data/vlibrasil/1400_Pesado/20210410090725_60723dbd86e79.mp4,20210410090725_60723dbd86e79.npy,vlisbrasil,1400,Pesado
../dataset/raw_data/vlibrasil/1400_Pesado/20210619025058_60ce2e82b7ca2.mp4,20210619025058_60ce2e82b7ca2.npy,vlisbrasil,1400,Pesado
../dataset/raw_data/vlibrasil/1401_Ouvir/20210203014047_601ad20f2c3cd.mp4,20210203014047_601ad20f2c3cd.npy,vlisbrasil,1401,Ouvir
../dataset/raw_data/vlibrasil/1401_Ouvir/20210410091720_60724010d1ab3.mp4,20210410091720_60724010d1ab3.npy,vlisbrasil,1401,Ouvir
../dataset/raw_data/vlibrasil/1401_Ouvir/20210619023912_60ce2bc06e51d.mp4,20210619023912_60ce2bc06e51d.npy,vlisbrasil,1401,Ouvir
../dataset/raw_data/vlibrasil/1402_Melhorar_um_pouco_mais/20210203014056_601ad218b9cf1.mp4,20210203014056_601ad218b9cf1.npy,vlisbrasil,1402,Melhorar um pouco mais
../dataset/raw_data/vlibrasil/1402_Melhorar_um_pouco_mais/20210407095135_606daad779cb2.mp4,20210407095135_606daad779cb2.npy,vlisbrasil,1402,Melhorar um pouco mais
../dataset/raw_data/vlibrasil/1402_Melhorar_um_pouco_mais/20210618031309_60cce2351c0ff.mp4,20210618031309_60cce2351c0ff.npy,vlisbrasil,1402,Melhorar um pouco mais
../dataset/raw_data/vlibrasil/1404_Menor/20210203014057_601ad219642e7.mp4,20210203014057_601ad219642e7.npy,vlisbrasil,1404,Menor
../dataset/raw_data/vlibrasil/1404_Menor/20210411084552_6072e1703f5c1.mp4,20210411084552_6072e1703f5c1.npy,vlisbrasil,1404,Menor
../dataset/raw_data/vlibrasil/1404_Menor/20210618031501_60cce2a53e34e.mp4,20210618031501_60cce2a53e34e.npy,vlisbrasil,1404,Menor
../dataset/raw_data/vlibrasil/1405_Medicamento/20210203014059_601ad21b45d92.mp4,20210203014059_601ad21b45d92.npy,vlisbrasil,1405,Medicamento
../dataset/raw_data/vlibrasil/1405_Medicamento/20210407093121_606da6192bd44.mp4,20210407093121_606da6192bd44.npy,vlisbrasil,1405,Medicamento
../dataset/raw_data/vlibrasil/1405_Medicamento/20210618031141_60cce1dd61811.mp4,20210618031141_60cce1dd61811.npy,vlisbrasil,1405,Medicamento
../dataset/raw_data/vlibrasil/1406_Paranóia/20210203014100_601ad21c609e9.mp4,20210203014100_601ad21c609e9.npy,vlisbrasil,1406,Paranóia
../dataset/raw_data/vlibrasil/1406_Paranóia/20210407095440_606dab90487af.mp4,20210407095440_606dab90487af.npy,vlisbrasil,1406,Paranóia
../dataset/raw_data/vlibrasil/1406_Paranóia/20210619024202_60ce2c6a7a905.mp4,20210619024202_60ce2c6a7a905.npy,vlisbrasil,1406,Paranóia
../dataset/raw_data/vlibrasil/1407_Máquina/20210203014103_601ad21f0ee08.mp4,20210203014103_601ad21f0ee08.npy,vlisbrasil,1407,Máquina
../dataset/raw_data/vlibrasil/1407_Máquina/20210411082131_6072dbbba1be3.mp4,20210411082131_6072dbbba1be3.npy,vlisbrasil,1407,Máquina
../dataset/raw_data/vlibrasil/1407_Máquina/20210618030416_60cce020ef5c0.mp4,20210618030416_60cce020ef5c0.npy,vlisbrasil,1407,Máquina
../dataset/raw_data/vlibrasil/1409_Material/20210203014112_601ad2287c812.mp4,20210203014112_601ad2287c812.npy,vlisbrasil,1409,Material
../dataset/raw_data/vlibrasil/1409_Material/20210411082158_6072dbd69e4e8.mp4,20210411082158_6072dbd69e4e8.npy,vlisbrasil,1409,Material
../dataset/raw_data/vlibrasil/1409_Material/20210618030514_60cce05abbc38.mp4,20210618030514_60cce05abbc38.npy,vlisbrasil,1409,Material
../dataset/raw_data/vlibrasil/1410_Menos/20210203014118_601ad22eca343.mp4,20210203014118_601ad22eca343.npy,vlisbrasil,1410,Menos
../dataset/raw_data/vlibrasil/1410_Menos/20210410083400_607235e863247.mp4,20210410083400_607235e863247.npy,vlisbrasil,1410,Menos
../dataset/raw_data/vlibrasil/1410_Menos/20210618031519_60cce2b723b4e.mp4,20210618031519_60cce2b723b4e.npy,vlisbrasil,1410,Menos
../dataset/raw_data/vlibrasil/1411_Rainha/20210203014701_601ad3854d39f.mp4,20210203014701_601ad3854d39f.npy,vlisbrasil,1411,Rainha
../dataset/raw_data/vlibrasil/1411_Rainha/20210410080811_6071871b8d085.mp4,20210410080811_6071871b8d085.npy,vlisbrasil,1411,Rainha
../dataset/raw_data/vlibrasil/1411_Rainha/20210609095352_60c162a0d0bfd.mp4,20210609095352_60c162a0d0bfd.npy,vlisbrasil,1411,Rainha
../dataset/raw_data/vlibrasil/1412_Príncipe/20210203014709_601ad38d2d920.mp4,20210203014709_601ad38d2d920.npy,vlisbrasil,1412,Príncipe
../dataset/raw_data/vlibrasil/1412_Príncipe/20210407095640_606dac0839d97.mp4,20210407095640_606dac0839d97.npy,vlisbrasil,1412,Príncipe
../dataset/raw_data/vlibrasil/1412_Príncipe/20210605033529_60bbc3f176edb.mp4,20210605033529_60bbc3f176edb.npy,vlisbrasil,1412,Príncipe
../dataset/raw_data/vlibrasil/1413_Princesa/20210203014714_601ad3929a26e.mp4,20210203014714_601ad3929a26e.npy,vlisbrasil,1413,Princesa
../dataset/raw_data/vlibrasil/1413_Princesa/20210407095625_606dabf9c7b40.mp4,20210407095625_606dabf9c7b40.npy,vlisbrasil,1413,Princesa
../dataset/raw_data/vlibrasil/1413_Princesa/20210605033346_60bbc38a58620.mp4,20210605033346_60bbc38a58620.npy,vlisbrasil,1413,Princesa
../dataset/raw_data/vlibrasil/1414_Psicologia/20210203014720_601ad398ae4ea.mp4,20210203014720_601ad398ae4ea.npy,vlisbrasil,1414,Psicologia
../dataset/raw_data/vlibrasil/1414_Psicologia/20210410080706_607186da7632c.mp4,20210410080706_607186da7632c.npy,vlisbrasil,1414,Psicologia
../dataset/raw_data/vlibrasil/1414_Psicologia/20210605034711_60bbc6af446c0.mp4,20210605034711_60bbc6af446c0.npy,vlisbrasil,1414,Psicologia
../dataset/raw_data/vlibrasil/1415_Ponta_pé/20210203014720_601ad398b577a.mp4,20210203014720_601ad398b577a.npy,vlisbrasil,1415,Ponta pé
../dataset/raw_data/vlibrasil/1415_Ponta_pé/20210605032730_60bbc21296d8a.mp4,20210605032730_60bbc21296d8a.npy,vlisbrasil,1415,Ponta pé
../dataset/raw_data/vlibrasil/1415_Ponta_pé/20210623095649_60d3d851e68bf.mp4,20210623095649_60d3d851e68bf.npy,vlisbrasil,1415,Ponta pé
../dataset/raw_data/vlibrasil/1416_Procurar_por/20210203014722_601ad39a3e89f.mp4,20210203014722_601ad39a3e89f.npy,vlisbrasil,1416,Procurar por
../dataset/raw_data/vlibrasil/1416_Procurar_por/20210410094315_60724623f1a07.mp4,20210410094315_60724623f1a07.npy,vlisbrasil,1416,Procurar por
../dataset/raw_data/vlibrasil/1416_Procurar_por/20210605033648_60bbc44046b31.mp4,20210605033648_60bbc44046b31.npy,vlisbrasil,1416,Procurar por
../dataset/raw_data/vlibrasil/1417_Profissão/20210203014723_601ad39bf0fb4.mp4,20210203014723_601ad39bf0fb4.npy,vlisbrasil,1417,Profissão
../dataset/raw_data/vlibrasil/1417_Profissão/20210411085701_6072e40dca153.mp4,20210411085701_6072e40dca153.npy,vlisbrasil,1417,Profissão
../dataset/raw_data/vlibrasil/1417_Profissão/20210605033836_60bbc4ac903f8.mp4,20210605033836_60bbc4ac903f8.npy,vlisbrasil,1417,Profissão
../dataset/raw_data/vlibrasil/1418_Preguiçoso/20210203014725_601ad39dcce9d.mp4,20210203014725_601ad39dcce9d.npy,vlisbrasil,1418,Preguiçoso
../dataset/raw_data/vlibrasil/1418_Preguiçoso/20210410082406_60723396bf929.mp4,20210410082406_60723396bf929.npy,vlisbrasil,1418,Preguiçoso
../dataset/raw_data/vlibrasil/1418_Preguiçoso/20210605033154_60bbc31a0301f.mp4,20210605033154_60bbc31a0301f.npy,vlisbrasil,1418,Preguiçoso
../dataset/raw_data/vlibrasil/1419_Protestante/20210203014726_601ad39ebdfe4.mp4,20210203014726_601ad39ebdfe4.npy,vlisbrasil,1419,Protestante
../dataset/raw_data/vlibrasil/1419_Protestante/20210407024840_606df078147f8.mp4,20210407024840_606df078147f8.npy,vlisbrasil,1419,Protestante
../dataset/raw_data/vlibrasil/1419_Protestante/20210605034628_60bbc684c446d.mp4,20210605034628_60bbc684c446d.npy,vlisbrasil,1419,Protestante
../dataset/raw_data/vlibrasil/1420_Quantos/20210203014731_601ad3a322d7c.mp4,20210203014731_601ad3a322d7c.npy,vlisbrasil,1420,Quantos
../dataset/raw_data/vlibrasil/1420_Quantos/20210411090417_6072e5c151f64.mp4,20210411090417_6072e5c151f64.npy,vlisbrasil,1420,Quantos
../dataset/raw_data/vlibrasil/1420_Quantos/20210605035204_60bbc7d4b14ee.mp4,20210605035204_60bbc7d4b14ee.npy,vlisbrasil,1420,Quantos
../dataset/raw_data/vlibrasil/1421_Prática/20210203014732_601ad3a4a39df.mp4,20210203014732_601ad3a4a39df.npy,vlisbrasil,1421,Prática
../dataset/raw_data/vlibrasil/1421_Prática/20210411085641_6072e3f90f4fc.mp4,20210411085641_6072e3f90f4fc.npy,vlisbrasil,1421,Prática
../dataset/raw_data/vlibrasil/1421_Prática/20210621054451_60d0fa4330410.mp4,20210621054451_60d0fa4330410.npy,vlisbrasil,1421,Prática
../dataset/raw_data/vlibrasil/1422_Pior/20210203014938_601ad42272547.mp4,20210203014938_601ad42272547.npy,vlisbrasil,1422,Pior
../dataset/raw_data/vlibrasil/1422_Pior/20210411090324_6072e58c091fb.mp4,20210411090324_6072e58c091fb.npy,vlisbrasil,1422,Pior
../dataset/raw_data/vlibrasil/1422_Pior/20210619025533_60ce2f95bd1ad.mp4,20210619025533_60ce2f95bd1ad.npy,vlisbrasil,1422,Pior
../dataset/raw_data/vlibrasil/1423_Tipo_espécie/20210203015312_601ad4f814d7f.mp4,20210203015312_601ad4f814d7f.npy,vlisbrasil,1423,Tipo (espécie)
../dataset/raw_data/vlibrasil/1423_Tipo_espécie/20210410081151_607187f75e256.mp4,20210410081151_607187f75e256.npy,vlisbrasil,1423,Tipo (espécie)
../dataset/raw_data/vlibrasil/1423_Tipo_espécie/20210621050914_60d0f1eaf422c.mp4,20210621050914_60d0f1eaf422c.npy,vlisbrasil,1423,Tipo (espécie)
../dataset/raw_data/vlibrasil/1424_Talvez/20210203015315_601ad4fbb2c04.mp4,20210203015315_601ad4fbb2c04.npy,vlisbrasil,1424,Talvez
../dataset/raw_data/vlibrasil/1424_Talvez/20210411090542_6072e61660843.mp4,20210411090542_6072e61660843.npy,vlisbrasil,1424,Talvez
../dataset/raw_data/vlibrasil/1424_Talvez/20210621053700_60d0f86caa08f.mp4,20210621053700_60d0f86caa08f.npy,vlisbrasil,1424,Talvez
../dataset/raw_data/vlibrasil/1425_Pulo/20210203015321_601ad50195f77.mp4,20210203015321_601ad50195f77.npy,vlisbrasil,1425,Pulo
../dataset/raw_data/vlibrasil/1425_Pulo/20210410080730_607186f2e4aa8.mp4,20210410080730_607186f2e4aa8.npy,vlisbrasil,1425,Pulo
../dataset/raw_data/vlibrasil/1425_Pulo/20210605034814_60bbc6ee04569.mp4,20210605034814_60bbc6ee04569.npy,vlisbrasil,1425,Pulo
../dataset/raw_data/vlibrasil/1426_Salto_pra_frente/20210203015323_601ad50377bc3.mp4,20210203015323_601ad50377bc3.npy,vlisbrasil,1426,Salto pra frente
../dataset/raw_data/vlibrasil/1426_Salto_pra_frente/20210410081000_60718788c20b8.mp4,20210410081000_60718788c20b8.npy,vlisbrasil,1426,Salto pra frente
../dataset/raw_data/vlibrasil/1426_Salto_pra_frente/20210610041322_60c26452cecee.mp4,20210610041322_60c26452cecee.npy,vlisbrasil,1426,Salto pra frente
../dataset/raw_data/vlibrasil/1427_Rumo_direção/20210203015336_601ad5108783b.mp4,20210203015336_601ad5108783b.npy,vlisbrasil,1427,Rumo (direção)
../dataset/raw_data/vlibrasil/1427_Rumo_direção/20210610040424_60c26238cd3dc.mp4,20210610040424_60c26238cd3dc.npy,vlisbrasil,1427,Rumo (direção)
../dataset/raw_data/vlibrasil/1427_Rumo_direção/20210623100227_60d3d9a3522ac.mp4,20210623100227_60d3d9a3522ac.npy,vlisbrasil,1427,Rumo (direção)
../dataset/raw_data/vlibrasil/1428_Revista/20210203015342_601ad5164ffac.mp4,20210203015342_601ad5164ffac.npy,vlisbrasil,1428,Revista
../dataset/raw_data/vlibrasil/1428_Revista/20210411090452_6072e5e4f348f.mp4,20210411090452_6072e5e4f348f.npy,vlisbrasil,1428,Revista
../dataset/raw_data/vlibrasil/1428_Revista/20210609100547_60c1656b5c6e5.mp4,20210609100547_60c1656b5c6e5.npy,vlisbrasil,1428,Revista
../dataset/raw_data/vlibrasil/1429_Rir_gargalhar/20210203015343_601ad517430d6.mp4,20210203015343_601ad517430d6.npy,vlisbrasil,1429,Rir (gargalhar)
../dataset/raw_data/vlibrasil/1429_Rir_gargalhar/20210410083025_6072351107c1d.mp4,20210410083025_6072351107c1d.npy,vlisbrasil,1429,Rir (gargalhar)
../dataset/raw_data/vlibrasil/1429_Rir_gargalhar/20210610040022_60c261461bea2.mp4,20210610040022_60c261461bea2.npy,vlisbrasil,1429,Rir (gargalhar)
../dataset/raw_data/vlibrasil/1430_Se_casar/20210203015347_601ad51bd6621.mp4,20210203015347_601ad51bd6621.npy,vlisbrasil,1430,Se casar
../dataset/raw_data/vlibrasil/1430_Se_casar/20210411090503_6072e5ef81269.mp4,20210411090503_6072e5ef81269.npy,vlisbrasil,1430,Se casar
../dataset/raw_data/vlibrasil/1430_Se_casar/20210610041553_60c264e9ea980.mp4,20210610041553_60c264e9ea980.npy,vlisbrasil,1430,Se casar
../dataset/raw_data/vlibrasil/1431_Real/20210203015348_601ad51c96955.mp4,20210203015348_601ad51c96955.npy,vlisbrasil,1431,Real
../dataset/raw_data/vlibrasil/1431_Real/20210410080824_607187287bee9.mp4,20210410080824_607187287bee9.npy,vlisbrasil,1431,Real
../dataset/raw_data/vlibrasil/1431_Real/20210609095512_60c162f053867.mp4,20210609095512_60c162f053867.npy,vlisbrasil,1431,Real
../dataset/raw_data/vlibrasil/1432_Ranzinza/20210203015350_601ad51eb5851.mp4,20210203015350_601ad51eb5851.npy,vlisbrasil,1432,Ranzinza
../dataset/raw_data/vlibrasil/1432_Ranzinza/20210609095412_60c162b4ea59c.mp4,20210609095412_60c162b4ea59c.npy,vlisbrasil,1432,Ranzinza
../dataset/raw_data/vlibrasil/1432_Ranzinza/20210623095933_60d3d8f566b03.mp4,20210623095933_60d3d8f566b03.npy,vlisbrasil,1432,Ranzinza
../dataset/raw_data/vlibrasil/1433_Rei/20210203015353_601ad521ce16e.mp4,20210203015353_601ad521ce16e.npy,vlisbrasil,1433,Rei
../dataset/raw_data/vlibrasil/1433_Rei/20210410080839_60718737c3be9.mp4,20210410080839_60718737c3be9.npy,vlisbrasil,1433,Rei
../dataset/raw_data/vlibrasil/1433_Rei/20210609095843_60c163c33ec28.mp4,20210609095843_60c163c33ec28.npy,vlisbrasil,1433,Rei
../dataset/raw_data/vlibrasil/1434_Relâmpago/20210203015354_601ad522445dc.mp4,20210203015354_601ad522445dc.npy,vlisbrasil,1434,Relâmpago
../dataset/raw_data/vlibrasil/1434_Relâmpago/20210410090744_60723dd04b2ee.mp4,20210410090744_60723dd04b2ee.npy,vlisbrasil,1434,Relâmpago
../dataset/raw_data/vlibrasil/1434_Relâmpago/20210609095858_60c163d25bc2c.mp4,20210609095858_60c163d25bc2c.npy,vlisbrasil,1434,Relâmpago
../dataset/raw_data/vlibrasil/1435_Última/20210203015739_601ad60335cbe.mp4,20210203015739_601ad60335cbe.npy,vlisbrasil,1435,Última
../dataset/raw_data/vlibrasil/1435_Última/20210410081801_60723229df7f2.mp4,20210410081801_60723229df7f2.npy,vlisbrasil,1435,Última
../dataset/raw_data/vlibrasil/1435_Última/20210621053900_60d0f8e4ce86f.mp4,20210621053900_60d0f8e4ce86f.npy,vlisbrasil,1435,Última
../dataset/raw_data/vlibrasil/1436_Tomar_notas/20210203015739_601ad6038d903.mp4,20210203015739_601ad6038d903.npy,vlisbrasil,1436,Tomar notas
../dataset/raw_data/vlibrasil/1436_Tomar_notas/20210621051449_60d0f339450be.mp4,20210621051449_60d0f339450be.npy,vlisbrasil,1436,Tomar notas
../dataset/raw_data/vlibrasil/1436_Tomar_notas/20210808033715_6110245b6fa7e.mp4,20210808033715_6110245b6fa7e.npy,vlisbrasil,1436,Tomar notas
../dataset/raw_data/vlibrasil/1437_Emprego_trabalho/20210203015739_601ad603e0715.mp4,20210203015739_601ad603e0715.npy,vlisbrasil,1437,Emprego (trabalho)
../dataset/raw_data/vlibrasil/1437_Emprego_trabalho/20210410081248_607188300117b.mp4,20210410081248_607188300117b.npy,vlisbrasil,1437,Emprego (trabalho)
../dataset/raw_data/vlibrasil/1437_Emprego_trabalho/20210616020016_60ca2e20c690f.mp4,20210616020016_60ca2e20c690f.npy,vlisbrasil,1437,Emprego (trabalho)
../dataset/raw_data/vlibrasil/1438_Virgem_Maria/20210203015751_601ad60f720a6.mp4,20210203015751_601ad60f720a6.npy,vlisbrasil,1438,Virgem Maria
../dataset/raw_data/vlibrasil/1438_Virgem_Maria/20210411090637_6072e64d18b77.mp4,20210411090637_6072e64d18b77.npy,vlisbrasil,1438,Virgem Maria
../dataset/raw_data/vlibrasil/1438_Virgem_Maria/20210621054009_60d0f929d79bf.mp4,20210621054009_60d0f929d79bf.npy,vlisbrasil,1438,Virgem Maria
../dataset/raw_data/vlibrasil/1439_Prestar_atenção/20210209053402_6022f1bae48db.mp4,20210209053402_6022f1bae48db.npy,vlisbrasil,1439,Prestar atenção
../dataset/raw_data/vlibrasil/1439_Prestar_atenção/20210209070251_6023068ba94aa.mp4,20210209070251_6023068ba94aa.npy,vlisbrasil,1439,Prestar atenção
../dataset/raw_data/vlibrasil/1439_Prestar_atenção/20210329031854_60621a0ec37c0.mp4,20210329031854_60621a0ec37c0.npy,vlisbrasil,1439,Prestar atenção
../dataset/raw_data/vlibrasil/1440_Relatório/20210209053435_6022f1db19c32.mp4,20210209053435_6022f1db19c32.npy,vlisbrasil,1440,Relatório
../dataset/raw_data/vlibrasil/1440_Relatório/20210209070306_6023069aa08a4.mp4,20210209070306_6023069aa08a4.npy,vlisbrasil,1440,Relatório
../dataset/raw_data/vlibrasil/1440_Relatório/20210329044938_60622f523b63e.mp4,20210329044938_60622f523b63e.npy,vlisbrasil,1440,Relatório
../dataset/raw_data/vlibrasil/1441_Tia/20210209053532_6022f214db7ef.mp4,20210209053532_6022f214db7ef.npy,vlisbrasil,1441,Tia
../dataset/raw_data/vlibrasil/1441_Tia/20210209070242_60230682b0d67.mp4,20210209070242_60230682b0d67.npy,vlisbrasil,1441,Tia
../dataset/raw_data/vlibrasil/1441_Tia/20210329045611_606230db322b0.mp4,20210329045611_606230db322b0.npy,vlisbrasil,1441,Tia
../dataset/raw_data/vlibrasil/1442_Veto/20210209053623_6022f247107ec.mp4,20210209053623_6022f247107ec.npy,vlisbrasil,1442,Veto
../dataset/raw_data/vlibrasil/1442_Veto/20210505041238_6092ee268fb91.mp4,20210505041238_6092ee268fb91.npy,vlisbrasil,1442,Veto
../dataset/raw_data/vlibrasil/1442_Veto/20210623100821_60d3db0510d74.mp4,20210623100821_60d3db0510d74.npy,vlisbrasil,1442,Veto
../dataset/raw_data/vlibrasil/1443_Relação/20210209053837_6022f2cd2ef6e.mp4,20210209053837_6022f2cd2ef6e.npy,vlisbrasil,1443,Relação
../dataset/raw_data/vlibrasil/1443_Relação/20210329044935_60622f4fcffd9.mp4,20210329044935_60622f4fcffd9.npy,vlisbrasil,1443,Relação
../dataset/raw_data/vlibrasil/1443_Relação/20210505110141_6092a5451bcba.mp4,20210505110141_6092a5451bcba.npy,vlisbrasil,1443,Relação
../dataset/raw_data/vlibrasil/1446_Broca/20210209055139_6022f5dbebe41.mp4,20210209055139_6022f5dbebe41.npy,vlisbrasil,1446,Broca
../dataset/raw_data/vlibrasil/1446_Broca/20210505115037_6092b0bde9ef7.mp4,20210505115037_6092b0bde9ef7.npy,vlisbrasil,1446,Broca
../dataset/raw_data/vlibrasil/1446_Broca/20210623032917_60d37d7d06450.mp4,20210623032917_60d37d7d06450.npy,vlisbrasil,1446,Broca
../dataset/raw_data/vlibrasil/1447_Duplicar/20210209055653_6022f715ececc.mp4,20210209055653_6022f715ececc.npy,vlisbrasil,1447,Duplicar
../dataset/raw_data/vlibrasil/1447_Duplicar/20210505075914_60927a82b48cb.mp4,20210505075914_60927a82b48cb.npy,vlisbrasil,1447,Duplicar
../dataset/raw_data/vlibrasil/1447_Duplicar/20210623040728_60d38670b1810.mp4,20210623040728_60d38670b1810.npy,vlisbrasil,1447,Duplicar
../dataset/raw_data/vlibrasil/1448_Imoral/20210209055705_6022f721c29ca.mp4,20210209055705_6022f721c29ca.npy,vlisbrasil,1448,Imoral
../dataset/raw_data/vlibrasil/1448_Imoral/20210505025155_6092db3b312f5.mp4,20210505025155_6092db3b312f5.npy,vlisbrasil,1448,Imoral
../dataset/raw_data/vlibrasil/1448_Imoral/20210623042717_60d38b15a114f.mp4,20210623042717_60d38b15a114f.npy,vlisbrasil,1448,Imoral
../dataset/raw_data/vlibrasil/1449_Doloroso/20210209055708_6022f724d5d3d.mp4,20210209055708_6022f724d5d3d.npy,vlisbrasil,1449,Doloroso
../dataset/raw_data/vlibrasil/1449_Doloroso/20210401044312_606622506e992.mp4,20210401044312_606622506e992.npy,vlisbrasil,1449,Doloroso
../dataset/raw_data/vlibrasil/1449_Doloroso/20210505120457_6092b419a51cd.mp4,20210505120457_6092b419a51cd.npy,vlisbrasil,1449,Doloroso
../dataset/raw_data/vlibrasil/1450_Desenvolver/20210209055714_6022f72ae28ab.mp4,20210209055714_6022f72ae28ab.npy,vlisbrasil,1450,Desenvolver
../dataset/raw_data/vlibrasil/1450_Desenvolver/20210401035532_60661724f00d9.mp4,20210401035532_60661724f00d9.npy,vlisbrasil,1450,Desenvolver
../dataset/raw_data/vlibrasil/1450_Desenvolver/20210505120447_6092b40fe1296.mp4,20210505120447_6092b40fe1296.npy,vlisbrasil,1450,Desenvolver
../dataset/raw_data/vlibrasil/1451_Brinco/20210209060925_6022fa0506615.mp4,20210209060925_6022fa0506615.npy,vlisbrasil,1451,Brinco
../dataset/raw_data/vlibrasil/1451_Brinco/20210402050154_606778326cf5d.mp4,20210402050154_606778326cf5d.npy,vlisbrasil,1451,Brinco
../dataset/raw_data/vlibrasil/1451_Brinco/20210505075444_6092797463a1e.mp4,20210505075444_6092797463a1e.npy,vlisbrasil,1451,Brinco
../dataset/raw_data/vlibrasil/1452_Cereal/20210209060936_6022fa10c44dc.mp4,20210209060936_6022fa10c44dc.npy,vlisbrasil,1452,Cereal
../dataset/raw_data/vlibrasil/1452_Cereal/20210505120723_6092b4ab862fa.mp4,20210505120723_6092b4ab862fa.npy,vlisbrasil,1452,Cereal
../dataset/raw_data/vlibrasil/1452_Cereal/20210623033718_60d37f5eea694.mp4,20210623033718_60d37f5eea694.npy,vlisbrasil,1452,Cereal
../dataset/raw_data/vlibrasil/1453_Cílios/20210209060939_6022fa135a1fe.mp4,20210209060939_6022fa135a1fe.npy,vlisbrasil,1453,Cílios
../dataset/raw_data/vlibrasil/1453_Cílios/20210210072130_6023b3aa73de0.mp4,20210210072130_6023b3aa73de0.npy,vlisbrasil,1453,Cílios
../dataset/raw_data/vlibrasil/1453_Cílios/20210402075729_6067a159c625d.mp4,20210402075729_6067a159c625d.npy,vlisbrasil,1453,Cílios
../dataset/raw_data/vlibrasil/1454_Ensaiar/20210209061000_6022fa28db898.mp4,20210209061000_6022fa28db898.npy,vlisbrasil,1454,Ensaiar
../dataset/raw_data/vlibrasil/1454_Ensaiar/20210505084024_60928428b24e8.mp4,20210505084024_60928428b24e8.npy,vlisbrasil,1454,Ensaiar
../dataset/raw_data/vlibrasil/1454_Ensaiar/20210623041322_60d387d276c87.mp4,20210623041322_60d387d276c87.npy,vlisbrasil,1454,Ensaiar
../dataset/raw_data/vlibrasil/1455_Peso_leve/20210209061006_6022fa2eaf621.mp4,20210209061006_6022fa2eaf621.npy,vlisbrasil,1455,Peso leve
../dataset/raw_data/vlibrasil/1455_Peso_leve/20210401092023_6065ba87a0b63.mp4,20210401092023_6065ba87a0b63.npy,vlisbrasil,1455,Peso leve
../dataset/raw_data/vlibrasil/1455_Peso_leve/20210505103843_60929fe304e70.mp4,20210505103843_60929fe304e70.npy,vlisbrasil,1455,Peso leve
../dataset/raw_data/vlibrasil/1456_Leste/20210209061008_6022fa30247df.mp4,20210209061008_6022fa30247df.npy,vlisbrasil,1456,Leste
../dataset/raw_data/vlibrasil/1456_Leste/20210402050539_60677913f0ec2.mp4,20210402050539_60677913f0ec2.npy,vlisbrasil,1456,Leste
../dataset/raw_data/vlibrasil/1456_Leste/20210505030937_6092df61a0526.mp4,20210505030937_6092df61a0526.npy,vlisbrasil,1456,Leste
../dataset/raw_data/vlibrasil/1457_Páscoa/20210209061012_6022fa348675f.mp4,20210209061012_6022fa348675f.npy,vlisbrasil,1457,Páscoa
../dataset/raw_data/vlibrasil/1457_Páscoa/20210331034321_6064c2c95d08a.mp4,20210331034321_6064c2c95d08a.npy,vlisbrasil,1457,Páscoa
../dataset/raw_data/vlibrasil/1457_Páscoa/20210505103840_60929fe09291e.mp4,20210505103840_60929fe09291e.npy,vlisbrasil,1457,Páscoa
../dataset/raw_data/vlibrasil/1458_Tromba/20210209061351_6022fb0f64cb6.mp4,20210209061351_6022fb0f64cb6.npy,vlisbrasil,1458,Tromba
../dataset/raw_data/vlibrasil/1458_Tromba/20210505113120_6092ac3869e9f.mp4,20210505113120_6092ac3869e9f.npy,vlisbrasil,1458,Tromba
../dataset/raw_data/vlibrasil/1458_Tromba/20210623100657_60d3dab173706.mp4,20210623100657_60d3dab173706.npy,vlisbrasil,1458,Tromba
../dataset/raw_data/vlibrasil/1459_Pêssego/20210209062511_6022fdb7e4b4b.mp4,20210209062511_6022fdb7e4b4b.npy,vlisbrasil,1459,Pêssego
../dataset/raw_data/vlibrasil/1459_Pêssego/20210505103846_60929fe693274.mp4,20210505103846_60929fe693274.npy,vlisbrasil,1459,Pêssego
../dataset/raw_data/vlibrasil/1459_Pêssego/20210623095550_60d3d816c65dd.mp4,20210623095550_60d3d816c65dd.npy,vlisbrasil,1459,Pêssego
../dataset/raw_data/vlibrasil/1463_Negligente/20210209063631_6023005ff2aff.mp4,20210209063631_6023005ff2aff.npy,vlisbrasil,1463,Negligente
../dataset/raw_data/vlibrasil/1463_Negligente/20210505032344_6092e2b045352.mp4,20210505032344_6092e2b045352.npy,vlisbrasil,1463,Negligente
../dataset/raw_data/vlibrasil/1463_Negligente/20210623095230_60d3d74ed340d.mp4,20210623095230_60d3d74ed340d.npy,vlisbrasil,1463,Negligente
../dataset/raw_data/vlibrasil/1464_Saia/20210209064903_6023034f7646f.mp4,20210209064903_6023034f7646f.npy,vlisbrasil,1464,Saia
../dataset/raw_data/vlibrasil/1464_Saia/20210211013218_60255c126fcf3.mp4,20210211013218_60255c126fcf3.npy,vlisbrasil,1464,Saia
../dataset/raw_data/vlibrasil/1464_Saia/20210610041201_60c2640148ed0.mp4,20210610041201_60c2640148ed0.npy,vlisbrasil,1464,Saia
../dataset/raw_data/vlibrasil/1465_Use_língua_de_sinais/20210209065054_602303be23d42.mp4,20210209065054_602303be23d42.npy,vlisbrasil,1465,Use língua de sinais
../dataset/raw_data/vlibrasil/1465_Use_língua_de_sinais/20210210111121_6023e98906e19.mp4,20210210111121_6023e98906e19.npy,vlisbrasil,1465,Use língua de sinais
../dataset/raw_data/vlibrasil/1465_Use_língua_de_sinais/20210621052636_60d0f5fc6265d.mp4,20210621052636_60d0f5fc6265d.npy,vlisbrasil,1465,Use língua de sinais
../dataset/raw_data/vlibrasil/1466_Fechar/20210210071202_6023b1728cf78.mp4,20210210071202_6023b1728cf78.npy,vlisbrasil,1466,Fechar
../dataset/raw_data/vlibrasil/1466_Fechar/20210616022811_60ca34ab1423e.mp4,20210616022811_60ca34ab1423e.npy,vlisbrasil,1466,Fechar
../dataset/raw_data/vlibrasil/1466_Fechar/20210623042011_60d3896b2f019.mp4,20210623042011_60d3896b2f019.npy,vlisbrasil,1466,Fechar
../dataset/raw_data/vlibrasil/1467_Pedir_algo_emprestado/20210210071301_6023b1ad30ece.mp4,20210210071301_6023b1ad30ece.npy,vlisbrasil,1467,Pedir algo emprestado
../dataset/raw_data/vlibrasil/1467_Pedir_algo_emprestado/20210331034318_6064c2c698e79.mp4,20210331034318_6064c2c698e79.npy,vlisbrasil,1467,Pedir algo emprestado
../dataset/raw_data/vlibrasil/1467_Pedir_algo_emprestado/20210619024513_60ce2d29d2250.mp4,20210619024513_60ce2d29d2250.npy,vlisbrasil,1467,Pedir algo emprestado
../dataset/raw_data/vlibrasil/1468_Semáforo/20210210072309_6023b40debb05.mp4,20210210072309_6023b40debb05.npy,vlisbrasil,1468,Semáforo
../dataset/raw_data/vlibrasil/1468_Semáforo/20210210112544_6023ece8f020b.mp4,20210210112544_6023ece8f020b.npy,vlisbrasil,1468,Semáforo
../dataset/raw_data/vlibrasil/1468_Semáforo/20210610042842_60c267eacca1a.mp4,20210610042842_60c267eacca1a.npy,vlisbrasil,1468,Semáforo
../dataset/raw_data/vlibrasil/1469_Cumprimento/20210210072941_6023b595eb68f.mp4,20210210072941_6023b595eb68f.npy,vlisbrasil,1469,Cumprimento
../dataset/raw_data/vlibrasil/1469_Cumprimento/20210621042835_60d0e863dbd84.mp4,20210621042835_60d0e863dbd84.npy,vlisbrasil,1469,Cumprimento
../dataset/raw_data/vlibrasil/1469_Cumprimento/20210623034536_60d38150cff55.mp4,20210623034536_60d38150cff55.npy,vlisbrasil,1469,Cumprimento
../dataset/raw_data/vlibrasil/1470_Atividade/20210210072942_6023b596d14aa.mp4,20210210072942_6023b596d14aa.npy,vlisbrasil,1470,Atividade
../dataset/raw_data/vlibrasil/1470_Atividade/20210611045207_60c3bee797549.mp4,20210611045207_60c3bee797549.npy,vlisbrasil,1470,Atividade
../dataset/raw_data/vlibrasil/1470_Atividade/20210623032331_60d37c234138b.mp4,20210623032331_60d37c234138b.npy,vlisbrasil,1470,Atividade
../dataset/raw_data/vlibrasil/1471_Dor_de_cabeça/20210210072946_6023b59a328cf.mp4,20210210072946_6023b59a328cf.npy,vlisbrasil,1471,Dor de cabeça
../dataset/raw_data/vlibrasil/1471_Dor_de_cabeça/20210407085115_606d9cb3a1b09.mp4,20210407085115_606d9cb3a1b09.npy,vlisbrasil,1471,Dor de cabeça
../dataset/raw_data/vlibrasil/1471_Dor_de_cabeça/20210613010611_60c62cf32e73b.mp4,20210613010611_60c62cf32e73b.npy,vlisbrasil,1471,Dor de cabeça
../dataset/raw_data/vlibrasil/1472_Disputar/20210210072946_6023b59a63e3f.mp4,20210210072946_6023b59a63e3f.npy,vlisbrasil,1472,Disputar
../dataset/raw_data/vlibrasil/1472_Disputar/20210613010516_60c62cbc1697f.mp4,20210613010516_60c62cbc1697f.npy,vlisbrasil,1472,Disputar
../dataset/raw_data/vlibrasil/1472_Disputar/20210623040627_60d38633da6db.mp4,20210623040627_60d38633da6db.npy,vlisbrasil,1472,Disputar
../dataset/raw_data/vlibrasil/1473_Água_congelada/20210210072949_6023b59d1f56f.mp4,20210210072949_6023b59d1f56f.npy,vlisbrasil,1473,Água congelada
../dataset/raw_data/vlibrasil/1473_Água_congelada/20210623032119_60d37b9f25dcc.mp4,20210623032119_60d37b9f25dcc.npy,vlisbrasil,1473,Água congelada
../dataset/raw_data/vlibrasil/1473_Água_congelada/20210929043751_6154c08f7a650.mp4,20210929043751_6154c08f7a650.npy,vlisbrasil,1473,Água congelada
../dataset/raw_data/vlibrasil/1474_Urgente/20210210073202_6023b622bb6ba.mp4,20210210073202_6023b622bb6ba.npy,vlisbrasil,1474,Urgente
../dataset/raw_data/vlibrasil/1474_Urgente/20210621052622_60d0f5eebcf7c.mp4,20210621052622_60d0f5eebcf7c.npy,vlisbrasil,1474,Urgente
../dataset/raw_data/vlibrasil/1474_Urgente/20210623100731_60d3dad36e7e5.mp4,20210623100731_60d3dad36e7e5.npy,vlisbrasil,1474,Urgente
../dataset/raw_data/vlibrasil/1475_Quarto_de_dormir/20210210073206_6023b6266e193.mp4,20210210073206_6023b6266e193.npy,vlisbrasil,1475,Quarto de dormir
../dataset/raw_data/vlibrasil/1475_Quarto_de_dormir/20210210115208_6023f3182cfa5.mp4,20210210115208_6023f3182cfa5.npy,vlisbrasil,1475,Quarto de dormir
../dataset/raw_data/vlibrasil/1475_Quarto_de_dormir/20210605035221_60bbc7e50ed67.mp4,20210605035221_60bbc7e50ed67.npy,vlisbrasil,1475,Quarto de dormir
../dataset/raw_data/vlibrasil/1476_Jogar_futebol/20210210073212_6023b62c45c06.mp4,20210210073212_6023b62c45c06.npy,vlisbrasil,1476,Jogar futebol
../dataset/raw_data/vlibrasil/1476_Jogar_futebol/20210210110546_6023e83ab37aa.mp4,20210210110546_6023e83ab37aa.npy,vlisbrasil,1476,Jogar futebol
../dataset/raw_data/vlibrasil/1476_Jogar_futebol/20210617091257_60cb3c49dffec.mp4,20210617091257_60cb3c49dffec.npy,vlisbrasil,1476,Jogar futebol
../dataset/raw_data/vlibrasil/1477_Fome/20210210073217_6023b631abb84.mp4,20210210073217_6023b631abb84.npy,vlisbrasil,1477,Fome
../dataset/raw_data/vlibrasil/1477_Fome/20210616030159_60ca3c97b0961.mp4,20210616030159_60ca3c97b0961.npy,vlisbrasil,1477,Fome
../dataset/raw_data/vlibrasil/1477_Fome/20210623042244_60d38a0475754.mp4,20210623042244_60d38a0475754.npy,vlisbrasil,1477,Fome
../dataset/raw_data/vlibrasil/1478_Ligar_algo/20210210073943_6023b7efe788b.mp4,20210210073943_6023b7efe788b.npy,vlisbrasil,1478,Ligar algo
../dataset/raw_data/vlibrasil/1478_Ligar_algo/20210617050645_60cbab55ba79f.mp4,20210617050645_60cbab55ba79f.npy,vlisbrasil,1478,Ligar algo
../dataset/raw_data/vlibrasil/1478_Ligar_algo/20210623051247_60d395bf10222.mp4,20210623051247_60d395bf10222.npy,vlisbrasil,1478,Ligar algo
../dataset/raw_data/vlibrasil/1479_Desatento/20210210073954_6023b7fa77faf.mp4,20210210073954_6023b7fa77faf.npy,vlisbrasil,1479,Desatento
../dataset/raw_data/vlibrasil/1479_Desatento/20210613010200_60c62bf851e34.mp4,20210613010200_60c62bf851e34.npy,vlisbrasil,1479,Desatento
../dataset/raw_data/vlibrasil/1479_Desatento/20210623034826_60d381fa3a053.mp4,20210623034826_60d381fa3a053.npy,vlisbrasil,1479,Desatento
../dataset/raw_data/vlibrasil/1480_Reunião/20210210074118_6023b84e479e1.mp4,20210210074118_6023b84e479e1.npy,vlisbrasil,1480,Reunião
../dataset/raw_data/vlibrasil/1480_Reunião/20210411090433_6072e5d16e0de.mp4,20210411090433_6072e5d16e0de.npy,vlisbrasil,1480,Reunião
../dataset/raw_data/vlibrasil/1480_Reunião/20210609100520_60c16550c50d6.mp4,20210609100520_60c16550c50d6.npy,vlisbrasil,1480,Reunião
../dataset/raw_data/vlibrasil/1481_Observar/20210210074205_6023b87d7cb23.mp4,20210210074205_6023b87d7cb23.npy,vlisbrasil,1481,Observar
../dataset/raw_data/vlibrasil/1481_Observar/20210621054342_60d0f9fe0f47e.mp4,20210621054342_60d0f9fe0f47e.npy,vlisbrasil,1481,Observar
../dataset/raw_data/vlibrasil/1481_Observar/20210623095312_60d3d77855884.mp4,20210623095312_60d3d77855884.npy,vlisbrasil,1481,Observar
../dataset/raw_data/vlibrasil/1482_Calça/20210210075159_6023bacf7cb35.mp4,20210210075159_6023bacf7cb35.npy,vlisbrasil,1482,Calça
../dataset/raw_data/vlibrasil/1482_Calça/20210211083935_6025177788fbf.mp4,20210211083935_6025177788fbf.npy,vlisbrasil,1482,Calça
../dataset/raw_data/vlibrasil/1482_Calça/20210613113711_60c6181727097.mp4,20210613113711_60c6181727097.npy,vlisbrasil,1482,Calça
../dataset/raw_data/vlibrasil/1483_Citação/20210210075237_6023baf58801d.mp4,20210210075237_6023baf58801d.npy,vlisbrasil,1483,Citação
../dataset/raw_data/vlibrasil/1483_Citação/20210613114612_60c61a34ee2de.mp4,20210613114612_60c61a34ee2de.npy,vlisbrasil,1483,Citação
../dataset/raw_data/vlibrasil/1483_Citação/20210623033945_60d37ff1099cf.mp4,20210623033945_60d37ff1099cf.npy,vlisbrasil,1483,Citação
../dataset/raw_data/vlibrasil/1484_Enviando_mensagem_de_texto/20210210075420_6023bb5cc0387.mp4,20210210075420_6023bb5cc0387.npy,vlisbrasil,1484,Enviando mensagem de texto
../dataset/raw_data/vlibrasil/1484_Enviando_mensagem_de_texto/20210616020031_60ca2e2f6c931.mp4,20210616020031_60ca2e2f6c931.npy,vlisbrasil,1484,Enviando mensagem de texto
../dataset/raw_data/vlibrasil/1484_Enviando_mensagem_de_texto/20210623041340_60d387e477ca6.mp4,20210623041340_60d387e477ca6.npy,vlisbrasil,1484,Enviando mensagem de texto
../dataset/raw_data/vlibrasil/1485_Pessoa_doente/20210210080926_6023bee61f775.mp4,20210210080926_6023bee61f775.npy,vlisbrasil,1485,Pessoa doente
../dataset/raw_data/vlibrasil/1485_Pessoa_doente/20210619025139_60ce2eabaff46.mp4,20210619025139_60ce2eabaff46.npy,vlisbrasil,1485,Pessoa doente
../dataset/raw_data/vlibrasil/1485_Pessoa_doente/20210623095611_60d3d82b2b969.mp4,20210623095611_60d3d82b2b969.npy,vlisbrasil,1485,Pessoa doente
../dataset/raw_data/vlibrasil/1486_Pessoa_famosa/20210210080942_6023bef62573d.mp4,20210210080942_6023bef62573d.npy,vlisbrasil,1486,Pessoa famosa
../dataset/raw_data/vlibrasil/1486_Pessoa_famosa/20210210110541_6023e835bdeca.mp4,20210210110541_6023e835bdeca.npy,vlisbrasil,1486,Pessoa famosa
../dataset/raw_data/vlibrasil/1486_Pessoa_famosa/20210619025334_60ce2f1ee2c12.mp4,20210619025334_60ce2f1ee2c12.npy,vlisbrasil,1486,Pessoa famosa
../dataset/raw_data/vlibrasil/1487_Rosa/20210210080945_6023bef9adbcf.mp4,20210210080945_6023bef9adbcf.npy,vlisbrasil,1487,Rosa
../dataset/raw_data/vlibrasil/1487_Rosa/20210210110539_6023e8335a80c.mp4,20210210110539_6023e8335a80c.npy,vlisbrasil,1487,Rosa
../dataset/raw_data/vlibrasil/1487_Rosa/20210610040238_60c261ce68664.mp4,20210610040238_60c261ce68664.npy,vlisbrasil,1487,Rosa
../dataset/raw_data/vlibrasil/1488_Saciado/20210210105756_6023e6641d12d.mp4,20210210105756_6023e6641d12d.npy,vlisbrasil,1488,Saciado
../dataset/raw_data/vlibrasil/1488_Saciado/20210621043202_60d0e932dd642.mp4,20210621043202_60d0e932dd642.npy,vlisbrasil,1488,Saciado
../dataset/raw_data/vlibrasil/1488_Saciado/20210623100250_60d3d9ba1adef.mp4,20210623100250_60d3d9ba1adef.npy,vlisbrasil,1488,Saciado
../dataset/raw_data/vlibrasil/1489_Raspar/20210210105804_6023e66c9b273.mp4,20210210105804_6023e66c9b273.npy,vlisbrasil,1489,Raspar
../dataset/raw_data/vlibrasil/1489_Raspar/20210609095424_60c162c0c6b91.mp4,20210609095424_60c162c0c6b91.npy,vlisbrasil,1489,Raspar
../dataset/raw_data/vlibrasil/1489_Raspar/20210623100012_60d3d91c1e561.mp4,20210623100012_60d3d91c1e561.npy,vlisbrasil,1489,Raspar
../dataset/raw_data/vlibrasil/1490_Barco_a_vela/20210210105808_6023e670bf1a3.mp4,20210210105808_6023e670bf1a3.npy,vlisbrasil,1490,Barco a vela
../dataset/raw_data/vlibrasil/1490_Barco_a_vela/20210611045530_60c3bfb20e673.mp4,20210611045530_60c3bfb20e673.npy,vlisbrasil,1490,Barco a vela
../dataset/raw_data/vlibrasil/1490_Barco_a_vela/20210623032519_60d37c8f16fa6.mp4,20210623032519_60d37c8f16fa6.npy,vlisbrasil,1490,Barco a vela
../dataset/raw_data/vlibrasil/1491_Imprimir/20210210110549_6023e83d0f1dd.mp4,20210210110549_6023e83d0f1dd.npy,vlisbrasil,1491,Imprimir
../dataset/raw_data/vlibrasil/1491_Imprimir/20210505025157_6092db3d0677b.mp4,20210505025157_6092db3d0677b.npy,vlisbrasil,1491,Imprimir
../dataset/raw_data/vlibrasil/1491_Imprimir/20210617085212_60cb376ceef05.mp4,20210617085212_60cb376ceef05.npy,vlisbrasil,1491,Imprimir
../dataset/raw_data/vlibrasil/1492_Empenho/20210210110551_6023e83fe1109.mp4,20210210110551_6023e83fe1109.npy,vlisbrasil,1492,Empenho
../dataset/raw_data/vlibrasil/1492_Empenho/20210505120457_6092b419a3434.mp4,20210505120457_6092b419a3434.npy,vlisbrasil,1492,Empenho
../dataset/raw_data/vlibrasil/1492_Empenho/20210616020006_60ca2e16eaeb3.mp4,20210616020006_60ca2e16eaeb3.npy,vlisbrasil,1492,Empenho
../dataset/raw_data/vlibrasil/1493_Antecipar/20210210110555_6023e8433baf0.mp4,20210210110555_6023e8433baf0.npy,vlisbrasil,1493,Antecipar
../dataset/raw_data/vlibrasil/1493_Antecipar/20210505074731_609277c35cc47.mp4,20210505074731_609277c35cc47.npy,vlisbrasil,1493,Antecipar
../dataset/raw_data/vlibrasil/1493_Antecipar/20210929044255_6154c1bfed1d7.mp4,20210929044255_6154c1bfed1d7.npy,vlisbrasil,1493,Antecipar
../dataset/raw_data/vlibrasil/1494_Símbolo/20210210111123_6023e98bd21ae.mp4,20210210111123_6023e98bd21ae.npy,vlisbrasil,1494,Símbolo
../dataset/raw_data/vlibrasil/1494_Símbolo/20210505041150_6092edf6802a6.mp4,20210505041150_6092edf6802a6.npy,vlisbrasil,1494,Símbolo
../dataset/raw_data/vlibrasil/1494_Símbolo/20210610043946_60c26a82c3cc8.mp4,20210610043946_60c26a82c3cc8.npy,vlisbrasil,1494,Símbolo
../dataset/raw_data/vlibrasil/1495_Satisfação_Pessoal/20210210111126_6023e98eda377.mp4,20210210111126_6023e98eda377.npy,vlisbrasil,1495,Satisfação Pessoal
../dataset/raw_data/vlibrasil/1495_Satisfação_Pessoal/20210505113123_6092ac3bec44a.mp4,20210505113123_6092ac3bec44a.npy,vlisbrasil,1495,Satisfação Pessoal
../dataset/raw_data/vlibrasil/1495_Satisfação_Pessoal/20210610041456_60c264b05f340.mp4,20210610041456_60c264b05f340.npy,vlisbrasil,1495,Satisfação Pessoal
../dataset/raw_data/vlibrasil/1496_Ir_pra_casa/20210210111128_6023e990c309d.mp4,20210210111128_6023e990c309d.npy,vlisbrasil,1496,Ir pra casa
../dataset/raw_data/vlibrasil/1496_Ir_pra_casa/20210505025205_6092db456b71c.mp4,20210505025205_6092db456b71c.npy,vlisbrasil,1496,Ir pra casa
../dataset/raw_data/vlibrasil/1496_Ir_pra_casa/20210617090450_60cb3a62cdf87.mp4,20210617090450_60cb3a62cdf87.npy,vlisbrasil,1496,Ir pra casa
../dataset/raw_data/vlibrasil/1497_Volêi/20210210112540_6023ece477503.mp4,20210210112540_6023ece477503.npy,vlisbrasil,1497,Volêi
../dataset/raw_data/vlibrasil/1497_Volêi/20210505113734_6092adae3c1c2.mp4,20210505113734_6092adae3c1c2.npy,vlisbrasil,1497,Volêi
../dataset/raw_data/vlibrasil/1497_Volêi/20210621053400_60d0f7b8b79d5.mp4,20210621053400_60d0f7b8b79d5.npy,vlisbrasil,1497,Volêi
../dataset/raw_data/vlibrasil/1498_Próprio_lugar/20210210112547_6023eceb5f30a.mp4,20210210112547_6023eceb5f30a.npy,vlisbrasil,1498,Próprio lugar
../dataset/raw_data/vlibrasil/1498_Próprio_lugar/20210505110125_6092a53540145.mp4,20210505110125_6092a53540145.npy,vlisbrasil,1498,Próprio lugar
../dataset/raw_data/vlibrasil/1498_Próprio_lugar/20210605034556_60bbc664edf42.mp4,20210605034556_60bbc664edf42.npy,vlisbrasil,1498,Próprio lugar
../dataset/raw_data/vlibrasil/1499_Orientar/20210210112549_6023ecedb3e81.mp4,20210210112549_6023ecedb3e81.npy,vlisbrasil,1499,Orientar
../dataset/raw_data/vlibrasil/1499_Orientar/20210505032401_6092e2c1c6349.mp4,20210505032401_6092e2c1c6349.npy,vlisbrasil,1499,Orientar
../dataset/raw_data/vlibrasil/1499_Orientar/20210621054419_60d0fa236b93c.mp4,20210621054419_60d0fa236b93c.npy,vlisbrasil,1499,Orientar
../dataset/raw_data/vlibrasil/1500_Nadar/20210211123105_60254db93457c.mp4,20210211123105_60254db93457c.npy,vlisbrasil,1500,Nadar
../dataset/raw_data/vlibrasil/1500_Nadar/20210501074616_608d3178aa027.mp4,20210501074616_608d3178aa027.npy,vlisbrasil,1500,Nadar
../dataset/raw_data/vlibrasil/1500_Nadar/20210618032240_60cce470b4bb1.mp4,20210618032240_60cce470b4bb1.npy,vlisbrasil,1500,Nadar
../dataset/raw_data/vlibrasil/1501_Letra_W/20210210112601_6023ecf95271a.mp4,20210210112601_6023ecf95271a.npy,vlisbrasil,1501,Letra W
../dataset/raw_data/vlibrasil/1501_Letra_W/20210505030948_6092df6cc872f.mp4,20210505030948_6092df6cc872f.npy,vlisbrasil,1501,Letra W
../dataset/raw_data/vlibrasil/1501_Letra_W/20210621042946_60d0e8aad11e9.mp4,20210621042946_60d0e8aad11e9.npy,vlisbrasil,1501,Letra W
../dataset/raw_data/vlibrasil/1502_Conseguindo/20210210112606_6023ecfe2e206.mp4,20210210112606_6023ecfe2e206.npy,vlisbrasil,1502,Conseguindo
../dataset/raw_data/vlibrasil/1502_Conseguindo/20210505075847_60927a673953c.mp4,20210505075847_60927a673953c.npy,vlisbrasil,1502,Conseguindo
../dataset/raw_data/vlibrasil/1502_Conseguindo/20210613125426_60c62a32d4bb3.mp4,20210613125426_60c62a32d4bb3.npy,vlisbrasil,1502,Conseguindo
../dataset/raw_data/vlibrasil/1503_Estúpido/20210210112607_6023ecff55d53.mp4,20210210112607_6023ecff55d53.npy,vlisbrasil,1503,Estúpido
../dataset/raw_data/vlibrasil/1503_Estúpido/20210501071705_608d2aa13c08f.mp4,20210501071705_608d2aa13c08f.npy,vlisbrasil,1503,Estúpido
../dataset/raw_data/vlibrasil/1503_Estúpido/20210616021911_60ca328fedda1.mp4,20210616021911_60ca328fedda1.npy,vlisbrasil,1503,Estúpido
../dataset/raw_data/vlibrasil/1504_Carteira_de_bolso/20210210112608_6023ed00870f7.mp4,20210210112608_6023ed00870f7.npy,vlisbrasil,1504,Carteira de bolso
../dataset/raw_data/vlibrasil/1504_Carteira_de_bolso/20210505051227_6092fc2b240e4.mp4,20210505051227_6092fc2b240e4.npy,vlisbrasil,1504,Carteira de bolso
../dataset/raw_data/vlibrasil/1504_Carteira_de_bolso/20210613114006_60c618c66e52d.mp4,20210613114006_60c618c66e52d.npy,vlisbrasil,1504,Carteira de bolso
../dataset/raw_data/vlibrasil/1505_Capital/20210210112616_6023ed084614f.mp4,20210210112616_6023ed084614f.npy,vlisbrasil,1505,Capital
../dataset/raw_data/vlibrasil/1505_Capital/20210505075435_6092796b742f5.mp4,20210505075435_6092796b742f5.npy,vlisbrasil,1505,Capital
../dataset/raw_data/vlibrasil/1505_Capital/20210613113934_60c618a6e0aa0.mp4,20210613113934_60c618a6e0aa0.npy,vlisbrasil,1505,Capital
../dataset/raw_data/vlibrasil/1506_Angustiado/20210210112830_6023ed8ecf229.mp4,20210210112830_6023ed8ecf229.npy,vlisbrasil,1506,Angustiado
../dataset/raw_data/vlibrasil/1506_Angustiado/20210505074728_609277c0d0919.mp4,20210505074728_609277c0d0919.npy,vlisbrasil,1506,Angustiado
../dataset/raw_data/vlibrasil/1506_Angustiado/20210609073205_60c098a528c63.mp4,20210609073205_60c098a528c63.npy,vlisbrasil,1506,Angustiado
../dataset/raw_data/vlibrasil/1507_Letra_S/20210210115100_6023f2d4db70d.mp4,20210210115100_6023f2d4db70d.npy,vlisbrasil,1507,Letra S
../dataset/raw_data/vlibrasil/1507_Letra_S/20210505030939_6092df632a5bd.mp4,20210505030939_6092df632a5bd.npy,vlisbrasil,1507,Letra S
../dataset/raw_data/vlibrasil/1507_Letra_S/20210617050355_60cbaaabbf4e3.mp4,20210617050355_60cbaaabbf4e3.npy,vlisbrasil,1507,Letra S
../dataset/raw_data/vlibrasil/1508_O_quê_pergunta/20210210115104_6023f2d8d24c7.mp4,20210210115104_6023f2d8d24c7.npy,vlisbrasil,1508,O quê (pergunta)
../dataset/raw_data/vlibrasil/1508_O_quê_pergunta/20210505032350_6092e2b6c1210.mp4,20210505032350_6092e2b6c1210.npy,vlisbrasil,1508,O quê (pergunta)
../dataset/raw_data/vlibrasil/1508_O_quê_pergunta/20210619023438_60ce2aaed9f05.mp4,20210619023438_60ce2aaed9f05.npy,vlisbrasil,1508,O quê (pergunta)
../dataset/raw_data/vlibrasil/1509_Soltar_gases/20210210115123_6023f2eb7b97c.mp4,20210210115123_6023f2eb7b97c.npy,vlisbrasil,1509,Soltar gases
../dataset/raw_data/vlibrasil/1509_Soltar_gases/20210505041202_6092ee02592af.mp4,20210505041202_6092ee02592af.npy,vlisbrasil,1509,Soltar gases
../dataset/raw_data/vlibrasil/1509_Soltar_gases/20210621054643_60d0fab398ac8.mp4,20210621054643_60d0fab398ac8.npy,vlisbrasil,1509,Soltar gases
../dataset/raw_data/vlibrasil/1510_Podar_árvore/20210210115145_6023f3015554b.mp4,20210210115145_6023f3015554b.npy,vlisbrasil,1510,Podar árvore
../dataset/raw_data/vlibrasil/1510_Podar_árvore/20210506084334_6093d6669da4c.mp4,20210506084334_6093d6669da4c.npy,vlisbrasil,1510,Podar árvore
../dataset/raw_data/vlibrasil/1510_Podar_árvore/20210605032532_60bbc19c45e71.mp4,20210605032532_60bbc19c45e71.npy,vlisbrasil,1510,Podar árvore
../dataset/raw_data/vlibrasil/1511_Ideia_igual/20210210115230_6023f32e736fd.mp4,20210210115230_6023f32e736fd.npy,vlisbrasil,1511,Ideia igual
../dataset/raw_data/vlibrasil/1511_Ideia_igual/20210505101640_60929ab8dcd5b.mp4,20210505101640_60929ab8dcd5b.npy,vlisbrasil,1511,Ideia igual
../dataset/raw_data/vlibrasil/1511_Ideia_igual/20210617084930_60cb36ca616dc.mp4,20210617084930_60cb36ca616dc.npy,vlisbrasil,1511,Ideia igual
../dataset/raw_data/vlibrasil/1512_Zíper/20210211014908_602560042e893.mp4,20210211014908_602560042e893.npy,vlisbrasil,1512,Zíper
../dataset/raw_data/vlibrasil/1512_Zíper/20210505041903_6092efa759ac1.mp4,20210505041903_6092efa759ac1.npy,vlisbrasil,1512,Zíper
../dataset/raw_data/vlibrasil/1512_Zíper/20210621054107_60d0f9637a507.mp4,20210621054107_60d0f9637a507.npy,vlisbrasil,1512,Zíper
../dataset/raw_data/vlibrasil/1513_Mundo/20210210115241_6023f33962b26.mp4,20210210115241_6023f33962b26.npy,vlisbrasil,1513,Mundo
../dataset/raw_data/vlibrasil/1513_Mundo/20210505031043_6092dfa3889d8.mp4,20210505031043_6092dfa3889d8.npy,vlisbrasil,1513,Mundo
../dataset/raw_data/vlibrasil/1513_Mundo/20210618032057_60cce409a0caf.mp4,20210618032057_60cce409a0caf.npy,vlisbrasil,1513,Mundo
../dataset/raw_data/vlibrasil/1514_Universo/20210211014153_60255e5155234.mp4,20210211014153_60255e5155234.npy,vlisbrasil,1514,Universo
../dataset/raw_data/vlibrasil/1514_Universo/20210505113714_6092ad9a9c803.mp4,20210505113714_6092ad9a9c803.npy,vlisbrasil,1514,Universo
../dataset/raw_data/vlibrasil/1514_Universo/20210621052611_60d0f5e39318c.mp4,20210621052611_60d0f5e39318c.npy,vlisbrasil,1514,Universo
../dataset/raw_data/vlibrasil/1515_Cadeira_de_rodas/20210211020403_60256383a9ffd.mp4,20210211020403_60256383a9ffd.npy,vlisbrasil,1515,Cadeira de rodas
../dataset/raw_data/vlibrasil/1515_Cadeira_de_rodas/20210505051222_6092fc2609a57.mp4,20210505051222_6092fc2609a57.npy,vlisbrasil,1515,Cadeira de rodas
../dataset/raw_data/vlibrasil/1515_Cadeira_de_rodas/20210613113626_60c617ea94451.mp4,20210613113626_60c617ea94451.npy,vlisbrasil,1515,Cadeira de rodas
../dataset/raw_data/vlibrasil/1516_Nuvem_de_chuva/20210211010019_602554938acef.mp4,20210211010019_602554938acef.npy,vlisbrasil,1516,Nuvem de chuva
../dataset/raw_data/vlibrasil/1516_Nuvem_de_chuva/20210506083554_6093d49a34671.mp4,20210506083554_6093d49a34671.npy,vlisbrasil,1516,Nuvem de chuva
../dataset/raw_data/vlibrasil/1516_Nuvem_de_chuva/20210619023418_60ce2a9ab3b4f.mp4,20210619023418_60ce2a9ab3b4f.npy,vlisbrasil,1516,Nuvem de chuva
../dataset/raw_data/vlibrasil/1520_Sino/20210329044750_60622ee6b1616.mp4,20210329044750_60622ee6b1616.npy,vlisbrasil,1520,Sino
../dataset/raw_data/vlibrasil/1520_Sino/20210505113116_6092ac34e87c7.mp4,20210505113116_6092ac34e87c7.npy,vlisbrasil,1520,Sino
../dataset/raw_data/vlibrasil/1520_Sino/20210610044239_60c26b2f3958e.mp4,20210610044239_60c26b2f3958e.npy,vlisbrasil,1520,Sino
../dataset/raw_data/vlibrasil/1521_Aceitar/20210331111453_606483dd65a02.mp4,20210331111453_606483dd65a02.npy,vlisbrasil,1521,Aceitar
../dataset/raw_data/vlibrasil/1521_Aceitar/20210505115046_6092b0c68de8d.mp4,20210505115046_6092b0c68de8d.npy,vlisbrasil,1521,Aceitar
../dataset/raw_data/vlibrasil/1521_Aceitar/20210929043409_6154bfb1176fc.mp4,20210929043409_6154bfb1176fc.npy,vlisbrasil,1521,Aceitar
../dataset/raw_data/vlibrasil/1522_Chute/20210410080417_607186312e819.mp4,20210410080417_607186312e819.npy,vlisbrasil,1522,Chute
../dataset/raw_data/vlibrasil/1522_Chute/20210505120732_6092b4b4af5b7.mp4,20210505120732_6092b4b4af5b7.npy,vlisbrasil,1522,Chute
../dataset/raw_data/vlibrasil/1522_Chute/20210613114221_60c6194da9cb3.mp4,20210613114221_60c6194da9cb3.npy,vlisbrasil,1522,Chute
../dataset/raw_data/vlibrasil/1523_Dever_de_casa/20210410080507_60718663a50ae.mp4,20210410080507_60718663a50ae.npy,vlisbrasil,1523,Dever de casa
../dataset/raw_data/vlibrasil/1523_Dever_de_casa/20210505051520_6092fcd85672f.mp4,20210505051520_6092fcd85672f.npy,vlisbrasil,1523,Dever de casa
../dataset/raw_data/vlibrasil/1523_Dever_de_casa/20210613010335_60c62c5716e71.mp4,20210613010335_60c62c5716e71.npy,vlisbrasil,1523,Dever de casa
../dataset/raw_data/vlibrasil/1524_Faminto/20210410080527_60718677bb702.mp4,20210410080527_60718677bb702.npy,vlisbrasil,1524,Faminto
../dataset/raw_data/vlibrasil/1524_Faminto/20210505025009_6092dad1977d7.mp4,20210505025009_6092dad1977d7.npy,vlisbrasil,1524,Faminto
../dataset/raw_data/vlibrasil/1524_Faminto/20210616022658_60ca34629d3f1.mp4,20210616022658_60ca34629d3f1.npy,vlisbrasil,1524,Faminto
../dataset/raw_data/vlibrasil/1525_Firmeza/20210410080546_6071868a31b60.mp4,20210410080546_6071868a31b60.npy,vlisbrasil,1525,Firmeza
../dataset/raw_data/vlibrasil/1525_Firmeza/20210505025014_6092dad6cd423.mp4,20210505025014_6092dad6cd423.npy,vlisbrasil,1525,Firmeza
../dataset/raw_data/vlibrasil/1525_Firmeza/20210616022921_60ca34f16a08d.mp4,20210616022921_60ca34f16a08d.npy,vlisbrasil,1525,Firmeza
../dataset/raw_data/vlibrasil/1526_Identificar_documento/20210410080611_607186a3e17b3.mp4,20210410080611_607186a3e17b3.npy,vlisbrasil,1526,Identificar documento
../dataset/raw_data/vlibrasil/1526_Identificar_documento/20210505025153_6092db3975f9a.mp4,20210505025153_6092db3975f9a.npy,vlisbrasil,1526,Identificar documento
../dataset/raw_data/vlibrasil/1526_Identificar_documento/20210617085008_60cb36f072d07.mp4,20210617085008_60cb36f072d07.npy,vlisbrasil,1526,Identificar documento
../dataset/raw_data/vlibrasil/1527_Matar/20210410080627_607186b3bd0da.mp4,20210410080627_607186b3bd0da.npy,vlisbrasil,1527,Matar
../dataset/raw_data/vlibrasil/1527_Matar/20210505103037_60929dfdef3bf.mp4,20210505103037_60929dfdef3bf.npy,vlisbrasil,1527,Matar
../dataset/raw_data/vlibrasil/1527_Matar/20210618030444_60cce03c7864d.mp4,20210618030444_60cce03c7864d.npy,vlisbrasil,1527,Matar
../dataset/raw_data/vlibrasil/1528_Pressa/20210410080644_607186c445267.mp4,20210410080644_607186c445267.npy,vlisbrasil,1528,Pressa
../dataset/raw_data/vlibrasil/1528_Pressa/20210505103848_60929fe8b039d.mp4,20210505103848_60929fe8b039d.npy,vlisbrasil,1528,Pressa
../dataset/raw_data/vlibrasil/1528_Pressa/20210621043108_60d0e8fc9f2de.mp4,20210621043108_60d0e8fc9f2de.npy,vlisbrasil,1528,Pressa
../dataset/raw_data/vlibrasil/1529_Volta/20210410081826_6072324271b13.mp4,20210410081826_6072324271b13.npy,vlisbrasil,1529,Volta
../dataset/raw_data/vlibrasil/1529_Volta/20210505041244_6092ee2cd15f4.mp4,20210505041244_6092ee2cd15f4.npy,vlisbrasil,1529,Volta
../dataset/raw_data/vlibrasil/1529_Volta/20210621053413_60d0f7c5216a1.mp4,20210621053413_60d0f7c5216a1.npy,vlisbrasil,1529,Volta
../dataset/raw_data/vlibrasil/1530_Palestra/20210410083450_6072361a6c293.mp4,20210410083450_6072361a6c293.npy,vlisbrasil,1530,Palestra
../dataset/raw_data/vlibrasil/1530_Palestra/20210505032408_6092e2c8065db.mp4,20210505032408_6092e2c8065db.npy,vlisbrasil,1530,Palestra
../dataset/raw_data/vlibrasil/1530_Palestra/20210619024045_60ce2c1d5f090.mp4,20210619024045_60ce2c1d5f090.npy,vlisbrasil,1530,Palestra
../dataset/raw_data/vlibrasil/1531_Interesse/20210410090642_60723d927360e.mp4,20210410090642_60723d927360e.npy,vlisbrasil,1531,Interesse
../dataset/raw_data/vlibrasil/1531_Interesse/20210505101631_60929aafb2918.mp4,20210505101631_60929aafb2918.npy,vlisbrasil,1531,Interesse
../dataset/raw_data/vlibrasil/1531_Interesse/20210617090350_60cb3a2615feb.mp4,20210617090350_60cb3a2615feb.npy,vlisbrasil,1531,Interesse
../dataset/raw_data/vlibrasil/1532_Percurso/20210410092059_607240eb6734c.mp4,20210410092059_607240eb6734c.npy,vlisbrasil,1532,Percurso
../dataset/raw_data/vlibrasil/1532_Percurso/20210505032427_6092e2db5da07.mp4,20210505032427_6092e2db5da07.npy,vlisbrasil,1532,Percurso
../dataset/raw_data/vlibrasil/1532_Percurso/20210619024702_60ce2d96532d8.mp4,20210619024702_60ce2d96532d8.npy,vlisbrasil,1532,Percurso
../dataset/raw_data/vlibrasil/1533_Comprar/20210411080421_6072d7b5d5203.mp4,20210411080421_6072d7b5d5203.npy,vlisbrasil,1533,Comprar
../dataset/raw_data/vlibrasil/1533_Comprar/20210505120741_6092b4bd5148b.mp4,20210505120741_6092b4bd5148b.npy,vlisbrasil,1533,Comprar
../dataset/raw_data/vlibrasil/1533_Comprar/20210613125311_60c629e776818.mp4,20210613125311_60c629e776818.npy,vlisbrasil,1533,Comprar
../dataset/raw_data/vlibrasil/1534_Erro/20210411080744_6072d8806f5a9.mp4,20210411080744_6072d8806f5a9.npy,vlisbrasil,1534,Erro
../dataset/raw_data/vlibrasil/1534_Erro/20210505120500_6092b41cf1617.mp4,20210505120500_6092b41cf1617.npy,vlisbrasil,1534,Erro
../dataset/raw_data/vlibrasil/1534_Erro/20210616020043_60ca2e3b1cc0a.mp4,20210616020043_60ca2e3b1cc0a.npy,vlisbrasil,1534,Erro
../dataset/raw_data/vlibrasil/1535_Número/20210411085548_6072e3c4cf712.mp4,20210411085548_6072e3c4cf712.npy,vlisbrasil,1535,Número
../dataset/raw_data/vlibrasil/1535_Número/20210505103825_60929fd162a80.mp4,20210505103825_60929fd162a80.npy,vlisbrasil,1535,Número
../dataset/raw_data/vlibrasil/1535_Número/20210619023335_60ce2a6f5c126.mp4,20210619023335_60ce2a6f5c126.npy,vlisbrasil,1535,Número
../dataset/raw_data/vlibrasil/1536_Abanar/20210501070948_608d28ecb0e74.mp4,20210501070948_608d28ecb0e74.npy,vlisbrasil,1536,Abanar
../dataset/raw_data/vlibrasil/1536_Abanar/20210623032101_60d37b8df3734.mp4,20210623032101_60d37b8df3734.npy,vlisbrasil,1536,Abanar
../dataset/raw_data/vlibrasil/1536_Abanar/20210929042550_6154bdbe88959.mp4,20210929042550_6154bdbe88959.npy,vlisbrasil,1536,Abanar
../dataset/raw_data/vlibrasil/1537_Alfinete/20210501071252_608d29a430ff3.mp4,20210501071252_608d29a430ff3.npy,vlisbrasil,1537,Alfinete
../dataset/raw_data/vlibrasil/1537_Alfinete/20210609072835_60c097d31af09.mp4,20210609072835_60c097d31af09.npy,vlisbrasil,1537,Alfinete
../dataset/raw_data/vlibrasil/1537_Alfinete/20210623032133_60d37bad53880.mp4,20210623032133_60d37bad53880.npy,vlisbrasil,1537,Alfinete
../dataset/raw_data/vlibrasil/1538_Através/20210501071409_608d29f16f17f.mp4,20210501071409_608d29f16f17f.npy,vlisbrasil,1538,Através
../dataset/raw_data/vlibrasil/1538_Através/20210623035416_60d383580ef0c.mp4,20210623035416_60d383580ef0c.npy,vlisbrasil,1538,Através
../dataset/raw_data/vlibrasil/1539_Fita_Cassete/20210501071917_608d2b25e7d08.mp4,20210501071917_608d2b25e7d08.npy,vlisbrasil,1539,Fita Cassete
../dataset/raw_data/vlibrasil/1539_Fita_Cassete/20210616023116_60ca35644ed6b.mp4,20210616023116_60ca35644ed6b.npy,vlisbrasil,1539,Fita Cassete
../dataset/raw_data/vlibrasil/1539_Fita_Cassete/20210623042243_60d38a03ee6ce.mp4,20210623042243_60d38a03ee6ce.npy,vlisbrasil,1539,Fita Cassete
../dataset/raw_data/vlibrasil/1540_Jogar/20210501073157_608d2e1da3e99.mp4,20210501073157_608d2e1da3e99.npy,vlisbrasil,1540,Jogar
../dataset/raw_data/vlibrasil/1540_Jogar/20210617091311_60cb3c57b689e.mp4,20210617091311_60cb3c57b689e.npy,vlisbrasil,1540,Jogar
../dataset/raw_data/vlibrasil/1540_Jogar/20210623043748_60d38d8cb56ee.mp4,20210623043748_60d38d8cb56ee.npy,vlisbrasil,1540,Jogar
../dataset/raw_data/vlibrasil/1542_Em_vez_de/20210501073949_608d2ff52f89e.mp4,20210501073949_608d2ff52f89e.npy,vlisbrasil,1542,Em vez de
../dataset/raw_data/vlibrasil/1542_Em_vez_de/20210531051838_60b5449e763cb.mp4,20210531051838_60b5449e763cb.npy,vlisbrasil,1542,Em vez de
../dataset/raw_data/vlibrasil/1542_Em_vez_de/20210623040938_60d386f28343e.mp4,20210623040938_60d386f28343e.npy,vlisbrasil,1542,Em vez de
../dataset/raw_data/vlibrasil/1543_Gravação_de_Fita_Casssete/20210501074240_608d30a04cf06.mp4,20210501074240_608d30a04cf06.npy,vlisbrasil,1543,Gravação de Fita Casssete
../dataset/raw_data/vlibrasil/1543_Gravação_de_Fita_Casssete/20210616030623_60ca3d9f99db3.mp4,20210616030623_60ca3d9f99db3.npy,vlisbrasil,1543,Gravação de Fita Casssete
../dataset/raw_data/vlibrasil/1543_Gravação_de_Fita_Casssete/20210623042635_60d38aebeb56d.mp4,20210623042635_60d38aebeb56d.npy,vlisbrasil,1543,Gravação de Fita Casssete
../dataset/raw_data/vlibrasil/1544_Interruptor/20210501074331_608d30d37d6f8.mp4,20210501074331_608d30d37d6f8.npy,vlisbrasil,1544,Interruptor
../dataset/raw_data/vlibrasil/1544_Interruptor/20210617090421_60cb3a4542de8.mp4,20210617090421_60cb3a4542de8.npy,vlisbrasil,1544,Interruptor
../dataset/raw_data/vlibrasil/1544_Interruptor/20210623043646_60d38d4e04665.mp4,20210623043646_60d38d4e04665.npy,vlisbrasil,1544,Interruptor
../dataset/raw_data/vlibrasil/1545_Livrarse_de/20210501074539_608d3153a9c02.mp4,20210501074539_608d3153a9c02.npy,vlisbrasil,1545,Livrar-se de
../dataset/raw_data/vlibrasil/1545_Livrarse_de/20210617051001_60cbac199fc71.mp4,20210617051001_60cbac199fc71.npy,vlisbrasil,1545,Livrar-se de
../dataset/raw_data/vlibrasil/1545_Livrarse_de/20210623051311_60d395d7787e5.mp4,20210623051311_60d395d7787e5.npy,vlisbrasil,1545,Livrar-se de
../dataset/raw_data/vlibrasil/1546_Para_sempre/20210501074711_608d31afc45b3.mp4,20210501074711_608d31afc45b3.npy,vlisbrasil,1546,Para sempre
../dataset/raw_data/vlibrasil/1546_Para_sempre/20210619024146_60ce2c5a17896.mp4,20210619024146_60ce2c5a17896.npy,vlisbrasil,1546,Para sempre
../dataset/raw_data/vlibrasil/1546_Para_sempre/20210623095347_60d3d79b0131c.mp4,20210623095347_60d3d79b0131c.npy,vlisbrasil,1546,Para sempre
../dataset/raw_data/vlibrasil/1547_Período_de_tempo/20210501074754_608d31dac9914.mp4,20210501074754_608d31dac9914.npy,vlisbrasil,1547,Período de tempo
../dataset/raw_data/vlibrasil/1547_Período_de_tempo/20210619024932_60ce2e2cbe092.mp4,20210619024932_60ce2e2cbe092.npy,vlisbrasil,1547,Período de tempo
../dataset/raw_data/vlibrasil/1547_Período_de_tempo/20210623095505_60d3d7e9d3209.mp4,20210623095505_60d3d7e9d3209.npy,vlisbrasil,1547,Período de tempo
../dataset/raw_data/vlibrasil/1548_Portanto/20210501074851_608d3213d92cc.mp4,20210501074851_608d3213d92cc.npy,vlisbrasil,1548,Portanto
../dataset/raw_data/vlibrasil/1548_Portanto/20210605032854_60bbc2662482b.mp4,20210605032854_60bbc2662482b.npy,vlisbrasil,1548,Portanto
../dataset/raw_data/vlibrasil/1548_Portanto/20210623095730_60d3d87a88b68.mp4,20210623095730_60d3d87a88b68.npy,vlisbrasil,1548,Portanto
../dataset/raw_data/vlibrasil/1549_Que/20210501074930_608d323a70c59.mp4,20210501074930_608d323a70c59.npy,vlisbrasil,1549,Que
../dataset/raw_data/vlibrasil/1549_Que/20210605035242_60bbc7fae67e0.mp4,20210605035242_60bbc7fae67e0.npy,vlisbrasil,1549,Que
../dataset/raw_data/vlibrasil/1549_Que/20210623095911_60d3d8df8b376.mp4,20210623095911_60d3d8df8b376.npy,vlisbrasil,1549,Que
../dataset/raw_data/vlibrasil/1550_Tentado/20210501075506_608d338a6feb1.mp4,20210501075506_608d338a6feb1.npy,vlisbrasil,1550,Tentado
../dataset/raw_data/vlibrasil/1550_Tentado/20210621044144_60d0eb78818d9.mp4,20210621044144_60d0eb78818d9.npy,vlisbrasil,1550,Tentado
../dataset/raw_data/vlibrasil/1550_Tentado/20210623100520_60d3da50705ac.mp4,20210623100520_60d3da50705ac.npy,vlisbrasil,1550,Tentado
