landmark_path,file_id,participant,phrase
IMG-250627-00001.npy,IMG-250627-00001,univali_dataset,A
IMG-250627-00002.npy,IMG-250627-00002,univali_dataset,A
IMG-250627-00003.npy,IMG-250627-00003,univali_dataset,A
IMG-250627-00004.npy,IMG-250627-00004,univali_dataset,A
IMG-250627-00005.npy,IMG-250627-00005,univali_dataset,A
IMG-250627-00006.npy,IMG-250627-00006,univali_dataset,A
IMG-250627-00007.npy,IMG-250627-00007,univali_dataset,A
IMG-250627-00008.npy,IMG-250627-00008,univali_dataset,A
IMG-250627-00009.npy,IMG-250627-00009,univali_dataset,A
IMG-250627-00010.npy,IMG-250627-00010,univali_dataset,A
IMG-250627-00011.npy,IMG-250627-00011,univali_dataset,A
IMG-250627-00012.npy,IMG-250627-00012,univali_dataset,A
IMG-250627-00013.npy,IMG-250627-00013,univali_dataset,A
IMG-250627-00014.npy,IMG-250627-00014,univali_dataset,A
IMG-250627-00015.npy,IMG-250627-00015,univali_dataset,A
IMG-250627-00016.npy,IMG-250627-00016,univali_dataset,A
IMG-250627-00017.npy,IMG-250627-00017,univali_dataset,A
IMG-250627-00018.npy,IMG-250627-00018,univali_dataset,A
IMG-250627-00019.npy,IMG-250627-00019,univali_dataset,A
IMG-250627-00020.npy,IMG-250627-00020,univali_dataset,A
IMG-250627-00021.npy,IMG-250627-00021,univali_dataset,A
IMG-250627-00022.npy,IMG-250627-00022,univali_dataset,A
IMG-250627-00023.npy,IMG-250627-00023,univali_dataset,A
IMG-250627-00024.npy,IMG-250627-00024,univali_dataset,A
IMG-250627-00025.npy,IMG-250627-00025,univali_dataset,A
IMG-250627-00026.npy,IMG-250627-00026,univali_dataset,A
IMG-250627-00027.npy,IMG-250627-00027,univali_dataset,A
IMG-250627-00028.npy,IMG-250627-00028,univali_dataset,A
IMG-250627-00029.npy,IMG-250627-00029,univali_dataset,A
IMG-250627-00030.npy,IMG-250627-00030,univali_dataset,A
IMG-250627-00031.npy,IMG-250627-00031,univali_dataset,A
IMG-250627-00032.npy,IMG-250627-00032,univali_dataset,A
IMG-250627-00033.npy,IMG-250627-00033,univali_dataset,A
IMG-250627-00034.npy,IMG-250627-00034,univali_dataset,A
IMG-250627-00035.npy,IMG-250627-00035,univali_dataset,A
IMG-250627-00036.npy,IMG-250627-00036,univali_dataset,A
IMG-250627-00037.npy,IMG-250627-00037,univali_dataset,A
IMG-250627-00038.npy,IMG-250627-00038,univali_dataset,A
IMG-250627-00039.npy,IMG-250627-00039,univali_dataset,A
IMG-250627-00040.npy,IMG-250627-00040,univali_dataset,A
IMG-250627-00041.npy,IMG-250627-00041,univali_dataset,A
IMG-250627-00042.npy,IMG-250627-00042,univali_dataset,A
IMG-250627-00043.npy,IMG-250627-00043,univali_dataset,A
IMG-250627-00044.npy,IMG-250627-00044,univali_dataset,A
IMG-250627-00045.npy,IMG-250627-00045,univali_dataset,A
IMG-250627-00046.npy,IMG-250627-00046,univali_dataset,A
IMG-250627-00047.npy,IMG-250627-00047,univali_dataset,A
IMG-250627-00048.npy,IMG-250627-00048,univali_dataset,A
IMG-250627-00001.npy,IMG-250627-00001,univali_dataset,A
IMG-250627-00002.npy,IMG-250627-00002,univali_dataset,A
IMG-250627-00003.npy,IMG-250627-00003,univali_dataset,A
IMG-250627-00004.npy,IMG-250627-00004,univali_dataset,A
IMG-250627-00005.npy,IMG-250627-00005,univali_dataset,A
IMG-250627-00006.npy,IMG-250627-00006,univali_dataset,A
IMG-250627-00007.npy,IMG-250627-00007,univali_dataset,A
IMG-250627-00008.npy,IMG-250627-00008,univali_dataset,A
IMG-250627-00009.npy,IMG-250627-00009,univali_dataset,A
IMG-250627-00010.npy,IMG-250627-00010,univali_dataset,A
IMG-250627-00011.npy,IMG-250627-00011,univali_dataset,A
IMG-250627-00012.npy,IMG-250627-00012,univali_dataset,A
IMG-250627-00013.npy,IMG-250627-00013,univali_dataset,A
IMG-250627-00014.npy,IMG-250627-00014,univali_dataset,A
IMG-250627-00015.npy,IMG-250627-00015,univali_dataset,A
IMG-250627-00016.npy,IMG-250627-00016,univali_dataset,A
IMG-250627-00017.npy,IMG-250627-00017,univali_dataset,A
IMG-250627-00018.npy,IMG-250627-00018,univali_dataset,A
IMG-250627-00019.npy,IMG-250627-00019,univali_dataset,A
IMG-250627-00020.npy,IMG-250627-00020,univali_dataset,A
IMG-250627-00021.npy,IMG-250627-00021,univali_dataset,A
IMG-250627-00022.npy,IMG-250627-00022,univali_dataset,A
IMG-250627-00023.npy,IMG-250627-00023,univali_dataset,A
IMG-250627-00024.npy,IMG-250627-00024,univali_dataset,A
IMG-250627-00025.npy,IMG-250627-00025,univali_dataset,A
IMG-250627-00026.npy,IMG-250627-00026,univali_dataset,A
IMG-250627-00027.npy,IMG-250627-00027,univali_dataset,A
IMG-250627-00028.npy,IMG-250627-00028,univali_dataset,A
IMG-250627-00029.npy,IMG-250627-00029,univali_dataset,A
IMG-250627-00030.npy,IMG-250627-00030,univali_dataset,A
IMG-250627-00031.npy,IMG-250627-00031,univali_dataset,A
IMG-250627-00032.npy,IMG-250627-00032,univali_dataset,A
IMG-250627-00033.npy,IMG-250627-00033,univali_dataset,A
IMG-250627-00034.npy,IMG-250627-00034,univali_dataset,A
IMG-250627-00035.npy,IMG-250627-00035,univali_dataset,A
IMG-250627-00036.npy,IMG-250627-00036,univali_dataset,A
IMG-250627-00037.npy,IMG-250627-00037,univali_dataset,A
IMG-250627-00038.npy,IMG-250627-00038,univali_dataset,A
IMG-250627-00039.npy,IMG-250627-00039,univali_dataset,A
IMG-250627-00040.npy,IMG-250627-00040,univali_dataset,A
IMG-250627-00041.npy,IMG-250627-00041,univali_dataset,A
IMG-250627-00042.npy,IMG-250627-00042,univali_dataset,A
IMG-250627-00043.npy,IMG-250627-00043,univali_dataset,A
IMG-250627-00044.npy,IMG-250627-00044,univali_dataset,A
IMG-250627-00045.npy,IMG-250627-00045,univali_dataset,A
IMG-250627-00046.npy,IMG-250627-00046,univali_dataset,A
IMG-250627-00047.npy,IMG-250627-00047,univali_dataset,A
IMG-250627-00048.npy,IMG-250627-00048,univali_dataset,A
IMG-250627-00049.npy,IMG-250627-00049,univali_dataset,A
IMG-250627-00050.npy,IMG-250627-00050,univali_dataset,A
IMG-250627-00051.npy,IMG-250627-00051,univali_dataset,A
IMG-250627-00052.npy,IMG-250627-00052,univali_dataset,A
IMG-250627-00053.npy,IMG-250627-00053,univali_dataset,A
IMG-250627-00054.npy,IMG-250627-00054,univali_dataset,A
IMG-250627-00055.npy,IMG-250627-00055,univali_dataset,A
IMG-250627-00056.npy,IMG-250627-00056,univali_dataset,A
IMG-250627-00057.npy,IMG-250627-00057,univali_dataset,A
IMG-250627-00058.npy,IMG-250627-00058,univali_dataset,A
IMG-250627-00059.npy,IMG-250627-00059,univali_dataset,A
IMG-250627-00060.npy,IMG-250627-00060,univali_dataset,A
IMG-250627-00061.npy,IMG-250627-00061,univali_dataset,A
IMG-250627-00062.npy,IMG-250627-00062,univali_dataset,A
IMG-250627-00063.npy,IMG-250627-00063,univali_dataset,A
IMG-250627-00064.npy,IMG-250627-00064,univali_dataset,A
IMG-250627-00065.npy,IMG-250627-00065,univali_dataset,A
IMG-250627-00066.npy,IMG-250627-00066,univali_dataset,A
IMG-250627-00067.npy,IMG-250627-00067,univali_dataset,A
IMG-250627-00068.npy,IMG-250627-00068,univali_dataset,A
IMG-250627-00069.npy,IMG-250627-00069,univali_dataset,A
IMG-250627-00070.npy,IMG-250627-00070,univali_dataset,A
IMG-250627-00071.npy,IMG-250627-00071,univali_dataset,A
IMG-250627-00072.npy,IMG-250627-00072,univali_dataset,A
IMG-250627-00073.npy,IMG-250627-00073,univali_dataset,A
IMG-250627-00074.npy,IMG-250627-00074,univali_dataset,A
IMG-250627-00075.npy,IMG-250627-00075,univali_dataset,A
IMG-250627-00076.npy,IMG-250627-00076,univali_dataset,A
IMG-250627-00077.npy,IMG-250627-00077,univali_dataset,A
IMG-250627-00078.npy,IMG-250627-00078,univali_dataset,A
IMG-250627-00079.npy,IMG-250627-00079,univali_dataset,A
IMG-250627-00080.npy,IMG-250627-00080,univali_dataset,A
IMG-250627-00081.npy,IMG-250627-00081,univali_dataset,A
IMG-250627-00082.npy,IMG-250627-00082,univali_dataset,A
IMG-250627-00083.npy,IMG-250627-00083,univali_dataset,A
IMG-250627-00084.npy,IMG-250627-00084,univali_dataset,A
IMG-250627-00085.npy,IMG-250627-00085,univali_dataset,A
IMG-250627-00086.npy,IMG-250627-00086,univali_dataset,A
IMG-250627-00087.npy,IMG-250627-00087,univali_dataset,A
IMG-250627-00088.npy,IMG-250627-00088,univali_dataset,A
IMG-250627-00089.npy,IMG-250627-00089,univali_dataset,A
IMG-250627-00090.npy,IMG-250627-00090,univali_dataset,A
IMG-250627-00091.npy,IMG-250627-00091,univali_dataset,A
IMG-250627-00092.npy,IMG-250627-00092,univali_dataset,A
IMG-250627-00093.npy,IMG-250627-00093,univali_dataset,A
IMG-250627-00094.npy,IMG-250627-00094,univali_dataset,A
IMG-250627-00095.npy,IMG-250627-00095,univali_dataset,A
IMG-250627-00096.npy,IMG-250627-00096,univali_dataset,A
IMG-250627-00097.npy,IMG-250627-00097,univali_dataset,A
IMG-250627-00098.npy,IMG-250627-00098,univali_dataset,A
IMG-250627-00099.npy,IMG-250627-00099,univali_dataset,A
IMG-250627-00100.npy,IMG-250627-00100,univali_dataset,A
IMG-250627-00101.npy,IMG-250627-00101,univali_dataset,A
IMG-250627-00102.npy,IMG-250627-00102,univali_dataset,A
IMG-250627-00103.npy,IMG-250627-00103,univali_dataset,A
IMG-250627-00104.npy,IMG-250627-00104,univali_dataset,A
IMG-250627-00105.npy,IMG-250627-00105,univali_dataset,A
IMG-250627-00106.npy,IMG-250627-00106,univali_dataset,A
IMG-250627-00107.npy,IMG-250627-00107,univali_dataset,A
IMG-250627-00108.npy,IMG-250627-00108,univali_dataset,A
IMG-250627-00109.npy,IMG-250627-00109,univali_dataset,A
IMG-250627-00110.npy,IMG-250627-00110,univali_dataset,A
IMG-250627-00111.npy,IMG-250627-00111,univali_dataset,A
IMG-250627-00112.npy,IMG-250627-00112,univali_dataset,A
IMG-250627-00113.npy,IMG-250627-00113,univali_dataset,A
IMG-250627-00114.npy,IMG-250627-00114,univali_dataset,A
IMG-250627-00115.npy,IMG-250627-00115,univali_dataset,A
IMG-250627-00116.npy,IMG-250627-00116,univali_dataset,A
IMG-250627-00117.npy,IMG-250627-00117,univali_dataset,A
IMG-250627-00118.npy,IMG-250627-00118,univali_dataset,A
IMG-250627-00119.npy,IMG-250627-00119,univali_dataset,A
IMG-250627-00120.npy,IMG-250627-00120,univali_dataset,A
IMG-250627-00121.npy,IMG-250627-00121,univali_dataset,A
IMG-250627-00122.npy,IMG-250627-00122,univali_dataset,A
IMG-250627-00123.npy,IMG-250627-00123,univali_dataset,A
IMG-250627-00124.npy,IMG-250627-00124,univali_dataset,A
IMG-250627-00125.npy,IMG-250627-00125,univali_dataset,A
IMG-250627-00126.npy,IMG-250627-00126,univali_dataset,A
IMG-250627-00127.npy,IMG-250627-00127,univali_dataset,A
IMG-250627-00128.npy,IMG-250627-00128,univali_dataset,A
IMG-250627-00129.npy,IMG-250627-00129,univali_dataset,A
IMG-250627-00130.npy,IMG-250627-00130,univali_dataset,A
IMG-250627-00131.npy,IMG-250627-00131,univali_dataset,A
IMG-250627-00132.npy,IMG-250627-00132,univali_dataset,A
IMG-250627-00133.npy,IMG-250627-00133,univali_dataset,A
IMG-250627-00134.npy,IMG-250627-00134,univali_dataset,A
IMG-250627-00135.npy,IMG-250627-00135,univali_dataset,A
IMG-250627-00136.npy,IMG-250627-00136,univali_dataset,A
IMG-250627-00137.npy,IMG-250627-00137,univali_dataset,A
IMG-250627-00138.npy,IMG-250627-00138,univali_dataset,A
IMG-250627-00139.npy,IMG-250627-00139,univali_dataset,A
IMG-250627-00140.npy,IMG-250627-00140,univali_dataset,A
IMG-250627-00141.npy,IMG-250627-00141,univali_dataset,A
IMG-250627-00142.npy,IMG-250627-00142,univali_dataset,A
IMG-250627-00143.npy,IMG-250627-00143,univali_dataset,A
IMG-250627-00144.npy,IMG-250627-00144,univali_dataset,A
IMG-250627-00145.npy,IMG-250627-00145,univali_dataset,A
IMG-250627-00146.npy,IMG-250627-00146,univali_dataset,A
IMG-250627-00147.npy,IMG-250627-00147,univali_dataset,A
IMG-250627-00148.npy,IMG-250627-00148,univali_dataset,A
IMG-250627-00149.npy,IMG-250627-00149,univali_dataset,A
IMG-250627-00150.npy,IMG-250627-00150,univali_dataset,A
IMG-250627-00151.npy,IMG-250627-00151,univali_dataset,A
IMG-250627-00152.npy,IMG-250627-00152,univali_dataset,A
IMG-250627-00153.npy,IMG-250627-00153,univali_dataset,A
IMG-250627-00154.npy,IMG-250627-00154,univali_dataset,A
IMG-250627-00155.npy,IMG-250627-00155,univali_dataset,A
IMG-250627-00156.npy,IMG-250627-00156,univali_dataset,A
IMG-250627-00157.npy,IMG-250627-00157,univali_dataset,A
IMG-250627-00158.npy,IMG-250627-00158,univali_dataset,A
IMG-250627-00159.npy,IMG-250627-00159,univali_dataset,A
IMG-250627-00160.npy,IMG-250627-00160,univali_dataset,A
IMG-250627-00161.npy,IMG-250627-00161,univali_dataset,A
IMG-250627-00162.npy,IMG-250627-00162,univali_dataset,A
IMG-250627-00163.npy,IMG-250627-00163,univali_dataset,A
IMG-250627-00164.npy,IMG-250627-00164,univali_dataset,A
IMG-250627-00165.npy,IMG-250627-00165,univali_dataset,A
IMG-250627-00166.npy,IMG-250627-00166,univali_dataset,A
IMG-250627-00167.npy,IMG-250627-00167,univali_dataset,A
IMG-250627-00168.npy,IMG-250627-00168,univali_dataset,A
IMG-250627-00169.npy,IMG-250627-00169,univali_dataset,A
IMG-250627-00170.npy,IMG-250627-00170,univali_dataset,A
IMG-250627-00171.npy,IMG-250627-00171,univali_dataset,A
IMG-250627-00172.npy,IMG-250627-00172,univali_dataset,A
IMG-250627-00173.npy,IMG-250627-00173,univali_dataset,A
IMG-250627-00174.npy,IMG-250627-00174,univali_dataset,A
IMG-250627-00175.npy,IMG-250627-00175,univali_dataset,A
IMG-250627-00176.npy,IMG-250627-00176,univali_dataset,A
IMG-250627-00177.npy,IMG-250627-00177,univali_dataset,A
IMG-250627-00178.npy,IMG-250627-00178,univali_dataset,A
IMG-250627-00179.npy,IMG-250627-00179,univali_dataset,A
IMG-250627-00180.npy,IMG-250627-00180,univali_dataset,A
IMG-250627-00181.npy,IMG-250627-00181,univali_dataset,A
IMG-250627-00182.npy,IMG-250627-00182,univali_dataset,A
IMG-250627-00183.npy,IMG-250627-00183,univali_dataset,A
IMG-250627-00184.npy,IMG-250627-00184,univali_dataset,A
IMG-250627-00185.npy,IMG-250627-00185,univali_dataset,A
IMG-250627-00186.npy,IMG-250627-00186,univali_dataset,A
IMG-250627-00187.npy,IMG-250627-00187,univali_dataset,A
IMG-250627-00188.npy,IMG-250627-00188,univali_dataset,A
IMG-250627-00189.npy,IMG-250627-00189,univali_dataset,A
IMG-250627-00190.npy,IMG-250627-00190,univali_dataset,A
IMG-250627-00191.npy,IMG-250627-00191,univali_dataset,A
IMG-250627-00192.npy,IMG-250627-00192,univali_dataset,A
IMG-250627-00193.npy,IMG-250627-00193,univali_dataset,A
IMG-250627-00194.npy,IMG-250627-00194,univali_dataset,A
IMG-250627-00195.npy,IMG-250627-00195,univali_dataset,A
IMG-250627-00196.npy,IMG-250627-00196,univali_dataset,A
IMG-250627-00197.npy,IMG-250627-00197,univali_dataset,A
IMG-250627-00198.npy,IMG-250627-00198,univali_dataset,A
IMG-250627-00199.npy,IMG-250627-00199,univali_dataset,A
IMG-250627-00200.npy,IMG-250627-00200,univali_dataset,A
IMG-250627-00201.npy,IMG-250627-00201,univali_dataset,A
IMG-250627-00202.npy,IMG-250627-00202,univali_dataset,A
IMG-250627-00203.npy,IMG-250627-00203,univali_dataset,A
IMG-250627-00204.npy,IMG-250627-00204,univali_dataset,A
IMG-250627-00205.npy,IMG-250627-00205,univali_dataset,A
IMG-250627-00206.npy,IMG-250627-00206,univali_dataset,A
IMG-250627-00207.npy,IMG-250627-00207,univali_dataset,A
IMG-250627-00208.npy,IMG-250627-00208,univali_dataset,A
IMG-250627-00209.npy,IMG-250627-00209,univali_dataset,A
IMG-250627-00210.npy,IMG-250627-00210,univali_dataset,A
IMG-250627-00211.npy,IMG-250627-00211,univali_dataset,A
IMG-250627-00212.npy,IMG-250627-00212,univali_dataset,A
IMG-250627-00213.npy,IMG-250627-00213,univali_dataset,A
IMG-250627-00214.npy,IMG-250627-00214,univali_dataset,A
IMG-250627-00215.npy,IMG-250627-00215,univali_dataset,A
IMG-250627-00216.npy,IMG-250627-00216,univali_dataset,A
IMG-250627-00217.npy,IMG-250627-00217,univali_dataset,A
IMG-250627-00218.npy,IMG-250627-00218,univali_dataset,A
IMG-250627-00219.npy,IMG-250627-00219,univali_dataset,A
IMG-250627-00220.npy,IMG-250627-00220,univali_dataset,A
IMG-250627-00221.npy,IMG-250627-00221,univali_dataset,A
IMG-250627-00222.npy,IMG-250627-00222,univali_dataset,A
IMG-250627-00223.npy,IMG-250627-00223,univali_dataset,A
IMG-250627-00224.npy,IMG-250627-00224,univali_dataset,A
IMG-250627-00225.npy,IMG-250627-00225,univali_dataset,A
IMG-250627-00226.npy,IMG-250627-00226,univali_dataset,A
IMG-250627-00227.npy,IMG-250627-00227,univali_dataset,A
IMG-250627-00228.npy,IMG-250627-00228,univali_dataset,A
IMG-250627-00229.npy,IMG-250627-00229,univali_dataset,A
IMG-250627-00230.npy,IMG-250627-00230,univali_dataset,A
IMG-250627-00231.npy,IMG-250627-00231,univali_dataset,A
IMG-250627-00232.npy,IMG-250627-00232,univali_dataset,A
IMG-250627-00233.npy,IMG-250627-00233,univali_dataset,A
IMG-250627-00234.npy,IMG-250627-00234,univali_dataset,A
IMG-250627-00235.npy,IMG-250627-00235,univali_dataset,A
IMG-250627-00236.npy,IMG-250627-00236,univali_dataset,A
IMG-250627-00237.npy,IMG-250627-00237,univali_dataset,A
IMG-250627-00238.npy,IMG-250627-00238,univali_dataset,A
IMG-250627-00239.npy,IMG-250627-00239,univali_dataset,A
IMG-250627-00240.npy,IMG-250627-00240,univali_dataset,A
IMG-250627-00241.npy,IMG-250627-00241,univali_dataset,A
IMG-250627-00242.npy,IMG-250627-00242,univali_dataset,A
IMG-250627-00243.npy,IMG-250627-00243,univali_dataset,A
IMG-250627-00244.npy,IMG-250627-00244,univali_dataset,A
IMG-250627-00245.npy,IMG-250627-00245,univali_dataset,A
IMG-250627-00246.npy,IMG-250627-00246,univali_dataset,A
IMG-250627-00247.npy,IMG-250627-00247,univali_dataset,A
IMG-250627-00248.npy,IMG-250627-00248,univali_dataset,A
IMG-250627-00249.npy,IMG-250627-00249,univali_dataset,A
IMG-250627-00250.npy,IMG-250627-00250,univali_dataset,A
IMG-250627-00251.npy,IMG-250627-00251,univali_dataset,A
IMG-250627-00252.npy,IMG-250627-00252,univali_dataset,A
IMG-250627-00253.npy,IMG-250627-00253,univali_dataset,A
IMG-250627-00254.npy,IMG-250627-00254,univali_dataset,A
IMG-250627-00255.npy,IMG-250627-00255,univali_dataset,A
IMG-250627-00256.npy,IMG-250627-00256,univali_dataset,A
IMG-250627-00257.npy,IMG-250627-00257,univali_dataset,A
IMG-250627-00258.npy,IMG-250627-00258,univali_dataset,A
IMG-250627-00259.npy,IMG-250627-00259,univali_dataset,A
IMG-250627-00260.npy,IMG-250627-00260,univali_dataset,A
IMG-250627-00261.npy,IMG-250627-00261,univali_dataset,A
IMG-250627-00262.npy,IMG-250627-00262,univali_dataset,A
IMG-250627-00263.npy,IMG-250627-00263,univali_dataset,A
IMG-250627-00264.npy,IMG-250627-00264,univali_dataset,A
IMG-250627-00265.npy,IMG-250627-00265,univali_dataset,A
IMG-250627-00266.npy,IMG-250627-00266,univali_dataset,A
IMG-250627-00267.npy,IMG-250627-00267,univali_dataset,A
IMG-250627-00268.npy,IMG-250627-00268,univali_dataset,A
IMG-250627-00269.npy,IMG-250627-00269,univali_dataset,A
IMG-250627-00270.npy,IMG-250627-00270,univali_dataset,A
IMG-250627-00271.npy,IMG-250627-00271,univali_dataset,A
IMG-250627-00272.npy,IMG-250627-00272,univali_dataset,A
IMG-250627-00273.npy,IMG-250627-00273,univali_dataset,A
IMG-250627-00274.npy,IMG-250627-00274,univali_dataset,A
IMG-250627-00275.npy,IMG-250627-00275,univali_dataset,A
IMG-250627-00276.npy,IMG-250627-00276,univali_dataset,A
IMG-250627-00277.npy,IMG-250627-00277,univali_dataset,A
IMG-250627-00278.npy,IMG-250627-00278,univali_dataset,A
IMG-250627-00279.npy,IMG-250627-00279,univali_dataset,A
IMG-250627-00280.npy,IMG-250627-00280,univali_dataset,A
IMG-250627-00281.npy,IMG-250627-00281,univali_dataset,A
IMG-250627-00282.npy,IMG-250627-00282,univali_dataset,A
IMG-250627-00283.npy,IMG-250627-00283,univali_dataset,A
IMG-250627-00284.npy,IMG-250627-00284,univali_dataset,A
IMG-250627-00285.npy,IMG-250627-00285,univali_dataset,A
IMG-250627-00286.npy,IMG-250627-00286,univali_dataset,A
IMG-250627-00287.npy,IMG-250627-00287,univali_dataset,A
IMG-250627-00288.npy,IMG-250627-00288,univali_dataset,A
IMG-250627-00289.npy,IMG-250627-00289,univali_dataset,A
IMG-250627-00290.npy,IMG-250627-00290,univali_dataset,A
IMG-250627-00291.npy,IMG-250627-00291,univali_dataset,A
IMG-250627-00292.npy,IMG-250627-00292,univali_dataset,A
IMG-250627-00293.npy,IMG-250627-00293,univali_dataset,A
IMG-250627-00294.npy,IMG-250627-00294,univali_dataset,A
IMG-250627-00295.npy,IMG-250627-00295,univali_dataset,A
IMG-250627-00296.npy,IMG-250627-00296,univali_dataset,A
IMG-250627-00297.npy,IMG-250627-00297,univali_dataset,A
IMG-250627-00298.npy,IMG-250627-00298,univali_dataset,A
IMG-250627-00299.npy,IMG-250627-00299,univali_dataset,A
IMG-250627-00300.npy,IMG-250627-00300,univali_dataset,A
IMG-250627-00301.npy,IMG-250627-00301,univali_dataset,A
IMG-250627-00302.npy,IMG-250627-00302,univali_dataset,A
IMG-250627-00303.npy,IMG-250627-00303,univali_dataset,A
IMG-250627-00304.npy,IMG-250627-00304,univali_dataset,A
IMG-250627-00305.npy,IMG-250627-00305,univali_dataset,A
IMG-250627-00306.npy,IMG-250627-00306,univali_dataset,A
IMG-250627-00307.npy,IMG-250627-00307,univali_dataset,A
IMG-250627-00308.npy,IMG-250627-00308,univali_dataset,A
IMG-250627-00309.npy,IMG-250627-00309,univali_dataset,A
IMG-250627-00310.npy,IMG-250627-00310,univali_dataset,A
IMG-250627-00311.npy,IMG-250627-00311,univali_dataset,A
IMG-250627-00312.npy,IMG-250627-00312,univali_dataset,A
IMG-250627-00313.npy,IMG-250627-00313,univali_dataset,A
IMG-250627-00314.npy,IMG-250627-00314,univali_dataset,A
IMG-250627-00315.npy,IMG-250627-00315,univali_dataset,A
IMG-250627-00316.npy,IMG-250627-00316,univali_dataset,A
IMG-250627-00317.npy,IMG-250627-00317,univali_dataset,A
IMG-250627-00318.npy,IMG-250627-00318,univali_dataset,A
IMG-250627-00319.npy,IMG-250627-00319,univali_dataset,A
IMG-250627-00320.npy,IMG-250627-00320,univali_dataset,A
IMG-250627-00321.npy,IMG-250627-00321,univali_dataset,A
IMG-250627-00322.npy,IMG-250627-00322,univali_dataset,A
IMG-250627-00323.npy,IMG-250627-00323,univali_dataset,A
IMG-250627-00324.npy,IMG-250627-00324,univali_dataset,A
IMG-250627-00325.npy,IMG-250627-00325,univali_dataset,A
IMG-250627-00326.npy,IMG-250627-00326,univali_dataset,A
IMG-250627-00327.npy,IMG-250627-00327,univali_dataset,A
IMG-250627-00328.npy,IMG-250627-00328,univali_dataset,A
IMG-250627-00329.npy,IMG-250627-00329,univali_dataset,A
IMG-250627-00330.npy,IMG-250627-00330,univali_dataset,A
IMG-250627-00331.npy,IMG-250627-00331,univali_dataset,A
IMG-250627-00332.npy,IMG-250627-00332,univali_dataset,A
IMG-250627-00333.npy,IMG-250627-00333,univali_dataset,A
IMG-250627-00334.npy,IMG-250627-00334,univali_dataset,A
IMG-250627-00335.npy,IMG-250627-00335,univali_dataset,A
IMG-250627-00336.npy,IMG-250627-00336,univali_dataset,A
IMG-250627-00337.npy,IMG-250627-00337,univali_dataset,A
IMG-250627-00338.npy,IMG-250627-00338,univali_dataset,A
IMG-250627-00339.npy,IMG-250627-00339,univali_dataset,A
IMG-250627-00340.npy,IMG-250627-00340,univali_dataset,A
IMG-250627-00341.npy,IMG-250627-00341,univali_dataset,A
IMG-250627-00342.npy,IMG-250627-00342,univali_dataset,A
IMG-250627-00343.npy,IMG-250627-00343,univali_dataset,A
IMG-250627-00344.npy,IMG-250627-00344,univali_dataset,A
IMG-250627-00345.npy,IMG-250627-00345,univali_dataset,A
IMG-250627-00346.npy,IMG-250627-00346,univali_dataset,A
IMG-250627-00347.npy,IMG-250627-00347,univali_dataset,A
IMG-250627-00348.npy,IMG-250627-00348,univali_dataset,A
IMG-250627-00349.npy,IMG-250627-00349,univali_dataset,A
IMG-250627-00350.npy,IMG-250627-00350,univali_dataset,A
IMG-250627-00351.npy,IMG-250627-00351,univali_dataset,A
IMG-250627-00352.npy,IMG-250627-00352,univali_dataset,A
IMG-250627-00353.npy,IMG-250627-00353,univali_dataset,A
IMG-250627-00354.npy,IMG-250627-00354,univali_dataset,A
IMG-250627-00355.npy,IMG-250627-00355,univali_dataset,A
IMG-250627-00356.npy,IMG-250627-00356,univali_dataset,A
IMG-250627-00357.npy,IMG-250627-00357,univali_dataset,A
IMG-250627-00358.npy,IMG-250627-00358,univali_dataset,A
IMG-250627-00359.npy,IMG-250627-00359,univali_dataset,A
IMG-250627-00360.npy,IMG-250627-00360,univali_dataset,A
IMG-250627-00361.npy,IMG-250627-00361,univali_dataset,A
IMG-250627-00362.npy,IMG-250627-00362,univali_dataset,A
IMG-250627-00363.npy,IMG-250627-00363,univali_dataset,A
IMG-250627-00364.npy,IMG-250627-00364,univali_dataset,A
IMG-250627-00365.npy,IMG-250627-00365,univali_dataset,A
IMG-250627-00366.npy,IMG-250627-00366,univali_dataset,A
IMG-250627-00367.npy,IMG-250627-00367,univali_dataset,A
IMG-250627-00368.npy,IMG-250627-00368,univali_dataset,A
IMG-250627-00369.npy,IMG-250627-00369,univali_dataset,A
IMG-250627-00370.npy,IMG-250627-00370,univali_dataset,A
IMG-250627-00371.npy,IMG-250627-00371,univali_dataset,A
IMG-250627-00372.npy,IMG-250627-00372,univali_dataset,A
IMG-250627-00373.npy,IMG-250627-00373,univali_dataset,A
IMG-250627-00374.npy,IMG-250627-00374,univali_dataset,A
IMG-250627-00375.npy,IMG-250627-00375,univali_dataset,A
IMG-250627-00376.npy,IMG-250627-00376,univali_dataset,A
IMG-250627-00377.npy,IMG-250627-00377,univali_dataset,A
IMG-250627-00378.npy,IMG-250627-00378,univali_dataset,A
IMG-250627-00379.npy,IMG-250627-00379,univali_dataset,A
IMG-250627-00380.npy,IMG-250627-00380,univali_dataset,A
IMG-250627-00381.npy,IMG-250627-00381,univali_dataset,A
IMG-250627-00382.npy,IMG-250627-00382,univali_dataset,A
IMG-250627-00383.npy,IMG-250627-00383,univali_dataset,A
IMG-250627-00384.npy,IMG-250627-00384,univali_dataset,A
IMG-250627-00385.npy,IMG-250627-00385,univali_dataset,A
IMG-250627-00386.npy,IMG-250627-00386,univali_dataset,A
IMG-250627-00387.npy,IMG-250627-00387,univali_dataset,A
IMG-250627-00388.npy,IMG-250627-00388,univali_dataset,A
IMG-250627-00389.npy,IMG-250627-00389,univali_dataset,A
IMG-250627-00390.npy,IMG-250627-00390,univali_dataset,A
IMG-250627-00391.npy,IMG-250627-00391,univali_dataset,A
IMG-250627-00392.npy,IMG-250627-00392,univali_dataset,A
IMG-250627-00393.npy,IMG-250627-00393,univali_dataset,A
IMG-250627-00394.npy,IMG-250627-00394,univali_dataset,A
IMG-250627-00395.npy,IMG-250627-00395,univali_dataset,A
IMG-250627-00396.npy,IMG-250627-00396,univali_dataset,A
IMG-250627-00397.npy,IMG-250627-00397,univali_dataset,A
IMG-250627-00398.npy,IMG-250627-00398,univali_dataset,A
IMG-250627-00399.npy,IMG-250627-00399,univali_dataset,A
IMG-250627-00400.npy,IMG-250627-00400,univali_dataset,A
IMG-250627-00401.npy,IMG-250627-00401,univali_dataset,A
IMG-250627-00402.npy,IMG-250627-00402,univali_dataset,A
IMG-250627-00403.npy,IMG-250627-00403,univali_dataset,A
IMG-250627-00404.npy,IMG-250627-00404,univali_dataset,A
IMG-250627-00405.npy,IMG-250627-00405,univali_dataset,A
IMG-250627-00406.npy,IMG-250627-00406,univali_dataset,A
IMG-250627-00407.npy,IMG-250627-00407,univali_dataset,A
IMG-250627-00408.npy,IMG-250627-00408,univali_dataset,A
IMG-250627-00409.npy,IMG-250627-00409,univali_dataset,A
IMG-250627-00410.npy,IMG-250627-00410,univali_dataset,A
IMG-250627-00411.npy,IMG-250627-00411,univali_dataset,A
IMG-250627-00412.npy,IMG-250627-00412,univali_dataset,A
IMG-250627-00413.npy,IMG-250627-00413,univali_dataset,A
IMG-250627-00414.npy,IMG-250627-00414,univali_dataset,A
IMG-250627-00415.npy,IMG-250627-00415,univali_dataset,A
IMG-250627-00416.npy,IMG-250627-00416,univali_dataset,A
IMG-250627-00417.npy,IMG-250627-00417,univali_dataset,A
IMG-250627-00418.npy,IMG-250627-00418,univali_dataset,A
IMG-250627-00419.npy,IMG-250627-00419,univali_dataset,A
IMG-250627-00420.npy,IMG-250627-00420,univali_dataset,A
IMG-250627-00421.npy,IMG-250627-00421,univali_dataset,A
IMG-250627-00422.npy,IMG-250627-00422,univali_dataset,A
IMG-250627-00423.npy,IMG-250627-00423,univali_dataset,A
IMG-250627-00424.npy,IMG-250627-00424,univali_dataset,A
IMG-250627-00425.npy,IMG-250627-00425,univali_dataset,A
IMG-250627-00426.npy,IMG-250627-00426,univali_dataset,A
IMG-250627-00427.npy,IMG-250627-00427,univali_dataset,A
IMG-250627-00428.npy,IMG-250627-00428,univali_dataset,A
IMG-250627-00429.npy,IMG-250627-00429,univali_dataset,A
IMG-250627-00430.npy,IMG-250627-00430,univali_dataset,A
IMG-250627-00431.npy,IMG-250627-00431,univali_dataset,A
IMG-250627-00432.npy,IMG-250627-00432,univali_dataset,A
IMG-250627-00433.npy,IMG-250627-00433,univali_dataset,A
IMG-250627-00434.npy,IMG-250627-00434,univali_dataset,A
IMG-250627-00435.npy,IMG-250627-00435,univali_dataset,A
IMG-250627-00436.npy,IMG-250627-00436,univali_dataset,A
IMG-250627-00437.npy,IMG-250627-00437,univali_dataset,A
IMG-250627-00438.npy,IMG-250627-00438,univali_dataset,A
IMG-250627-00439.npy,IMG-250627-00439,univali_dataset,A
IMG-250627-00440.npy,IMG-250627-00440,univali_dataset,A
IMG-250627-00441.npy,IMG-250627-00441,univali_dataset,A
IMG-250627-00442.npy,IMG-250627-00442,univali_dataset,A
IMG-250627-00443.npy,IMG-250627-00443,univali_dataset,A
IMG-250627-00444.npy,IMG-250627-00444,univali_dataset,A
IMG-250627-00445.npy,IMG-250627-00445,univali_dataset,A
IMG-250627-00446.npy,IMG-250627-00446,univali_dataset,A
IMG-250627-00447.npy,IMG-250627-00447,univali_dataset,A
IMG-250627-00448.npy,IMG-250627-00448,univali_dataset,A
IMG-250627-00449.npy,IMG-250627-00449,univali_dataset,A
IMG-250627-00450.npy,IMG-250627-00450,univali_dataset,A
IMG-250627-00451.npy,IMG-250627-00451,univali_dataset,A
IMG-250627-00452.npy,IMG-250627-00452,univali_dataset,A
IMG-250627-00453.npy,IMG-250627-00453,univali_dataset,A
IMG-250627-00454.npy,IMG-250627-00454,univali_dataset,A
IMG-250627-00455.npy,IMG-250627-00455,univali_dataset,A
IMG-250627-00456.npy,IMG-250627-00456,univali_dataset,A
IMG-250627-00457.npy,IMG-250627-00457,univali_dataset,A
IMG-250627-00458.npy,IMG-250627-00458,univali_dataset,A
IMG-250627-00459.npy,IMG-250627-00459,univali_dataset,A
IMG-250627-00460.npy,IMG-250627-00460,univali_dataset,A
IMG-250627-00461.npy,IMG-250627-00461,univali_dataset,A
IMG-250627-00462.npy,IMG-250627-00462,univali_dataset,A
IMG-250627-00463.npy,IMG-250627-00463,univali_dataset,A
IMG-250627-00464.npy,IMG-250627-00464,univali_dataset,A
IMG-250627-00465.npy,IMG-250627-00465,univali_dataset,A
IMG-250627-00466.npy,IMG-250627-00466,univali_dataset,A
IMG-250627-00467.npy,IMG-250627-00467,univali_dataset,A
IMG-250627-00468.npy,IMG-250627-00468,univali_dataset,A
IMG-250627-00469.npy,IMG-250627-00469,univali_dataset,A
IMG-250627-00470.npy,IMG-250627-00470,univali_dataset,A
IMG-250627-00471.npy,IMG-250627-00471,univali_dataset,A
IMG-250627-00472.npy,IMG-250627-00472,univali_dataset,A
IMG-250627-00473.npy,IMG-250627-00473,univali_dataset,A
IMG-250627-00474.npy,IMG-250627-00474,univali_dataset,A
IMG-250627-00475.npy,IMG-250627-00475,univali_dataset,A
IMG-250627-00476.npy,IMG-250627-00476,univali_dataset,A
IMG-250627-00477.npy,IMG-250627-00477,univali_dataset,A
IMG-250627-00478.npy,IMG-250627-00478,univali_dataset,A
IMG-250627-00479.npy,IMG-250627-00479,univali_dataset,A
IMG-250627-00480.npy,IMG-250627-00480,univali_dataset,A
IMG-250627-00481.npy,IMG-250627-00481,univali_dataset,A
IMG-250627-00482.npy,IMG-250627-00482,univali_dataset,A
IMG-250627-00483.npy,IMG-250627-00483,univali_dataset,A
IMG-250627-00484.npy,IMG-250627-00484,univali_dataset,A
IMG-250627-00485.npy,IMG-250627-00485,univali_dataset,A
IMG-250627-00486.npy,IMG-250627-00486,univali_dataset,A
IMG-250627-00487.npy,IMG-250627-00487,univali_dataset,A
IMG-250627-00488.npy,IMG-250627-00488,univali_dataset,A
IMG-250627-00489.npy,IMG-250627-00489,univali_dataset,A
IMG-250627-00490.npy,IMG-250627-00490,univali_dataset,A
IMG-250627-00491.npy,IMG-250627-00491,univali_dataset,A
IMG-250627-00492.npy,IMG-250627-00492,univali_dataset,A
IMG-250627-00493.npy,IMG-250627-00493,univali_dataset,A
IMG-250627-00494.npy,IMG-250627-00494,univali_dataset,A
IMG-250627-00495.npy,IMG-250627-00495,univali_dataset,A
IMG-250627-00496.npy,IMG-250627-00496,univali_dataset,A
IMG-250627-00497.npy,IMG-250627-00497,univali_dataset,A
IMG-250627-00498.npy,IMG-250627-00498,univali_dataset,A
IMG-250627-00499.npy,IMG-250627-00499,univali_dataset,A
IMG-250627-00500.npy,IMG-250627-00500,univali_dataset,A
IMG-250627-00501.npy,IMG-250627-00501,univali_dataset,A
IMG-250627-00502.npy,IMG-250627-00502,univali_dataset,A
IMG-250627-00503.npy,IMG-250627-00503,univali_dataset,A
IMG-250627-00504.npy,IMG-250627-00504,univali_dataset,A
IMG-250627-00505.npy,IMG-250627-00505,univali_dataset,A
IMG-250627-00506.npy,IMG-250627-00506,univali_dataset,A
IMG-250627-00507.npy,IMG-250627-00507,univali_dataset,A
IMG-250627-00508.npy,IMG-250627-00508,univali_dataset,A
IMG-250627-00509.npy,IMG-250627-00509,univali_dataset,A
IMG-250627-00510.npy,IMG-250627-00510,univali_dataset,A
IMG-250627-00511.npy,IMG-250627-00511,univali_dataset,A
IMG-250627-00512.npy,IMG-250627-00512,univali_dataset,A
IMG-250627-00513.npy,IMG-250627-00513,univali_dataset,A
IMG-250627-00514.npy,IMG-250627-00514,univali_dataset,A
IMG-250627-00515.npy,IMG-250627-00515,univali_dataset,A
IMG-250627-00516.npy,IMG-250627-00516,univali_dataset,A
IMG-250627-00517.npy,IMG-250627-00517,univali_dataset,A
IMG-250627-00518.npy,IMG-250627-00518,univali_dataset,A
IMG-250627-00519.npy,IMG-250627-00519,univali_dataset,A
IMG-250627-00520.npy,IMG-250627-00520,univali_dataset,A
IMG-250627-00521.npy,IMG-250627-00521,univali_dataset,A
IMG-250627-00522.npy,IMG-250627-00522,univali_dataset,A
IMG-250627-00523.npy,IMG-250627-00523,univali_dataset,A
IMG-250627-00524.npy,IMG-250627-00524,univali_dataset,A
IMG-250627-00525.npy,IMG-250627-00525,univali_dataset,A
IMG-250627-00526.npy,IMG-250627-00526,univali_dataset,A
IMG-250627-00527.npy,IMG-250627-00527,univali_dataset,A
IMG-250627-00528.npy,IMG-250627-00528,univali_dataset,A
IMG-250627-00529.npy,IMG-250627-00529,univali_dataset,A
IMG-250627-00530.npy,IMG-250627-00530,univali_dataset,A
IMG-250627-00531.npy,IMG-250627-00531,univali_dataset,A
IMG-250627-00532.npy,IMG-250627-00532,univali_dataset,A
IMG-250627-00533.npy,IMG-250627-00533,univali_dataset,A
IMG-250627-00534.npy,IMG-250627-00534,univali_dataset,A
IMG-250627-00535.npy,IMG-250627-00535,univali_dataset,A
IMG-250627-00536.npy,IMG-250627-00536,univali_dataset,A
IMG-250627-00537.npy,IMG-250627-00537,univali_dataset,A
IMG-250627-00538.npy,IMG-250627-00538,univali_dataset,A
IMG-250627-00539.npy,IMG-250627-00539,univali_dataset,A
IMG-250627-00540.npy,IMG-250627-00540,univali_dataset,A
IMG-250627-00541.npy,IMG-250627-00541,univali_dataset,B
IMG-250627-00542.npy,IMG-250627-00542,univali_dataset,B
IMG-250627-00543.npy,IMG-250627-00543,univali_dataset,B
IMG-250627-00544.npy,IMG-250627-00544,univali_dataset,B
IMG-250627-00545.npy,IMG-250627-00545,univali_dataset,B
IMG-250627-00546.npy,IMG-250627-00546,univali_dataset,B
IMG-250627-00547.npy,IMG-250627-00547,univali_dataset,B
IMG-250627-00548.npy,IMG-250627-00548,univali_dataset,B
IMG-250627-00549.npy,IMG-250627-00549,univali_dataset,B
IMG-250627-00550.npy,IMG-250627-00550,univali_dataset,B
IMG-250627-00551.npy,IMG-250627-00551,univali_dataset,B
IMG-250627-00552.npy,IMG-250627-00552,univali_dataset,B
IMG-250627-00553.npy,IMG-250627-00553,univali_dataset,B
IMG-250627-00554.npy,IMG-250627-00554,univali_dataset,B
IMG-250627-00555.npy,IMG-250627-00555,univali_dataset,B
IMG-250627-00556.npy,IMG-250627-00556,univali_dataset,B
IMG-250627-00557.npy,IMG-250627-00557,univali_dataset,B
IMG-250627-00558.npy,IMG-250627-00558,univali_dataset,B
IMG-250627-00559.npy,IMG-250627-00559,univali_dataset,B
IMG-250627-00560.npy,IMG-250627-00560,univali_dataset,B
IMG-250627-00561.npy,IMG-250627-00561,univali_dataset,B
IMG-250627-00562.npy,IMG-250627-00562,univali_dataset,B
IMG-250627-00563.npy,IMG-250627-00563,univali_dataset,B
IMG-250627-00564.npy,IMG-250627-00564,univali_dataset,B
IMG-250627-00565.npy,IMG-250627-00565,univali_dataset,B
IMG-250627-00566.npy,IMG-250627-00566,univali_dataset,B
IMG-250627-00567.npy,IMG-250627-00567,univali_dataset,B
IMG-250627-00568.npy,IMG-250627-00568,univali_dataset,B
IMG-250627-00569.npy,IMG-250627-00569,univali_dataset,B
IMG-250627-00570.npy,IMG-250627-00570,univali_dataset,B
IMG-250627-00571.npy,IMG-250627-00571,univali_dataset,B
IMG-250627-00572.npy,IMG-250627-00572,univali_dataset,B
IMG-250627-00573.npy,IMG-250627-00573,univali_dataset,B
IMG-250627-00574.npy,IMG-250627-00574,univali_dataset,B
IMG-250627-00575.npy,IMG-250627-00575,univali_dataset,B
IMG-250627-00576.npy,IMG-250627-00576,univali_dataset,B
IMG-250627-00577.npy,IMG-250627-00577,univali_dataset,B
IMG-250627-00578.npy,IMG-250627-00578,univali_dataset,B
IMG-250627-00579.npy,IMG-250627-00579,univali_dataset,B
IMG-250627-00580.npy,IMG-250627-00580,univali_dataset,B
IMG-250627-00581.npy,IMG-250627-00581,univali_dataset,B
IMG-250627-00582.npy,IMG-250627-00582,univali_dataset,B
IMG-250627-00583.npy,IMG-250627-00583,univali_dataset,B
IMG-250627-00584.npy,IMG-250627-00584,univali_dataset,B
IMG-250627-00585.npy,IMG-250627-00585,univali_dataset,B
IMG-250627-00586.npy,IMG-250627-00586,univali_dataset,B
IMG-250627-00587.npy,IMG-250627-00587,univali_dataset,B
IMG-250627-00588.npy,IMG-250627-00588,univali_dataset,B
IMG-250627-00589.npy,IMG-250627-00589,univali_dataset,B
IMG-250627-00590.npy,IMG-250627-00590,univali_dataset,B
IMG-250627-00591.npy,IMG-250627-00591,univali_dataset,B
IMG-250627-00592.npy,IMG-250627-00592,univali_dataset,B
IMG-250627-00593.npy,IMG-250627-00593,univali_dataset,B
IMG-250627-00594.npy,IMG-250627-00594,univali_dataset,B
IMG-250627-00595.npy,IMG-250627-00595,univali_dataset,B
IMG-250627-00596.npy,IMG-250627-00596,univali_dataset,B
IMG-250627-00597.npy,IMG-250627-00597,univali_dataset,B
IMG-250627-00598.npy,IMG-250627-00598,univali_dataset,B
IMG-250627-00599.npy,IMG-250627-00599,univali_dataset,B
IMG-250627-00600.npy,IMG-250627-00600,univali_dataset,B
IMG-250627-00601.npy,IMG-250627-00601,univali_dataset,B
IMG-250627-00602.npy,IMG-250627-00602,univali_dataset,B
IMG-250627-00603.npy,IMG-250627-00603,univali_dataset,B
IMG-250627-00604.npy,IMG-250627-00604,univali_dataset,B
IMG-250627-00605.npy,IMG-250627-00605,univali_dataset,B
IMG-250627-00606.npy,IMG-250627-00606,univali_dataset,B
IMG-250627-00607.npy,IMG-250627-00607,univali_dataset,B
IMG-250627-00608.npy,IMG-250627-00608,univali_dataset,B
IMG-250627-00609.npy,IMG-250627-00609,univali_dataset,B
IMG-250627-00610.npy,IMG-250627-00610,univali_dataset,B
IMG-250627-00611.npy,IMG-250627-00611,univali_dataset,B
IMG-250627-00612.npy,IMG-250627-00612,univali_dataset,B
IMG-250627-00613.npy,IMG-250627-00613,univali_dataset,B
IMG-250627-00614.npy,IMG-250627-00614,univali_dataset,B
IMG-250627-00615.npy,IMG-250627-00615,univali_dataset,B
IMG-250627-00616.npy,IMG-250627-00616,univali_dataset,B
IMG-250627-00617.npy,IMG-250627-00617,univali_dataset,B
IMG-250627-00618.npy,IMG-250627-00618,univali_dataset,B
IMG-250627-00619.npy,IMG-250627-00619,univali_dataset,B
IMG-250627-00620.npy,IMG-250627-00620,univali_dataset,B
IMG-250627-00621.npy,IMG-250627-00621,univali_dataset,B
IMG-250627-00622.npy,IMG-250627-00622,univali_dataset,B
IMG-250627-00623.npy,IMG-250627-00623,univali_dataset,B
IMG-250627-00624.npy,IMG-250627-00624,univali_dataset,B
IMG-250627-00625.npy,IMG-250627-00625,univali_dataset,B
IMG-250627-00626.npy,IMG-250627-00626,univali_dataset,B
IMG-250627-00627.npy,IMG-250627-00627,univali_dataset,B
IMG-250627-00628.npy,IMG-250627-00628,univali_dataset,B
IMG-250627-00629.npy,IMG-250627-00629,univali_dataset,B
IMG-250627-00630.npy,IMG-250627-00630,univali_dataset,B
IMG-250627-00631.npy,IMG-250627-00631,univali_dataset,B
IMG-250627-00632.npy,IMG-250627-00632,univali_dataset,B
IMG-250627-00633.npy,IMG-250627-00633,univali_dataset,B
IMG-250627-00634.npy,IMG-250627-00634,univali_dataset,B
IMG-250627-00635.npy,IMG-250627-00635,univali_dataset,B
IMG-250627-00636.npy,IMG-250627-00636,univali_dataset,B
IMG-250627-00637.npy,IMG-250627-00637,univali_dataset,B
IMG-250627-00638.npy,IMG-250627-00638,univali_dataset,B
IMG-250627-00639.npy,IMG-250627-00639,univali_dataset,B
IMG-250627-00640.npy,IMG-250627-00640,univali_dataset,B
IMG-250627-00641.npy,IMG-250627-00641,univali_dataset,B
IMG-250627-00642.npy,IMG-250627-00642,univali_dataset,B
IMG-250627-00643.npy,IMG-250627-00643,univali_dataset,B
IMG-250627-00644.npy,IMG-250627-00644,univali_dataset,B
IMG-250627-00645.npy,IMG-250627-00645,univali_dataset,B
IMG-250627-00646.npy,IMG-250627-00646,univali_dataset,B
IMG-250627-00647.npy,IMG-250627-00647,univali_dataset,B
IMG-250627-00648.npy,IMG-250627-00648,univali_dataset,B
IMG-250627-00649.npy,IMG-250627-00649,univali_dataset,B
IMG-250627-00650.npy,IMG-250627-00650,univali_dataset,B
IMG-250627-00651.npy,IMG-250627-00651,univali_dataset,B
IMG-250627-00652.npy,IMG-250627-00652,univali_dataset,B
IMG-250627-00653.npy,IMG-250627-00653,univali_dataset,B
IMG-250627-00654.npy,IMG-250627-00654,univali_dataset,B
IMG-250627-00655.npy,IMG-250627-00655,univali_dataset,B
IMG-250627-00656.npy,IMG-250627-00656,univali_dataset,B
IMG-250627-00657.npy,IMG-250627-00657,univali_dataset,B
IMG-250627-00658.npy,IMG-250627-00658,univali_dataset,B
IMG-250627-00659.npy,IMG-250627-00659,univali_dataset,B
IMG-250627-00660.npy,IMG-250627-00660,univali_dataset,B
IMG-250627-00661.npy,IMG-250627-00661,univali_dataset,B
IMG-250627-00662.npy,IMG-250627-00662,univali_dataset,B
IMG-250627-00663.npy,IMG-250627-00663,univali_dataset,B
IMG-250627-00664.npy,IMG-250627-00664,univali_dataset,B
IMG-250627-00665.npy,IMG-250627-00665,univali_dataset,B
IMG-250627-00666.npy,IMG-250627-00666,univali_dataset,B
IMG-250627-00667.npy,IMG-250627-00667,univali_dataset,B
IMG-250627-00668.npy,IMG-250627-00668,univali_dataset,B
IMG-250627-00669.npy,IMG-250627-00669,univali_dataset,B
IMG-250627-00670.npy,IMG-250627-00670,univali_dataset,B
IMG-250627-00671.npy,IMG-250627-00671,univali_dataset,B
IMG-250627-00672.npy,IMG-250627-00672,univali_dataset,B
IMG-250627-00673.npy,IMG-250627-00673,univali_dataset,B
IMG-250627-00674.npy,IMG-250627-00674,univali_dataset,B
IMG-250627-00675.npy,IMG-250627-00675,univali_dataset,B
IMG-250627-00676.npy,IMG-250627-00676,univali_dataset,B
IMG-250627-00677.npy,IMG-250627-00677,univali_dataset,B
IMG-250627-00678.npy,IMG-250627-00678,univali_dataset,B
IMG-250627-00679.npy,IMG-250627-00679,univali_dataset,B
IMG-250627-00680.npy,IMG-250627-00680,univali_dataset,B
IMG-250627-00681.npy,IMG-250627-00681,univali_dataset,B
IMG-250627-00682.npy,IMG-250627-00682,univali_dataset,B
IMG-250627-00683.npy,IMG-250627-00683,univali_dataset,B
IMG-250627-00684.npy,IMG-250627-00684,univali_dataset,B
IMG-250627-00685.npy,IMG-250627-00685,univali_dataset,B
IMG-250627-00686.npy,IMG-250627-00686,univali_dataset,B
IMG-250627-00687.npy,IMG-250627-00687,univali_dataset,B
IMG-250627-00688.npy,IMG-250627-00688,univali_dataset,B
IMG-250627-00689.npy,IMG-250627-00689,univali_dataset,B
IMG-250627-00690.npy,IMG-250627-00690,univali_dataset,B
IMG-250627-00691.npy,IMG-250627-00691,univali_dataset,B
IMG-250627-00692.npy,IMG-250627-00692,univali_dataset,B
IMG-250627-00693.npy,IMG-250627-00693,univali_dataset,B
IMG-250627-00694.npy,IMG-250627-00694,univali_dataset,B
IMG-250627-00695.npy,IMG-250627-00695,univali_dataset,B
IMG-250627-00696.npy,IMG-250627-00696,univali_dataset,B
IMG-250627-00697.npy,IMG-250627-00697,univali_dataset,B
IMG-250627-00698.npy,IMG-250627-00698,univali_dataset,B
IMG-250627-00699.npy,IMG-250627-00699,univali_dataset,B
IMG-250627-00700.npy,IMG-250627-00700,univali_dataset,B
IMG-250627-00701.npy,IMG-250627-00701,univali_dataset,B
IMG-250627-00702.npy,IMG-250627-00702,univali_dataset,B
IMG-250627-00703.npy,IMG-250627-00703,univali_dataset,B
IMG-250627-00704.npy,IMG-250627-00704,univali_dataset,B
IMG-250627-00705.npy,IMG-250627-00705,univali_dataset,B
IMG-250627-00706.npy,IMG-250627-00706,univali_dataset,B
IMG-250627-00707.npy,IMG-250627-00707,univali_dataset,B
IMG-250627-00708.npy,IMG-250627-00708,univali_dataset,B
IMG-250627-00709.npy,IMG-250627-00709,univali_dataset,B
IMG-250627-00710.npy,IMG-250627-00710,univali_dataset,B
IMG-250627-00711.npy,IMG-250627-00711,univali_dataset,B
IMG-250627-00712.npy,IMG-250627-00712,univali_dataset,B
IMG-250627-00713.npy,IMG-250627-00713,univali_dataset,B
IMG-250627-00714.npy,IMG-250627-00714,univali_dataset,B
IMG-250627-00715.npy,IMG-250627-00715,univali_dataset,B
IMG-250627-00716.npy,IMG-250627-00716,univali_dataset,B
IMG-250627-00717.npy,IMG-250627-00717,univali_dataset,B
IMG-250627-00718.npy,IMG-250627-00718,univali_dataset,B
IMG-250627-00719.npy,IMG-250627-00719,univali_dataset,B
IMG-250627-00720.npy,IMG-250627-00720,univali_dataset,B
IMG-250627-00721.npy,IMG-250627-00721,univali_dataset,B
IMG-250627-00722.npy,IMG-250627-00722,univali_dataset,B
IMG-250627-00723.npy,IMG-250627-00723,univali_dataset,B
IMG-250627-00724.npy,IMG-250627-00724,univali_dataset,B
IMG-250627-00725.npy,IMG-250627-00725,univali_dataset,B
IMG-250627-00726.npy,IMG-250627-00726,univali_dataset,B
IMG-250627-00727.npy,IMG-250627-00727,univali_dataset,B
IMG-250627-00728.npy,IMG-250627-00728,univali_dataset,B
IMG-250627-00729.npy,IMG-250627-00729,univali_dataset,B
IMG-250627-00730.npy,IMG-250627-00730,univali_dataset,B
IMG-250627-00731.npy,IMG-250627-00731,univali_dataset,B
IMG-250627-00732.npy,IMG-250627-00732,univali_dataset,B
IMG-250627-00733.npy,IMG-250627-00733,univali_dataset,B
IMG-250627-00734.npy,IMG-250627-00734,univali_dataset,B
IMG-250627-00735.npy,IMG-250627-00735,univali_dataset,B
IMG-250627-00736.npy,IMG-250627-00736,univali_dataset,B
IMG-250627-00737.npy,IMG-250627-00737,univali_dataset,B
IMG-250627-00738.npy,IMG-250627-00738,univali_dataset,B
IMG-250627-00739.npy,IMG-250627-00739,univali_dataset,B
IMG-250627-00740.npy,IMG-250627-00740,univali_dataset,B
IMG-250627-00741.npy,IMG-250627-00741,univali_dataset,B
IMG-250627-00742.npy,IMG-250627-00742,univali_dataset,B
IMG-250627-00743.npy,IMG-250627-00743,univali_dataset,B
IMG-250627-00744.npy,IMG-250627-00744,univali_dataset,B
IMG-250627-00745.npy,IMG-250627-00745,univali_dataset,B
IMG-250627-00746.npy,IMG-250627-00746,univali_dataset,B
IMG-250627-00747.npy,IMG-250627-00747,univali_dataset,B
IMG-250627-00748.npy,IMG-250627-00748,univali_dataset,B
IMG-250627-00749.npy,IMG-250627-00749,univali_dataset,B
IMG-250627-00750.npy,IMG-250627-00750,univali_dataset,B
IMG-250627-00751.npy,IMG-250627-00751,univali_dataset,B
IMG-250627-00752.npy,IMG-250627-00752,univali_dataset,B
IMG-250627-00753.npy,IMG-250627-00753,univali_dataset,B
IMG-250627-00754.npy,IMG-250627-00754,univali_dataset,B
IMG-250627-00755.npy,IMG-250627-00755,univali_dataset,B
IMG-250627-00756.npy,IMG-250627-00756,univali_dataset,B
IMG-250627-00757.npy,IMG-250627-00757,univali_dataset,B
IMG-250627-00758.npy,IMG-250627-00758,univali_dataset,B
IMG-250627-00759.npy,IMG-250627-00759,univali_dataset,B
IMG-250627-00760.npy,IMG-250627-00760,univali_dataset,B
IMG-250627-00761.npy,IMG-250627-00761,univali_dataset,B
IMG-250627-00762.npy,IMG-250627-00762,univali_dataset,B
IMG-250627-00763.npy,IMG-250627-00763,univali_dataset,B
IMG-250627-00764.npy,IMG-250627-00764,univali_dataset,B
IMG-250627-00765.npy,IMG-250627-00765,univali_dataset,B
IMG-250627-00766.npy,IMG-250627-00766,univali_dataset,B
IMG-250627-00767.npy,IMG-250627-00767,univali_dataset,B
IMG-250627-00768.npy,IMG-250627-00768,univali_dataset,B
IMG-250627-00769.npy,IMG-250627-00769,univali_dataset,B
IMG-250627-00770.npy,IMG-250627-00770,univali_dataset,B
IMG-250627-00771.npy,IMG-250627-00771,univali_dataset,B
IMG-250627-00772.npy,IMG-250627-00772,univali_dataset,B
IMG-250627-00773.npy,IMG-250627-00773,univali_dataset,B
IMG-250627-00774.npy,IMG-250627-00774,univali_dataset,B
IMG-250627-00775.npy,IMG-250627-00775,univali_dataset,B
IMG-250627-00776.npy,IMG-250627-00776,univali_dataset,B
IMG-250627-00777.npy,IMG-250627-00777,univali_dataset,B
IMG-250627-00778.npy,IMG-250627-00778,univali_dataset,B
IMG-250627-00779.npy,IMG-250627-00779,univali_dataset,B
IMG-250627-00780.npy,IMG-250627-00780,univali_dataset,B
IMG-250627-00781.npy,IMG-250627-00781,univali_dataset,B
IMG-250627-00782.npy,IMG-250627-00782,univali_dataset,B
IMG-250627-00783.npy,IMG-250627-00783,univali_dataset,B
IMG-250627-00784.npy,IMG-250627-00784,univali_dataset,B
IMG-250627-00785.npy,IMG-250627-00785,univali_dataset,B
IMG-250627-00786.npy,IMG-250627-00786,univali_dataset,B
IMG-250627-00787.npy,IMG-250627-00787,univali_dataset,B
IMG-250627-00788.npy,IMG-250627-00788,univali_dataset,B
IMG-250627-00789.npy,IMG-250627-00789,univali_dataset,B
IMG-250627-00790.npy,IMG-250627-00790,univali_dataset,B
IMG-250627-00791.npy,IMG-250627-00791,univali_dataset,B
IMG-250627-00792.npy,IMG-250627-00792,univali_dataset,B
IMG-250627-00793.npy,IMG-250627-00793,univali_dataset,B
IMG-250627-00794.npy,IMG-250627-00794,univali_dataset,B
IMG-250627-00795.npy,IMG-250627-00795,univali_dataset,B
IMG-250627-00796.npy,IMG-250627-00796,univali_dataset,B
IMG-250627-00797.npy,IMG-250627-00797,univali_dataset,B
IMG-250627-00798.npy,IMG-250627-00798,univali_dataset,B
IMG-250627-00799.npy,IMG-250627-00799,univali_dataset,B
IMG-250627-00800.npy,IMG-250627-00800,univali_dataset,B
IMG-250627-00801.npy,IMG-250627-00801,univali_dataset,B
IMG-250627-00802.npy,IMG-250627-00802,univali_dataset,B
IMG-250627-00803.npy,IMG-250627-00803,univali_dataset,B
IMG-250627-00804.npy,IMG-250627-00804,univali_dataset,B
IMG-250627-00805.npy,IMG-250627-00805,univali_dataset,B
IMG-250627-00806.npy,IMG-250627-00806,univali_dataset,B
IMG-250627-00807.npy,IMG-250627-00807,univali_dataset,B
IMG-250627-00808.npy,IMG-250627-00808,univali_dataset,B
IMG-250627-00809.npy,IMG-250627-00809,univali_dataset,B
IMG-250627-00810.npy,IMG-250627-00810,univali_dataset,B
IMG-250627-00811.npy,IMG-250627-00811,univali_dataset,B
IMG-250627-00812.npy,IMG-250627-00812,univali_dataset,B
IMG-250627-00813.npy,IMG-250627-00813,univali_dataset,B
IMG-250627-00814.npy,IMG-250627-00814,univali_dataset,B
IMG-250627-00815.npy,IMG-250627-00815,univali_dataset,B
IMG-250627-00816.npy,IMG-250627-00816,univali_dataset,B
IMG-250627-00817.npy,IMG-250627-00817,univali_dataset,B
IMG-250627-00818.npy,IMG-250627-00818,univali_dataset,B
IMG-250627-00819.npy,IMG-250627-00819,univali_dataset,B
IMG-250627-00820.npy,IMG-250627-00820,univali_dataset,B
IMG-250627-00821.npy,IMG-250627-00821,univali_dataset,B
IMG-250627-00822.npy,IMG-250627-00822,univali_dataset,B
IMG-250627-00823.npy,IMG-250627-00823,univali_dataset,B
IMG-250627-00824.npy,IMG-250627-00824,univali_dataset,B
IMG-250627-00825.npy,IMG-250627-00825,univali_dataset,B
IMG-250627-00826.npy,IMG-250627-00826,univali_dataset,B
IMG-250627-00827.npy,IMG-250627-00827,univali_dataset,B
IMG-250627-00828.npy,IMG-250627-00828,univali_dataset,B
IMG-250627-00829.npy,IMG-250627-00829,univali_dataset,B
IMG-250627-00830.npy,IMG-250627-00830,univali_dataset,B
IMG-250627-00831.npy,IMG-250627-00831,univali_dataset,B
IMG-250627-00832.npy,IMG-250627-00832,univali_dataset,B
IMG-250627-00833.npy,IMG-250627-00833,univali_dataset,B
IMG-250627-00834.npy,IMG-250627-00834,univali_dataset,B
IMG-250627-00835.npy,IMG-250627-00835,univali_dataset,B
IMG-250627-00836.npy,IMG-250627-00836,univali_dataset,B
IMG-250627-00837.npy,IMG-250627-00837,univali_dataset,B
IMG-250627-00838.npy,IMG-250627-00838,univali_dataset,B
IMG-250627-00839.npy,IMG-250627-00839,univali_dataset,B
IMG-250627-00840.npy,IMG-250627-00840,univali_dataset,B
IMG-250627-00841.npy,IMG-250627-00841,univali_dataset,B
IMG-250627-00842.npy,IMG-250627-00842,univali_dataset,B
IMG-250627-00843.npy,IMG-250627-00843,univali_dataset,B
IMG-250627-00844.npy,IMG-250627-00844,univali_dataset,B
IMG-250627-00845.npy,IMG-250627-00845,univali_dataset,B
IMG-250627-00846.npy,IMG-250627-00846,univali_dataset,B
IMG-250627-00847.npy,IMG-250627-00847,univali_dataset,B
IMG-250627-00848.npy,IMG-250627-00848,univali_dataset,B
IMG-250627-00849.npy,IMG-250627-00849,univali_dataset,B
IMG-250627-00850.npy,IMG-250627-00850,univali_dataset,B
IMG-250627-00851.npy,IMG-250627-00851,univali_dataset,B
IMG-250627-00852.npy,IMG-250627-00852,univali_dataset,B
IMG-250627-00853.npy,IMG-250627-00853,univali_dataset,B
IMG-250627-00854.npy,IMG-250627-00854,univali_dataset,B
IMG-250627-00855.npy,IMG-250627-00855,univali_dataset,B
IMG-250627-00856.npy,IMG-250627-00856,univali_dataset,B
IMG-250627-00857.npy,IMG-250627-00857,univali_dataset,B
IMG-250627-00858.npy,IMG-250627-00858,univali_dataset,B
IMG-250627-00859.npy,IMG-250627-00859,univali_dataset,B
IMG-250627-00860.npy,IMG-250627-00860,univali_dataset,B
IMG-250627-00861.npy,IMG-250627-00861,univali_dataset,B
IMG-250627-00862.npy,IMG-250627-00862,univali_dataset,B
IMG-250627-00863.npy,IMG-250627-00863,univali_dataset,B
IMG-250627-00864.npy,IMG-250627-00864,univali_dataset,B
IMG-250627-00865.npy,IMG-250627-00865,univali_dataset,B
IMG-250627-00866.npy,IMG-250627-00866,univali_dataset,B
IMG-250627-00867.npy,IMG-250627-00867,univali_dataset,B
IMG-250627-00868.npy,IMG-250627-00868,univali_dataset,B
IMG-250627-00869.npy,IMG-250627-00869,univali_dataset,B
IMG-250627-00870.npy,IMG-250627-00870,univali_dataset,B
IMG-250627-00871.npy,IMG-250627-00871,univali_dataset,B
IMG-250627-00872.npy,IMG-250627-00872,univali_dataset,B
IMG-250627-00873.npy,IMG-250627-00873,univali_dataset,B
IMG-250627-00874.npy,IMG-250627-00874,univali_dataset,B
IMG-250627-00875.npy,IMG-250627-00875,univali_dataset,B
IMG-250627-00876.npy,IMG-250627-00876,univali_dataset,B
IMG-250627-00877.npy,IMG-250627-00877,univali_dataset,B
IMG-250627-00878.npy,IMG-250627-00878,univali_dataset,B
IMG-250627-00879.npy,IMG-250627-00879,univali_dataset,B
IMG-250627-00880.npy,IMG-250627-00880,univali_dataset,B
IMG-250627-00881.npy,IMG-250627-00881,univali_dataset,B
IMG-250627-00882.npy,IMG-250627-00882,univali_dataset,B
IMG-250627-00883.npy,IMG-250627-00883,univali_dataset,B
IMG-250627-00884.npy,IMG-250627-00884,univali_dataset,B
IMG-250627-00885.npy,IMG-250627-00885,univali_dataset,B
IMG-250627-00886.npy,IMG-250627-00886,univali_dataset,B
IMG-250627-00887.npy,IMG-250627-00887,univali_dataset,B
IMG-250627-00888.npy,IMG-250627-00888,univali_dataset,B
IMG-250627-00889.npy,IMG-250627-00889,univali_dataset,B
IMG-250627-00890.npy,IMG-250627-00890,univali_dataset,B
IMG-250627-00891.npy,IMG-250627-00891,univali_dataset,B
IMG-250627-00892.npy,IMG-250627-00892,univali_dataset,B
IMG-250627-00893.npy,IMG-250627-00893,univali_dataset,B
IMG-250627-00894.npy,IMG-250627-00894,univali_dataset,B
IMG-250627-00895.npy,IMG-250627-00895,univali_dataset,B
IMG-250627-00896.npy,IMG-250627-00896,univali_dataset,B
IMG-250627-00897.npy,IMG-250627-00897,univali_dataset,B
IMG-250627-00898.npy,IMG-250627-00898,univali_dataset,B
IMG-250627-00899.npy,IMG-250627-00899,univali_dataset,B
IMG-250627-00900.npy,IMG-250627-00900,univali_dataset,B
IMG-250627-00901.npy,IMG-250627-00901,univali_dataset,B
IMG-250627-00902.npy,IMG-250627-00902,univali_dataset,B
IMG-250627-00903.npy,IMG-250627-00903,univali_dataset,B
IMG-250627-00904.npy,IMG-250627-00904,univali_dataset,B
IMG-250627-00905.npy,IMG-250627-00905,univali_dataset,B
IMG-250627-00906.npy,IMG-250627-00906,univali_dataset,B
IMG-250627-00907.npy,IMG-250627-00907,univali_dataset,B
IMG-250627-00908.npy,IMG-250627-00908,univali_dataset,B
IMG-250627-00909.npy,IMG-250627-00909,univali_dataset,B
IMG-250627-00910.npy,IMG-250627-00910,univali_dataset,B
IMG-250627-00911.npy,IMG-250627-00911,univali_dataset,B
IMG-250627-00912.npy,IMG-250627-00912,univali_dataset,B
IMG-250627-00913.npy,IMG-250627-00913,univali_dataset,B
IMG-250627-00914.npy,IMG-250627-00914,univali_dataset,B
IMG-250627-00915.npy,IMG-250627-00915,univali_dataset,B
IMG-250627-00916.npy,IMG-250627-00916,univali_dataset,B
IMG-250627-00917.npy,IMG-250627-00917,univali_dataset,B
IMG-250627-00918.npy,IMG-250627-00918,univali_dataset,B
IMG-250627-00919.npy,IMG-250627-00919,univali_dataset,B
IMG-250627-00920.npy,IMG-250627-00920,univali_dataset,B
IMG-250627-00921.npy,IMG-250627-00921,univali_dataset,B
IMG-250627-00922.npy,IMG-250627-00922,univali_dataset,B
IMG-250627-00923.npy,IMG-250627-00923,univali_dataset,B
IMG-250627-00924.npy,IMG-250627-00924,univali_dataset,B
IMG-250627-00925.npy,IMG-250627-00925,univali_dataset,B
IMG-250627-00926.npy,IMG-250627-00926,univali_dataset,B
IMG-250627-00927.npy,IMG-250627-00927,univali_dataset,B
IMG-250627-00928.npy,IMG-250627-00928,univali_dataset,B
IMG-250627-00929.npy,IMG-250627-00929,univali_dataset,B
IMG-250627-00930.npy,IMG-250627-00930,univali_dataset,B
IMG-250627-00931.npy,IMG-250627-00931,univali_dataset,B
IMG-250627-00932.npy,IMG-250627-00932,univali_dataset,B
IMG-250627-00933.npy,IMG-250627-00933,univali_dataset,B
IMG-250627-00934.npy,IMG-250627-00934,univali_dataset,B
IMG-250627-00935.npy,IMG-250627-00935,univali_dataset,B
IMG-250627-00936.npy,IMG-250627-00936,univali_dataset,B
IMG-250627-00937.npy,IMG-250627-00937,univali_dataset,B
IMG-250627-00938.npy,IMG-250627-00938,univali_dataset,B
IMG-250627-00939.npy,IMG-250627-00939,univali_dataset,B
IMG-250627-00940.npy,IMG-250627-00940,univali_dataset,B
IMG-250627-00941.npy,IMG-250627-00941,univali_dataset,B
IMG-250627-00942.npy,IMG-250627-00942,univali_dataset,B
IMG-250627-00943.npy,IMG-250627-00943,univali_dataset,B
IMG-250627-00944.npy,IMG-250627-00944,univali_dataset,B
IMG-250627-00945.npy,IMG-250627-00945,univali_dataset,B
IMG-250627-00946.npy,IMG-250627-00946,univali_dataset,B
IMG-250627-00947.npy,IMG-250627-00947,univali_dataset,B
IMG-250627-00948.npy,IMG-250627-00948,univali_dataset,B
IMG-250627-00949.npy,IMG-250627-00949,univali_dataset,B
IMG-250627-00950.npy,IMG-250627-00950,univali_dataset,B
IMG-250627-00951.npy,IMG-250627-00951,univali_dataset,B
IMG-250627-00952.npy,IMG-250627-00952,univali_dataset,B
IMG-250627-00953.npy,IMG-250627-00953,univali_dataset,B
IMG-250627-00954.npy,IMG-250627-00954,univali_dataset,B
IMG-250627-00955.npy,IMG-250627-00955,univali_dataset,B
IMG-250627-00956.npy,IMG-250627-00956,univali_dataset,B
IMG-250627-00957.npy,IMG-250627-00957,univali_dataset,B
IMG-250627-00958.npy,IMG-250627-00958,univali_dataset,B
IMG-250627-00959.npy,IMG-250627-00959,univali_dataset,B
IMG-250627-00960.npy,IMG-250627-00960,univali_dataset,B
IMG-250627-00961.npy,IMG-250627-00961,univali_dataset,B
IMG-250627-00962.npy,IMG-250627-00962,univali_dataset,B
IMG-250627-00963.npy,IMG-250627-00963,univali_dataset,B
IMG-250627-00964.npy,IMG-250627-00964,univali_dataset,B
IMG-250627-00965.npy,IMG-250627-00965,univali_dataset,B
IMG-250627-00966.npy,IMG-250627-00966,univali_dataset,B
IMG-250627-00967.npy,IMG-250627-00967,univali_dataset,B
IMG-250627-00968.npy,IMG-250627-00968,univali_dataset,B
IMG-250627-00969.npy,IMG-250627-00969,univali_dataset,B
IMG-250627-00970.npy,IMG-250627-00970,univali_dataset,B
IMG-250627-00971.npy,IMG-250627-00971,univali_dataset,B
IMG-250627-00972.npy,IMG-250627-00972,univali_dataset,B
IMG-250627-00973.npy,IMG-250627-00973,univali_dataset,B
IMG-250627-00974.npy,IMG-250627-00974,univali_dataset,B
IMG-250627-00975.npy,IMG-250627-00975,univali_dataset,B
IMG-250627-00976.npy,IMG-250627-00976,univali_dataset,B
IMG-250627-00977.npy,IMG-250627-00977,univali_dataset,B
IMG-250627-00978.npy,IMG-250627-00978,univali_dataset,B
IMG-250627-00979.npy,IMG-250627-00979,univali_dataset,B
IMG-250627-00980.npy,IMG-250627-00980,univali_dataset,B
IMG-250627-00981.npy,IMG-250627-00981,univali_dataset,B
IMG-250627-00982.npy,IMG-250627-00982,univali_dataset,B
IMG-250627-00983.npy,IMG-250627-00983,univali_dataset,B
IMG-250627-00984.npy,IMG-250627-00984,univali_dataset,B
IMG-250627-00985.npy,IMG-250627-00985,univali_dataset,B
IMG-250627-00986.npy,IMG-250627-00986,univali_dataset,B
IMG-250627-00987.npy,IMG-250627-00987,univali_dataset,B
IMG-250627-00988.npy,IMG-250627-00988,univali_dataset,B
IMG-250627-00989.npy,IMG-250627-00989,univali_dataset,B
IMG-250627-00990.npy,IMG-250627-00990,univali_dataset,B
IMG-250627-00991.npy,IMG-250627-00991,univali_dataset,B
IMG-250627-00992.npy,IMG-250627-00992,univali_dataset,B
IMG-250627-00993.npy,IMG-250627-00993,univali_dataset,B
IMG-250627-00994.npy,IMG-250627-00994,univali_dataset,B
IMG-250627-00995.npy,IMG-250627-00995,univali_dataset,B
IMG-250627-00996.npy,IMG-250627-00996,univali_dataset,B
IMG-250627-00997.npy,IMG-250627-00997,univali_dataset,B
IMG-250627-00998.npy,IMG-250627-00998,univali_dataset,B
IMG-250627-00999.npy,IMG-250627-00999,univali_dataset,B
IMG-250627-01000.npy,IMG-250627-01000,univali_dataset,B
IMG-250627-01001.npy,IMG-250627-01001,univali_dataset,B
IMG-250627-01002.npy,IMG-250627-01002,univali_dataset,B
IMG-250627-01003.npy,IMG-250627-01003,univali_dataset,B
IMG-250627-01004.npy,IMG-250627-01004,univali_dataset,B
IMG-250627-01005.npy,IMG-250627-01005,univali_dataset,B
IMG-250627-01006.npy,IMG-250627-01006,univali_dataset,B
IMG-250627-01007.npy,IMG-250627-01007,univali_dataset,B
IMG-250627-01008.npy,IMG-250627-01008,univali_dataset,B
IMG-250627-01009.npy,IMG-250627-01009,univali_dataset,B
IMG-250627-01010.npy,IMG-250627-01010,univali_dataset,B
IMG-250627-01011.npy,IMG-250627-01011,univali_dataset,B
IMG-250627-01012.npy,IMG-250627-01012,univali_dataset,B
IMG-250627-01013.npy,IMG-250627-01013,univali_dataset,B
IMG-250627-01014.npy,IMG-250627-01014,univali_dataset,B
IMG-250627-01015.npy,IMG-250627-01015,univali_dataset,B
IMG-250627-01016.npy,IMG-250627-01016,univali_dataset,B
IMG-250627-01017.npy,IMG-250627-01017,univali_dataset,B
IMG-250627-01018.npy,IMG-250627-01018,univali_dataset,B
IMG-250627-01019.npy,IMG-250627-01019,univali_dataset,B
IMG-250627-01020.npy,IMG-250627-01020,univali_dataset,B
IMG-250627-01021.npy,IMG-250627-01021,univali_dataset,B
IMG-250627-01022.npy,IMG-250627-01022,univali_dataset,B
IMG-250627-01023.npy,IMG-250627-01023,univali_dataset,B
IMG-250627-01024.npy,IMG-250627-01024,univali_dataset,B
IMG-250627-01025.npy,IMG-250627-01025,univali_dataset,B
IMG-250627-01026.npy,IMG-250627-01026,univali_dataset,B
IMG-250627-01027.npy,IMG-250627-01027,univali_dataset,B
IMG-250627-01028.npy,IMG-250627-01028,univali_dataset,B
IMG-250627-01029.npy,IMG-250627-01029,univali_dataset,B
IMG-250627-01030.npy,IMG-250627-01030,univali_dataset,B
IMG-250627-01031.npy,IMG-250627-01031,univali_dataset,B
IMG-250627-01032.npy,IMG-250627-01032,univali_dataset,B
IMG-250627-01033.npy,IMG-250627-01033,univali_dataset,B
IMG-250627-01034.npy,IMG-250627-01034,univali_dataset,B
IMG-250627-01035.npy,IMG-250627-01035,univali_dataset,B
IMG-250627-01036.npy,IMG-250627-01036,univali_dataset,B
IMG-250627-01037.npy,IMG-250627-01037,univali_dataset,B
IMG-250627-01038.npy,IMG-250627-01038,univali_dataset,B
IMG-250627-01039.npy,IMG-250627-01039,univali_dataset,B
IMG-250627-01040.npy,IMG-250627-01040,univali_dataset,B
IMG-250627-01041.npy,IMG-250627-01041,univali_dataset,B
IMG-250627-01042.npy,IMG-250627-01042,univali_dataset,B
IMG-250627-01043.npy,IMG-250627-01043,univali_dataset,B
IMG-250627-01044.npy,IMG-250627-01044,univali_dataset,B
IMG-250627-01045.npy,IMG-250627-01045,univali_dataset,B
IMG-250627-01046.npy,IMG-250627-01046,univali_dataset,B
IMG-250627-01047.npy,IMG-250627-01047,univali_dataset,B
IMG-250627-01048.npy,IMG-250627-01048,univali_dataset,B
IMG-250627-01049.npy,IMG-250627-01049,univali_dataset,B
IMG-250627-01050.npy,IMG-250627-01050,univali_dataset,B
IMG-250627-01051.npy,IMG-250627-01051,univali_dataset,B
IMG-250627-01052.npy,IMG-250627-01052,univali_dataset,B
IMG-250627-01053.npy,IMG-250627-01053,univali_dataset,B
IMG-250627-01054.npy,IMG-250627-01054,univali_dataset,B
IMG-250627-01055.npy,IMG-250627-01055,univali_dataset,B
IMG-250627-01056.npy,IMG-250627-01056,univali_dataset,B
IMG-250627-01057.npy,IMG-250627-01057,univali_dataset,B
IMG-250627-01058.npy,IMG-250627-01058,univali_dataset,B
IMG-250627-01059.npy,IMG-250627-01059,univali_dataset,B
IMG-250627-01060.npy,IMG-250627-01060,univali_dataset,B
IMG-250627-01061.npy,IMG-250627-01061,univali_dataset,B
IMG-250627-01062.npy,IMG-250627-01062,univali_dataset,B
IMG-250627-01063.npy,IMG-250627-01063,univali_dataset,B
IMG-250627-01064.npy,IMG-250627-01064,univali_dataset,B
IMG-250627-01065.npy,IMG-250627-01065,univali_dataset,B
IMG-250627-01066.npy,IMG-250627-01066,univali_dataset,B
IMG-250627-01067.npy,IMG-250627-01067,univali_dataset,B
IMG-250627-01068.npy,IMG-250627-01068,univali_dataset,B
IMG-250627-01069.npy,IMG-250627-01069,univali_dataset,B
IMG-250627-01070.npy,IMG-250627-01070,univali_dataset,B
IMG-250627-01071.npy,IMG-250627-01071,univali_dataset,B
IMG-250627-01072.npy,IMG-250627-01072,univali_dataset,B
IMG-250627-01073.npy,IMG-250627-01073,univali_dataset,B
IMG-250627-01074.npy,IMG-250627-01074,univali_dataset,B
IMG-250627-01075.npy,IMG-250627-01075,univali_dataset,B
IMG-250627-01076.npy,IMG-250627-01076,univali_dataset,B
IMG-250627-01077.npy,IMG-250627-01077,univali_dataset,B
IMG-250627-01078.npy,IMG-250627-01078,univali_dataset,B
IMG-250627-01079.npy,IMG-250627-01079,univali_dataset,B
IMG-250627-01080.npy,IMG-250627-01080,univali_dataset,B
IMG-250627-01081.npy,IMG-250627-01081,univali_dataset,B
IMG-250627-01082.npy,IMG-250627-01082,univali_dataset,B
IMG-250627-01083.npy,IMG-250627-01083,univali_dataset,B
IMG-250627-01084.npy,IMG-250627-01084,univali_dataset,B
IMG-250627-01085.npy,IMG-250627-01085,univali_dataset,B
IMG-250627-01086.npy,IMG-250627-01086,univali_dataset,B
IMG-250627-01087.npy,IMG-250627-01087,univali_dataset,B
IMG-250627-01088.npy,IMG-250627-01088,univali_dataset,B
IMG-250627-01089.npy,IMG-250627-01089,univali_dataset,B
IMG-250627-01090.npy,IMG-250627-01090,univali_dataset,B
IMG-250627-01091.npy,IMG-250627-01091,univali_dataset,B
IMG-250627-01092.npy,IMG-250627-01092,univali_dataset,B
IMG-250627-01093.npy,IMG-250627-01093,univali_dataset,B
IMG-250627-01094.npy,IMG-250627-01094,univali_dataset,B
IMG-250627-01095.npy,IMG-250627-01095,univali_dataset,B
IMG-250627-01096.npy,IMG-250627-01096,univali_dataset,B
IMG-250627-01097.npy,IMG-250627-01097,univali_dataset,B
IMG-250627-01098.npy,IMG-250627-01098,univali_dataset,B
IMG-250627-01099.npy,IMG-250627-01099,univali_dataset,B
IMG-250627-01100.npy,IMG-250627-01100,univali_dataset,B
IMG-250627-01101.npy,IMG-250627-01101,univali_dataset,B
IMG-250627-01102.npy,IMG-250627-01102,univali_dataset,B
IMG-250627-01103.npy,IMG-250627-01103,univali_dataset,B
IMG-250627-01104.npy,IMG-250627-01104,univali_dataset,B
IMG-250627-01105.npy,IMG-250627-01105,univali_dataset,B
IMG-250627-01106.npy,IMG-250627-01106,univali_dataset,B
IMG-250627-01107.npy,IMG-250627-01107,univali_dataset,B
IMG-250627-01108.npy,IMG-250627-01108,univali_dataset,B
IMG-250627-01109.npy,IMG-250627-01109,univali_dataset,B
IMG-250627-01110.npy,IMG-250627-01110,univali_dataset,B
IMG-250627-01111.npy,IMG-250627-01111,univali_dataset,B
IMG-250627-01112.npy,IMG-250627-01112,univali_dataset,B
IMG-250627-01113.npy,IMG-250627-01113,univali_dataset,B
IMG-250627-01114.npy,IMG-250627-01114,univali_dataset,B
IMG-250627-01115.npy,IMG-250627-01115,univali_dataset,B
IMG-250627-01116.npy,IMG-250627-01116,univali_dataset,B
IMG-250627-01117.npy,IMG-250627-01117,univali_dataset,B
IMG-250627-01118.npy,IMG-250627-01118,univali_dataset,B
IMG-250627-01119.npy,IMG-250627-01119,univali_dataset,B
IMG-250627-01120.npy,IMG-250627-01120,univali_dataset,B
IMG-250627-01121.npy,IMG-250627-01121,univali_dataset,B
IMG-250627-01122.npy,IMG-250627-01122,univali_dataset,B
IMG-250627-01123.npy,IMG-250627-01123,univali_dataset,B
IMG-250627-01124.npy,IMG-250627-01124,univali_dataset,B
IMG-250627-01125.npy,IMG-250627-01125,univali_dataset,B
IMG-250627-01126.npy,IMG-250627-01126,univali_dataset,B
IMG-250627-01127.npy,IMG-250627-01127,univali_dataset,B
IMG-250627-01128.npy,IMG-250627-01128,univali_dataset,B
IMG-250627-01129.npy,IMG-250627-01129,univali_dataset,B
IMG-250627-01130.npy,IMG-250627-01130,univali_dataset,B
IMG-250627-01131.npy,IMG-250627-01131,univali_dataset,C
IMG-250627-01132.npy,IMG-250627-01132,univali_dataset,C
IMG-250627-01133.npy,IMG-250627-01133,univali_dataset,C
IMG-250627-01134.npy,IMG-250627-01134,univali_dataset,C
IMG-250627-01135.npy,IMG-250627-01135,univali_dataset,C
IMG-250627-01136.npy,IMG-250627-01136,univali_dataset,C
IMG-250627-01137.npy,IMG-250627-01137,univali_dataset,C
IMG-250627-01138.npy,IMG-250627-01138,univali_dataset,C
IMG-250627-01139.npy,IMG-250627-01139,univali_dataset,C
IMG-250627-01140.npy,IMG-250627-01140,univali_dataset,C
IMG-250627-01141.npy,IMG-250627-01141,univali_dataset,C
IMG-250627-01142.npy,IMG-250627-01142,univali_dataset,C
IMG-250627-01143.npy,IMG-250627-01143,univali_dataset,C
IMG-250627-01144.npy,IMG-250627-01144,univali_dataset,C
IMG-250627-01145.npy,IMG-250627-01145,univali_dataset,C
IMG-250627-01146.npy,IMG-250627-01146,univali_dataset,C
IMG-250627-01147.npy,IMG-250627-01147,univali_dataset,C
IMG-250627-01148.npy,IMG-250627-01148,univali_dataset,C
IMG-250627-01149.npy,IMG-250627-01149,univali_dataset,C
IMG-250627-01150.npy,IMG-250627-01150,univali_dataset,C
IMG-250627-01151.npy,IMG-250627-01151,univali_dataset,C
IMG-250627-01152.npy,IMG-250627-01152,univali_dataset,C
IMG-250627-01153.npy,IMG-250627-01153,univali_dataset,C
IMG-250627-01154.npy,IMG-250627-01154,univali_dataset,C
IMG-250627-01155.npy,IMG-250627-01155,univali_dataset,C
IMG-250627-01156.npy,IMG-250627-01156,univali_dataset,C
IMG-250627-01157.npy,IMG-250627-01157,univali_dataset,C
IMG-250627-01158.npy,IMG-250627-01158,univali_dataset,C
IMG-250627-01159.npy,IMG-250627-01159,univali_dataset,C
IMG-250627-01160.npy,IMG-250627-01160,univali_dataset,C
IMG-250627-01161.npy,IMG-250627-01161,univali_dataset,C
IMG-250627-01162.npy,IMG-250627-01162,univali_dataset,C
IMG-250627-01163.npy,IMG-250627-01163,univali_dataset,C
IMG-250627-01164.npy,IMG-250627-01164,univali_dataset,C
IMG-250627-01165.npy,IMG-250627-01165,univali_dataset,C
IMG-250627-01166.npy,IMG-250627-01166,univali_dataset,C
IMG-250627-01167.npy,IMG-250627-01167,univali_dataset,C
IMG-250627-01168.npy,IMG-250627-01168,univali_dataset,C
IMG-250627-01169.npy,IMG-250627-01169,univali_dataset,C
IMG-250627-01170.npy,IMG-250627-01170,univali_dataset,C
IMG-250627-01171.npy,IMG-250627-01171,univali_dataset,C
IMG-250627-01172.npy,IMG-250627-01172,univali_dataset,C
IMG-250627-01173.npy,IMG-250627-01173,univali_dataset,C
IMG-250627-01174.npy,IMG-250627-01174,univali_dataset,C
IMG-250627-01175.npy,IMG-250627-01175,univali_dataset,C
IMG-250627-01176.npy,IMG-250627-01176,univali_dataset,C
IMG-250627-01177.npy,IMG-250627-01177,univali_dataset,C
IMG-250627-01178.npy,IMG-250627-01178,univali_dataset,C
IMG-250627-01179.npy,IMG-250627-01179,univali_dataset,C
IMG-250627-01180.npy,IMG-250627-01180,univali_dataset,C
IMG-250627-01181.npy,IMG-250627-01181,univali_dataset,C
IMG-250627-01182.npy,IMG-250627-01182,univali_dataset,C
IMG-250627-01183.npy,IMG-250627-01183,univali_dataset,C
IMG-250627-01184.npy,IMG-250627-01184,univali_dataset,C
IMG-250627-01185.npy,IMG-250627-01185,univali_dataset,C
IMG-250627-01186.npy,IMG-250627-01186,univali_dataset,C
IMG-250627-01187.npy,IMG-250627-01187,univali_dataset,C
IMG-250627-01188.npy,IMG-250627-01188,univali_dataset,C
IMG-250627-01189.npy,IMG-250627-01189,univali_dataset,C
IMG-250627-01190.npy,IMG-250627-01190,univali_dataset,C
IMG-250627-01191.npy,IMG-250627-01191,univali_dataset,C
IMG-250627-01192.npy,IMG-250627-01192,univali_dataset,C
IMG-250627-01193.npy,IMG-250627-01193,univali_dataset,C
IMG-250627-01194.npy,IMG-250627-01194,univali_dataset,C
IMG-250627-01195.npy,IMG-250627-01195,univali_dataset,C
IMG-250627-01196.npy,IMG-250627-01196,univali_dataset,C
IMG-250627-01197.npy,IMG-250627-01197,univali_dataset,C
IMG-250627-01198.npy,IMG-250627-01198,univali_dataset,C
IMG-250627-01199.npy,IMG-250627-01199,univali_dataset,C
IMG-250627-01200.npy,IMG-250627-01200,univali_dataset,C
IMG-250627-01201.npy,IMG-250627-01201,univali_dataset,C
IMG-250627-01202.npy,IMG-250627-01202,univali_dataset,C
IMG-250627-01203.npy,IMG-250627-01203,univali_dataset,C
IMG-250627-01204.npy,IMG-250627-01204,univali_dataset,C
IMG-250627-01205.npy,IMG-250627-01205,univali_dataset,C
IMG-250627-01206.npy,IMG-250627-01206,univali_dataset,C
IMG-250627-01207.npy,IMG-250627-01207,univali_dataset,C
IMG-250627-01208.npy,IMG-250627-01208,univali_dataset,C
IMG-250627-01209.npy,IMG-250627-01209,univali_dataset,C
IMG-250627-01210.npy,IMG-250627-01210,univali_dataset,C
IMG-250627-01211.npy,IMG-250627-01211,univali_dataset,C
IMG-250627-01212.npy,IMG-250627-01212,univali_dataset,C
IMG-250627-01213.npy,IMG-250627-01213,univali_dataset,C
IMG-250627-01214.npy,IMG-250627-01214,univali_dataset,C
IMG-250627-01215.npy,IMG-250627-01215,univali_dataset,C
IMG-250627-01216.npy,IMG-250627-01216,univali_dataset,C
IMG-250627-01217.npy,IMG-250627-01217,univali_dataset,C
IMG-250627-01218.npy,IMG-250627-01218,univali_dataset,C
IMG-250627-01219.npy,IMG-250627-01219,univali_dataset,C
IMG-250627-01220.npy,IMG-250627-01220,univali_dataset,C
IMG-250627-01221.npy,IMG-250627-01221,univali_dataset,C
IMG-250627-01222.npy,IMG-250627-01222,univali_dataset,C
IMG-250627-01223.npy,IMG-250627-01223,univali_dataset,C
IMG-250627-01224.npy,IMG-250627-01224,univali_dataset,C
IMG-250627-01225.npy,IMG-250627-01225,univali_dataset,C
IMG-250627-01226.npy,IMG-250627-01226,univali_dataset,C
IMG-250627-01227.npy,IMG-250627-01227,univali_dataset,C
IMG-250627-01228.npy,IMG-250627-01228,univali_dataset,C
IMG-250627-01229.npy,IMG-250627-01229,univali_dataset,C
IMG-250627-01230.npy,IMG-250627-01230,univali_dataset,C
IMG-250627-01231.npy,IMG-250627-01231,univali_dataset,C
IMG-250627-01232.npy,IMG-250627-01232,univali_dataset,C
IMG-250627-01233.npy,IMG-250627-01233,univali_dataset,C
IMG-250627-01234.npy,IMG-250627-01234,univali_dataset,C
IMG-250627-01235.npy,IMG-250627-01235,univali_dataset,C
IMG-250627-01236.npy,IMG-250627-01236,univali_dataset,C
IMG-250627-01237.npy,IMG-250627-01237,univali_dataset,C
IMG-250627-01238.npy,IMG-250627-01238,univali_dataset,C
IMG-250627-01239.npy,IMG-250627-01239,univali_dataset,C
IMG-250627-01240.npy,IMG-250627-01240,univali_dataset,C
IMG-250627-01241.npy,IMG-250627-01241,univali_dataset,C
IMG-250627-01242.npy,IMG-250627-01242,univali_dataset,C
IMG-250627-01243.npy,IMG-250627-01243,univali_dataset,C
IMG-250627-01244.npy,IMG-250627-01244,univali_dataset,C
IMG-250627-01245.npy,IMG-250627-01245,univali_dataset,C
IMG-250627-01246.npy,IMG-250627-01246,univali_dataset,C
IMG-250627-01247.npy,IMG-250627-01247,univali_dataset,C
IMG-250627-01248.npy,IMG-250627-01248,univali_dataset,C
IMG-250627-01249.npy,IMG-250627-01249,univali_dataset,C
IMG-250627-01250.npy,IMG-250627-01250,univali_dataset,C
IMG-250627-01251.npy,IMG-250627-01251,univali_dataset,C
IMG-250627-01252.npy,IMG-250627-01252,univali_dataset,C
IMG-250627-01253.npy,IMG-250627-01253,univali_dataset,C
IMG-250627-01254.npy,IMG-250627-01254,univali_dataset,C
IMG-250627-01255.npy,IMG-250627-01255,univali_dataset,C
IMG-250627-01256.npy,IMG-250627-01256,univali_dataset,C
IMG-250627-01257.npy,IMG-250627-01257,univali_dataset,C
IMG-250627-01258.npy,IMG-250627-01258,univali_dataset,C
IMG-250627-01259.npy,IMG-250627-01259,univali_dataset,C
IMG-250627-01260.npy,IMG-250627-01260,univali_dataset,C
IMG-250627-01261.npy,IMG-250627-01261,univali_dataset,C
IMG-250627-01262.npy,IMG-250627-01262,univali_dataset,C
IMG-250627-01263.npy,IMG-250627-01263,univali_dataset,C
IMG-250627-01264.npy,IMG-250627-01264,univali_dataset,C
IMG-250627-01265.npy,IMG-250627-01265,univali_dataset,C
IMG-250627-01266.npy,IMG-250627-01266,univali_dataset,C
IMG-250627-01267.npy,IMG-250627-01267,univali_dataset,C
IMG-250627-01268.npy,IMG-250627-01268,univali_dataset,C
IMG-250627-01269.npy,IMG-250627-01269,univali_dataset,C
IMG-250627-01270.npy,IMG-250627-01270,univali_dataset,C
IMG-250627-01271.npy,IMG-250627-01271,univali_dataset,C
IMG-250627-01272.npy,IMG-250627-01272,univali_dataset,C
IMG-250627-01273.npy,IMG-250627-01273,univali_dataset,C
IMG-250627-01274.npy,IMG-250627-01274,univali_dataset,C
IMG-250627-01275.npy,IMG-250627-01275,univali_dataset,C
IMG-250627-01276.npy,IMG-250627-01276,univali_dataset,C
IMG-250627-01277.npy,IMG-250627-01277,univali_dataset,C
IMG-250627-01278.npy,IMG-250627-01278,univali_dataset,C
IMG-250627-01279.npy,IMG-250627-01279,univali_dataset,C
IMG-250627-01280.npy,IMG-250627-01280,univali_dataset,C
IMG-250627-01281.npy,IMG-250627-01281,univali_dataset,C
IMG-250627-01282.npy,IMG-250627-01282,univali_dataset,C
IMG-250627-01283.npy,IMG-250627-01283,univali_dataset,C
IMG-250627-01284.npy,IMG-250627-01284,univali_dataset,C
IMG-250627-01285.npy,IMG-250627-01285,univali_dataset,C
IMG-250627-01286.npy,IMG-250627-01286,univali_dataset,C
IMG-250627-01287.npy,IMG-250627-01287,univali_dataset,C
IMG-250627-01288.npy,IMG-250627-01288,univali_dataset,C
IMG-250627-01289.npy,IMG-250627-01289,univali_dataset,C
IMG-250627-01290.npy,IMG-250627-01290,univali_dataset,C
IMG-250627-01291.npy,IMG-250627-01291,univali_dataset,C
IMG-250627-01292.npy,IMG-250627-01292,univali_dataset,C
IMG-250627-01293.npy,IMG-250627-01293,univali_dataset,C
IMG-250627-01294.npy,IMG-250627-01294,univali_dataset,C
IMG-250627-01295.npy,IMG-250627-01295,univali_dataset,C
IMG-250627-01296.npy,IMG-250627-01296,univali_dataset,C
IMG-250627-01297.npy,IMG-250627-01297,univali_dataset,C
IMG-250627-01298.npy,IMG-250627-01298,univali_dataset,C
IMG-250627-01299.npy,IMG-250627-01299,univali_dataset,C
IMG-250627-01300.npy,IMG-250627-01300,univali_dataset,C
IMG-250627-01301.npy,IMG-250627-01301,univali_dataset,C
IMG-250627-01302.npy,IMG-250627-01302,univali_dataset,C
IMG-250627-01303.npy,IMG-250627-01303,univali_dataset,C
IMG-250627-01304.npy,IMG-250627-01304,univali_dataset,C
IMG-250627-01305.npy,IMG-250627-01305,univali_dataset,C
IMG-250627-01306.npy,IMG-250627-01306,univali_dataset,C
IMG-250627-01307.npy,IMG-250627-01307,univali_dataset,C
IMG-250627-01308.npy,IMG-250627-01308,univali_dataset,C
IMG-250627-01309.npy,IMG-250627-01309,univali_dataset,C
IMG-250627-01310.npy,IMG-250627-01310,univali_dataset,C
IMG-250627-01311.npy,IMG-250627-01311,univali_dataset,C
IMG-250627-01312.npy,IMG-250627-01312,univali_dataset,C
IMG-250627-01313.npy,IMG-250627-01313,univali_dataset,C
IMG-250627-01314.npy,IMG-250627-01314,univali_dataset,C
IMG-250627-01315.npy,IMG-250627-01315,univali_dataset,C
IMG-250627-01316.npy,IMG-250627-01316,univali_dataset,C
IMG-250627-01317.npy,IMG-250627-01317,univali_dataset,C
IMG-250627-01318.npy,IMG-250627-01318,univali_dataset,C
IMG-250627-01319.npy,IMG-250627-01319,univali_dataset,C
IMG-250627-01320.npy,IMG-250627-01320,univali_dataset,C
IMG-250627-01321.npy,IMG-250627-01321,univali_dataset,C
IMG-250627-01322.npy,IMG-250627-01322,univali_dataset,C
IMG-250627-01323.npy,IMG-250627-01323,univali_dataset,C
IMG-250627-01324.npy,IMG-250627-01324,univali_dataset,C
IMG-250627-01325.npy,IMG-250627-01325,univali_dataset,C
IMG-250627-01326.npy,IMG-250627-01326,univali_dataset,C
IMG-250627-01327.npy,IMG-250627-01327,univali_dataset,C
IMG-250627-01328.npy,IMG-250627-01328,univali_dataset,C
IMG-250627-01329.npy,IMG-250627-01329,univali_dataset,C
IMG-250627-01330.npy,IMG-250627-01330,univali_dataset,C
IMG-250627-01331.npy,IMG-250627-01331,univali_dataset,C
IMG-250627-01332.npy,IMG-250627-01332,univali_dataset,C
IMG-250627-01333.npy,IMG-250627-01333,univali_dataset,C
IMG-250627-01334.npy,IMG-250627-01334,univali_dataset,C
IMG-250627-01335.npy,IMG-250627-01335,univali_dataset,C
IMG-250627-01336.npy,IMG-250627-01336,univali_dataset,C
IMG-250627-01337.npy,IMG-250627-01337,univali_dataset,C
IMG-250627-01338.npy,IMG-250627-01338,univali_dataset,C
IMG-250627-01339.npy,IMG-250627-01339,univali_dataset,C
IMG-250627-01340.npy,IMG-250627-01340,univali_dataset,C
IMG-250627-01341.npy,IMG-250627-01341,univali_dataset,C
IMG-250627-01342.npy,IMG-250627-01342,univali_dataset,C
IMG-250627-01343.npy,IMG-250627-01343,univali_dataset,C
IMG-250627-01344.npy,IMG-250627-01344,univali_dataset,C
IMG-250627-01345.npy,IMG-250627-01345,univali_dataset,C
IMG-250627-01346.npy,IMG-250627-01346,univali_dataset,C
IMG-250627-01347.npy,IMG-250627-01347,univali_dataset,C
IMG-250627-01348.npy,IMG-250627-01348,univali_dataset,C
IMG-250627-01349.npy,IMG-250627-01349,univali_dataset,C
IMG-250627-01350.npy,IMG-250627-01350,univali_dataset,C
IMG-250627-01351.npy,IMG-250627-01351,univali_dataset,C
IMG-250627-01352.npy,IMG-250627-01352,univali_dataset,C
IMG-250627-01353.npy,IMG-250627-01353,univali_dataset,C
IMG-250627-01354.npy,IMG-250627-01354,univali_dataset,C
IMG-250627-01355.npy,IMG-250627-01355,univali_dataset,C
IMG-250627-01356.npy,IMG-250627-01356,univali_dataset,C
IMG-250627-01357.npy,IMG-250627-01357,univali_dataset,C
IMG-250627-01358.npy,IMG-250627-01358,univali_dataset,C
IMG-250627-01359.npy,IMG-250627-01359,univali_dataset,C
IMG-250627-01360.npy,IMG-250627-01360,univali_dataset,C
IMG-250627-01361.npy,IMG-250627-01361,univali_dataset,C
IMG-250627-01362.npy,IMG-250627-01362,univali_dataset,C
IMG-250627-01363.npy,IMG-250627-01363,univali_dataset,C
IMG-250627-01364.npy,IMG-250627-01364,univali_dataset,C
IMG-250627-01365.npy,IMG-250627-01365,univali_dataset,C
IMG-250627-01366.npy,IMG-250627-01366,univali_dataset,C
IMG-250627-01367.npy,IMG-250627-01367,univali_dataset,C
IMG-250627-01368.npy,IMG-250627-01368,univali_dataset,C
IMG-250627-01369.npy,IMG-250627-01369,univali_dataset,C
IMG-250627-01370.npy,IMG-250627-01370,univali_dataset,C
IMG-250627-01371.npy,IMG-250627-01371,univali_dataset,C
IMG-250627-01372.npy,IMG-250627-01372,univali_dataset,C
IMG-250627-01373.npy,IMG-250627-01373,univali_dataset,C
IMG-250627-01374.npy,IMG-250627-01374,univali_dataset,C
IMG-250627-01375.npy,IMG-250627-01375,univali_dataset,C
IMG-250627-01376.npy,IMG-250627-01376,univali_dataset,C
IMG-250627-01377.npy,IMG-250627-01377,univali_dataset,C
IMG-250627-01378.npy,IMG-250627-01378,univali_dataset,C
IMG-250627-01379.npy,IMG-250627-01379,univali_dataset,C
IMG-250627-01380.npy,IMG-250627-01380,univali_dataset,C
IMG-250627-01381.npy,IMG-250627-01381,univali_dataset,C
IMG-250627-01382.npy,IMG-250627-01382,univali_dataset,C
IMG-250627-01383.npy,IMG-250627-01383,univali_dataset,C
IMG-250627-01384.npy,IMG-250627-01384,univali_dataset,C
IMG-250627-01385.npy,IMG-250627-01385,univali_dataset,C
IMG-250627-01386.npy,IMG-250627-01386,univali_dataset,C
IMG-250627-01387.npy,IMG-250627-01387,univali_dataset,C
IMG-250627-01388.npy,IMG-250627-01388,univali_dataset,C
IMG-250627-01389.npy,IMG-250627-01389,univali_dataset,C
IMG-250627-01390.npy,IMG-250627-01390,univali_dataset,C
IMG-250627-01391.npy,IMG-250627-01391,univali_dataset,C
IMG-250627-01392.npy,IMG-250627-01392,univali_dataset,C
IMG-250627-01393.npy,IMG-250627-01393,univali_dataset,C
IMG-250627-01394.npy,IMG-250627-01394,univali_dataset,C
IMG-250627-01395.npy,IMG-250627-01395,univali_dataset,C
IMG-250627-01396.npy,IMG-250627-01396,univali_dataset,C
IMG-250627-01397.npy,IMG-250627-01397,univali_dataset,C
IMG-250627-01398.npy,IMG-250627-01398,univali_dataset,C
IMG-250627-01399.npy,IMG-250627-01399,univali_dataset,C
IMG-250627-01400.npy,IMG-250627-01400,univali_dataset,C
IMG-250627-01401.npy,IMG-250627-01401,univali_dataset,C
IMG-250627-01402.npy,IMG-250627-01402,univali_dataset,C
IMG-250627-01403.npy,IMG-250627-01403,univali_dataset,C
IMG-250627-01404.npy,IMG-250627-01404,univali_dataset,C
IMG-250627-01405.npy,IMG-250627-01405,univali_dataset,C
IMG-250627-01406.npy,IMG-250627-01406,univali_dataset,C
IMG-250627-01407.npy,IMG-250627-01407,univali_dataset,C
IMG-250627-01408.npy,IMG-250627-01408,univali_dataset,C
IMG-250627-01409.npy,IMG-250627-01409,univali_dataset,C
IMG-250627-01410.npy,IMG-250627-01410,univali_dataset,C
IMG-250627-01411.npy,IMG-250627-01411,univali_dataset,C
IMG-250627-01412.npy,IMG-250627-01412,univali_dataset,C
IMG-250627-01413.npy,IMG-250627-01413,univali_dataset,C
IMG-250627-01414.npy,IMG-250627-01414,univali_dataset,C
IMG-250627-01415.npy,IMG-250627-01415,univali_dataset,C
IMG-250627-01416.npy,IMG-250627-01416,univali_dataset,C
IMG-250627-01417.npy,IMG-250627-01417,univali_dataset,C
IMG-250627-01418.npy,IMG-250627-01418,univali_dataset,C
IMG-250627-01419.npy,IMG-250627-01419,univali_dataset,C
IMG-250627-01420.npy,IMG-250627-01420,univali_dataset,C
IMG-250627-01421.npy,IMG-250627-01421,univali_dataset,C
IMG-250627-01422.npy,IMG-250627-01422,univali_dataset,C
IMG-250627-01423.npy,IMG-250627-01423,univali_dataset,C
IMG-250627-01424.npy,IMG-250627-01424,univali_dataset,C
IMG-250627-01425.npy,IMG-250627-01425,univali_dataset,C
IMG-250627-01426.npy,IMG-250627-01426,univali_dataset,C
IMG-250627-01427.npy,IMG-250627-01427,univali_dataset,C
IMG-250627-01428.npy,IMG-250627-01428,univali_dataset,C
IMG-250627-01429.npy,IMG-250627-01429,univali_dataset,C
IMG-250627-01430.npy,IMG-250627-01430,univali_dataset,C
IMG-250627-01431.npy,IMG-250627-01431,univali_dataset,C
IMG-250627-01432.npy,IMG-250627-01432,univali_dataset,C
IMG-250627-01433.npy,IMG-250627-01433,univali_dataset,C
IMG-250627-01434.npy,IMG-250627-01434,univali_dataset,C
IMG-250627-01435.npy,IMG-250627-01435,univali_dataset,C
IMG-250627-01436.npy,IMG-250627-01436,univali_dataset,C
IMG-250627-01437.npy,IMG-250627-01437,univali_dataset,C
IMG-250627-01438.npy,IMG-250627-01438,univali_dataset,C
IMG-250627-01439.npy,IMG-250627-01439,univali_dataset,C
IMG-250627-01440.npy,IMG-250627-01440,univali_dataset,C
IMG-250627-01441.npy,IMG-250627-01441,univali_dataset,C
IMG-250627-01442.npy,IMG-250627-01442,univali_dataset,C
IMG-250627-01443.npy,IMG-250627-01443,univali_dataset,C
IMG-250627-01444.npy,IMG-250627-01444,univali_dataset,C
IMG-250627-01445.npy,IMG-250627-01445,univali_dataset,C
IMG-250627-01446.npy,IMG-250627-01446,univali_dataset,C
IMG-250627-01447.npy,IMG-250627-01447,univali_dataset,C
IMG-250627-01448.npy,IMG-250627-01448,univali_dataset,C
IMG-250627-01449.npy,IMG-250627-01449,univali_dataset,C
IMG-250627-01450.npy,IMG-250627-01450,univali_dataset,C
IMG-250627-01451.npy,IMG-250627-01451,univali_dataset,C
IMG-250627-01452.npy,IMG-250627-01452,univali_dataset,C
IMG-250627-01453.npy,IMG-250627-01453,univali_dataset,C
IMG-250627-01454.npy,IMG-250627-01454,univali_dataset,C
IMG-250627-01455.npy,IMG-250627-01455,univali_dataset,C
IMG-250627-01456.npy,IMG-250627-01456,univali_dataset,C
IMG-250627-01457.npy,IMG-250627-01457,univali_dataset,C
IMG-250627-01458.npy,IMG-250627-01458,univali_dataset,C
IMG-250627-01459.npy,IMG-250627-01459,univali_dataset,C
IMG-250627-01460.npy,IMG-250627-01460,univali_dataset,C
IMG-250627-01461.npy,IMG-250627-01461,univali_dataset,C
IMG-250627-01462.npy,IMG-250627-01462,univali_dataset,C
IMG-250627-01463.npy,IMG-250627-01463,univali_dataset,C
IMG-250627-01464.npy,IMG-250627-01464,univali_dataset,C
IMG-250627-01465.npy,IMG-250627-01465,univali_dataset,C
IMG-250627-01466.npy,IMG-250627-01466,univali_dataset,C
IMG-250627-01467.npy,IMG-250627-01467,univali_dataset,C
IMG-250627-01468.npy,IMG-250627-01468,univali_dataset,C
IMG-250627-01469.npy,IMG-250627-01469,univali_dataset,C
IMG-250627-01470.npy,IMG-250627-01470,univali_dataset,C
IMG-250627-01471.npy,IMG-250627-01471,univali_dataset,C
IMG-250627-01472.npy,IMG-250627-01472,univali_dataset,C
IMG-250627-01473.npy,IMG-250627-01473,univali_dataset,C
IMG-250627-01474.npy,IMG-250627-01474,univali_dataset,C
IMG-250627-01475.npy,IMG-250627-01475,univali_dataset,C
IMG-250627-01476.npy,IMG-250627-01476,univali_dataset,C
IMG-250627-01477.npy,IMG-250627-01477,univali_dataset,C
IMG-250627-01478.npy,IMG-250627-01478,univali_dataset,C
IMG-250627-01479.npy,IMG-250627-01479,univali_dataset,C
IMG-250627-01480.npy,IMG-250627-01480,univali_dataset,C
IMG-250627-01481.npy,IMG-250627-01481,univali_dataset,C
IMG-250627-01482.npy,IMG-250627-01482,univali_dataset,C
IMG-250627-01483.npy,IMG-250627-01483,univali_dataset,C
IMG-250627-01484.npy,IMG-250627-01484,univali_dataset,C
IMG-250627-01485.npy,IMG-250627-01485,univali_dataset,C
IMG-250627-01486.npy,IMG-250627-01486,univali_dataset,C
IMG-250627-01487.npy,IMG-250627-01487,univali_dataset,C
IMG-250627-01488.npy,IMG-250627-01488,univali_dataset,C
IMG-250627-01489.npy,IMG-250627-01489,univali_dataset,C
IMG-250627-01490.npy,IMG-250627-01490,univali_dataset,C
IMG-250627-01491.npy,IMG-250627-01491,univali_dataset,C
IMG-250627-01492.npy,IMG-250627-01492,univali_dataset,C
IMG-250627-01493.npy,IMG-250627-01493,univali_dataset,C
IMG-250627-01494.npy,IMG-250627-01494,univali_dataset,C
IMG-250627-01495.npy,IMG-250627-01495,univali_dataset,C
IMG-250627-01496.npy,IMG-250627-01496,univali_dataset,C
IMG-250627-01497.npy,IMG-250627-01497,univali_dataset,C
IMG-250627-01498.npy,IMG-250627-01498,univali_dataset,C
IMG-250627-01499.npy,IMG-250627-01499,univali_dataset,C
IMG-250627-01500.npy,IMG-250627-01500,univali_dataset,C
IMG-250627-01501.npy,IMG-250627-01501,univali_dataset,C
IMG-250627-01502.npy,IMG-250627-01502,univali_dataset,C
IMG-250627-01503.npy,IMG-250627-01503,univali_dataset,C
IMG-250627-01504.npy,IMG-250627-01504,univali_dataset,C
IMG-250627-01505.npy,IMG-250627-01505,univali_dataset,C
IMG-250627-01506.npy,IMG-250627-01506,univali_dataset,C
IMG-250627-01507.npy,IMG-250627-01507,univali_dataset,C
IMG-250627-01508.npy,IMG-250627-01508,univali_dataset,C
IMG-250627-01509.npy,IMG-250627-01509,univali_dataset,C
IMG-250627-01510.npy,IMG-250627-01510,univali_dataset,C
IMG-250627-01511.npy,IMG-250627-01511,univali_dataset,C
IMG-250627-01512.npy,IMG-250627-01512,univali_dataset,C
IMG-250627-01513.npy,IMG-250627-01513,univali_dataset,C
IMG-250627-01514.npy,IMG-250627-01514,univali_dataset,C
IMG-250627-01515.npy,IMG-250627-01515,univali_dataset,C
IMG-250627-01516.npy,IMG-250627-01516,univali_dataset,C
IMG-250627-01517.npy,IMG-250627-01517,univali_dataset,C
IMG-250627-01518.npy,IMG-250627-01518,univali_dataset,C
IMG-250627-01519.npy,IMG-250627-01519,univali_dataset,C
IMG-250627-01520.npy,IMG-250627-01520,univali_dataset,C
IMG-250627-01521.npy,IMG-250627-01521,univali_dataset,C
IMG-250627-01522.npy,IMG-250627-01522,univali_dataset,C
IMG-250627-01523.npy,IMG-250627-01523,univali_dataset,C
IMG-250627-01524.npy,IMG-250627-01524,univali_dataset,C
IMG-250627-01525.npy,IMG-250627-01525,univali_dataset,C
IMG-250627-01526.npy,IMG-250627-01526,univali_dataset,C
IMG-250627-01527.npy,IMG-250627-01527,univali_dataset,C
IMG-250627-01528.npy,IMG-250627-01528,univali_dataset,C
IMG-250627-01529.npy,IMG-250627-01529,univali_dataset,C
IMG-250627-01530.npy,IMG-250627-01530,univali_dataset,C
IMG-250627-01531.npy,IMG-250627-01531,univali_dataset,C
IMG-250627-01532.npy,IMG-250627-01532,univali_dataset,C
IMG-250627-01533.npy,IMG-250627-01533,univali_dataset,C
IMG-250627-01534.npy,IMG-250627-01534,univali_dataset,C
IMG-250627-01535.npy,IMG-250627-01535,univali_dataset,C
IMG-250627-01536.npy,IMG-250627-01536,univali_dataset,C
IMG-250627-01537.npy,IMG-250627-01537,univali_dataset,C
IMG-250627-01538.npy,IMG-250627-01538,univali_dataset,C
IMG-250627-01539.npy,IMG-250627-01539,univali_dataset,C
IMG-250627-01540.npy,IMG-250627-01540,univali_dataset,C
IMG-250627-01541.npy,IMG-250627-01541,univali_dataset,C
IMG-250627-01542.npy,IMG-250627-01542,univali_dataset,C
IMG-250627-01543.npy,IMG-250627-01543,univali_dataset,C
IMG-250627-01544.npy,IMG-250627-01544,univali_dataset,C
IMG-250627-01545.npy,IMG-250627-01545,univali_dataset,C
IMG-250627-01546.npy,IMG-250627-01546,univali_dataset,C
IMG-250627-01547.npy,IMG-250627-01547,univali_dataset,C
IMG-250627-01548.npy,IMG-250627-01548,univali_dataset,C
IMG-250627-01549.npy,IMG-250627-01549,univali_dataset,C
IMG-250627-01550.npy,IMG-250627-01550,univali_dataset,C
IMG-250627-01551.npy,IMG-250627-01551,univali_dataset,C
IMG-250627-01552.npy,IMG-250627-01552,univali_dataset,C
IMG-250627-01553.npy,IMG-250627-01553,univali_dataset,C
IMG-250627-01554.npy,IMG-250627-01554,univali_dataset,C
IMG-250627-01555.npy,IMG-250627-01555,univali_dataset,C
IMG-250627-01556.npy,IMG-250627-01556,univali_dataset,C
IMG-250627-01557.npy,IMG-250627-01557,univali_dataset,C
IMG-250627-01558.npy,IMG-250627-01558,univali_dataset,C
IMG-250627-01559.npy,IMG-250627-01559,univali_dataset,C
IMG-250627-01560.npy,IMG-250627-01560,univali_dataset,C
IMG-250627-01561.npy,IMG-250627-01561,univali_dataset,C
IMG-250627-01562.npy,IMG-250627-01562,univali_dataset,C
IMG-250627-01563.npy,IMG-250627-01563,univali_dataset,C
IMG-250627-01564.npy,IMG-250627-01564,univali_dataset,C
IMG-250627-01565.npy,IMG-250627-01565,univali_dataset,C
IMG-250627-01566.npy,IMG-250627-01566,univali_dataset,C
IMG-250627-01567.npy,IMG-250627-01567,univali_dataset,C
IMG-250627-01568.npy,IMG-250627-01568,univali_dataset,C
IMG-250627-01569.npy,IMG-250627-01569,univali_dataset,C
IMG-250627-01570.npy,IMG-250627-01570,univali_dataset,C
IMG-250627-01571.npy,IMG-250627-01571,univali_dataset,C
IMG-250627-01572.npy,IMG-250627-01572,univali_dataset,C
IMG-250627-01573.npy,IMG-250627-01573,univali_dataset,C
IMG-250627-01574.npy,IMG-250627-01574,univali_dataset,C
IMG-250627-01575.npy,IMG-250627-01575,univali_dataset,C
IMG-250627-01576.npy,IMG-250627-01576,univali_dataset,C
IMG-250627-01577.npy,IMG-250627-01577,univali_dataset,C
IMG-250627-01578.npy,IMG-250627-01578,univali_dataset,C
IMG-250627-01579.npy,IMG-250627-01579,univali_dataset,C
IMG-250627-01580.npy,IMG-250627-01580,univali_dataset,C
IMG-250627-01581.npy,IMG-250627-01581,univali_dataset,C
IMG-250627-01582.npy,IMG-250627-01582,univali_dataset,C
IMG-250627-01583.npy,IMG-250627-01583,univali_dataset,C
IMG-250627-01584.npy,IMG-250627-01584,univali_dataset,C
IMG-250627-01585.npy,IMG-250627-01585,univali_dataset,C
IMG-250627-01586.npy,IMG-250627-01586,univali_dataset,C
IMG-250627-01587.npy,IMG-250627-01587,univali_dataset,C
IMG-250627-01588.npy,IMG-250627-01588,univali_dataset,C
IMG-250627-01589.npy,IMG-250627-01589,univali_dataset,C
IMG-250627-01590.npy,IMG-250627-01590,univali_dataset,C
IMG-250627-01591.npy,IMG-250627-01591,univali_dataset,C
IMG-250627-01592.npy,IMG-250627-01592,univali_dataset,C
IMG-250627-01593.npy,IMG-250627-01593,univali_dataset,C
IMG-250627-01594.npy,IMG-250627-01594,univali_dataset,C
IMG-250627-01595.npy,IMG-250627-01595,univali_dataset,C
IMG-250627-01596.npy,IMG-250627-01596,univali_dataset,C
IMG-250627-01597.npy,IMG-250627-01597,univali_dataset,C
IMG-250627-01598.npy,IMG-250627-01598,univali_dataset,C
IMG-250627-01599.npy,IMG-250627-01599,univali_dataset,C
IMG-250627-01600.npy,IMG-250627-01600,univali_dataset,C
IMG-250627-01601.npy,IMG-250627-01601,univali_dataset,C
IMG-250627-01602.npy,IMG-250627-01602,univali_dataset,C
IMG-250627-01603.npy,IMG-250627-01603,univali_dataset,C
IMG-250627-01604.npy,IMG-250627-01604,univali_dataset,C
IMG-250627-01605.npy,IMG-250627-01605,univali_dataset,C
IMG-250627-01606.npy,IMG-250627-01606,univali_dataset,C
IMG-250627-01607.npy,IMG-250627-01607,univali_dataset,C
IMG-250627-01608.npy,IMG-250627-01608,univali_dataset,C
IMG-250627-01609.npy,IMG-250627-01609,univali_dataset,C
IMG-250627-01610.npy,IMG-250627-01610,univali_dataset,C
IMG-250627-01611.npy,IMG-250627-01611,univali_dataset,C
IMG-250627-01612.npy,IMG-250627-01612,univali_dataset,C
IMG-250627-01613.npy,IMG-250627-01613,univali_dataset,C
IMG-250627-01614.npy,IMG-250627-01614,univali_dataset,C
IMG-250627-01615.npy,IMG-250627-01615,univali_dataset,C
IMG-250627-01616.npy,IMG-250627-01616,univali_dataset,C
IMG-250627-01617.npy,IMG-250627-01617,univali_dataset,C
IMG-250627-01618.npy,IMG-250627-01618,univali_dataset,C
IMG-250627-01619.npy,IMG-250627-01619,univali_dataset,C
IMG-250627-01620.npy,IMG-250627-01620,univali_dataset,C
IMG-250627-01621.npy,IMG-250627-01621,univali_dataset,C
IMG-250627-01622.npy,IMG-250627-01622,univali_dataset,C
IMG-250627-01623.npy,IMG-250627-01623,univali_dataset,C
IMG-250627-01624.npy,IMG-250627-01624,univali_dataset,C
IMG-250627-01625.npy,IMG-250627-01625,univali_dataset,C
IMG-250627-01626.npy,IMG-250627-01626,univali_dataset,C
IMG-250627-01627.npy,IMG-250627-01627,univali_dataset,C
IMG-250627-01628.npy,IMG-250627-01628,univali_dataset,C
IMG-250627-01629.npy,IMG-250627-01629,univali_dataset,C
IMG-250627-01630.npy,IMG-250627-01630,univali_dataset,C
IMG-250627-01631.npy,IMG-250627-01631,univali_dataset,D
IMG-250627-01632.npy,IMG-250627-01632,univali_dataset,D
IMG-250627-01633.npy,IMG-250627-01633,univali_dataset,D
IMG-250627-01634.npy,IMG-250627-01634,univali_dataset,D
IMG-250627-01635.npy,IMG-250627-01635,univali_dataset,D
IMG-250627-01636.npy,IMG-250627-01636,univali_dataset,D
IMG-250627-01637.npy,IMG-250627-01637,univali_dataset,D
IMG-250627-01638.npy,IMG-250627-01638,univali_dataset,D
IMG-250627-01639.npy,IMG-250627-01639,univali_dataset,D
IMG-250627-01640.npy,IMG-250627-01640,univali_dataset,D
IMG-250627-01641.npy,IMG-250627-01641,univali_dataset,D
IMG-250627-01642.npy,IMG-250627-01642,univali_dataset,D
IMG-250627-01643.npy,IMG-250627-01643,univali_dataset,D
IMG-250627-01644.npy,IMG-250627-01644,univali_dataset,D
IMG-250627-01645.npy,IMG-250627-01645,univali_dataset,D
IMG-250627-01646.npy,IMG-250627-01646,univali_dataset,D
IMG-250627-01647.npy,IMG-250627-01647,univali_dataset,D
IMG-250627-01648.npy,IMG-250627-01648,univali_dataset,D
IMG-250627-01649.npy,IMG-250627-01649,univali_dataset,D
IMG-250627-01650.npy,IMG-250627-01650,univali_dataset,D
IMG-250627-01651.npy,IMG-250627-01651,univali_dataset,D
IMG-250627-01652.npy,IMG-250627-01652,univali_dataset,D
IMG-250627-01653.npy,IMG-250627-01653,univali_dataset,D
IMG-250627-01654.npy,IMG-250627-01654,univali_dataset,D
IMG-250627-01655.npy,IMG-250627-01655,univali_dataset,D
IMG-250627-01656.npy,IMG-250627-01656,univali_dataset,D
IMG-250627-01657.npy,IMG-250627-01657,univali_dataset,D
IMG-250627-01658.npy,IMG-250627-01658,univali_dataset,D
IMG-250627-01659.npy,IMG-250627-01659,univali_dataset,D
IMG-250627-01660.npy,IMG-250627-01660,univali_dataset,D
IMG-250627-01661.npy,IMG-250627-01661,univali_dataset,D
IMG-250627-01662.npy,IMG-250627-01662,univali_dataset,D
IMG-250627-01663.npy,IMG-250627-01663,univali_dataset,D
IMG-250627-01664.npy,IMG-250627-01664,univali_dataset,D
IMG-250627-01665.npy,IMG-250627-01665,univali_dataset,D
IMG-250627-01666.npy,IMG-250627-01666,univali_dataset,D
IMG-250627-01667.npy,IMG-250627-01667,univali_dataset,D
IMG-250627-01668.npy,IMG-250627-01668,univali_dataset,D
IMG-250627-01669.npy,IMG-250627-01669,univali_dataset,D
IMG-250627-01670.npy,IMG-250627-01670,univali_dataset,D
IMG-250627-01671.npy,IMG-250627-01671,univali_dataset,D
IMG-250627-01672.npy,IMG-250627-01672,univali_dataset,D
IMG-250627-01673.npy,IMG-250627-01673,univali_dataset,D
IMG-250627-01674.npy,IMG-250627-01674,univali_dataset,D
IMG-250627-01675.npy,IMG-250627-01675,univali_dataset,D
IMG-250627-01676.npy,IMG-250627-01676,univali_dataset,D
IMG-250627-01677.npy,IMG-250627-01677,univali_dataset,D
IMG-250627-01678.npy,IMG-250627-01678,univali_dataset,D
IMG-250627-01679.npy,IMG-250627-01679,univali_dataset,D
IMG-250627-01680.npy,IMG-250627-01680,univali_dataset,D
IMG-250627-01681.npy,IMG-250627-01681,univali_dataset,D
IMG-250627-01682.npy,IMG-250627-01682,univali_dataset,D
IMG-250627-01683.npy,IMG-250627-01683,univali_dataset,D
IMG-250627-01684.npy,IMG-250627-01684,univali_dataset,D
IMG-250627-01685.npy,IMG-250627-01685,univali_dataset,D
IMG-250627-01686.npy,IMG-250627-01686,univali_dataset,D
IMG-250627-01687.npy,IMG-250627-01687,univali_dataset,D
IMG-250627-01688.npy,IMG-250627-01688,univali_dataset,D
IMG-250627-01689.npy,IMG-250627-01689,univali_dataset,D
IMG-250627-01690.npy,IMG-250627-01690,univali_dataset,D
IMG-250627-01691.npy,IMG-250627-01691,univali_dataset,D
IMG-250627-01692.npy,IMG-250627-01692,univali_dataset,D
IMG-250627-01693.npy,IMG-250627-01693,univali_dataset,D
IMG-250627-01694.npy,IMG-250627-01694,univali_dataset,D
IMG-250627-01695.npy,IMG-250627-01695,univali_dataset,D
IMG-250627-01696.npy,IMG-250627-01696,univali_dataset,D
IMG-250627-01697.npy,IMG-250627-01697,univali_dataset,D
IMG-250627-01698.npy,IMG-250627-01698,univali_dataset,D
IMG-250627-01699.npy,IMG-250627-01699,univali_dataset,D
IMG-250627-01700.npy,IMG-250627-01700,univali_dataset,D
IMG-250627-01701.npy,IMG-250627-01701,univali_dataset,D
IMG-250627-01702.npy,IMG-250627-01702,univali_dataset,D
IMG-250627-01703.npy,IMG-250627-01703,univali_dataset,D
IMG-250627-01704.npy,IMG-250627-01704,univali_dataset,D
IMG-250627-01705.npy,IMG-250627-01705,univali_dataset,D
IMG-250627-01706.npy,IMG-250627-01706,univali_dataset,D
IMG-250627-01707.npy,IMG-250627-01707,univali_dataset,D
IMG-250627-01708.npy,IMG-250627-01708,univali_dataset,D
IMG-250627-01709.npy,IMG-250627-01709,univali_dataset,D
IMG-250627-01710.npy,IMG-250627-01710,univali_dataset,D
IMG-250627-01711.npy,IMG-250627-01711,univali_dataset,D
IMG-250627-01712.npy,IMG-250627-01712,univali_dataset,D
IMG-250627-01713.npy,IMG-250627-01713,univali_dataset,D
IMG-250627-01714.npy,IMG-250627-01714,univali_dataset,D
IMG-250627-01715.npy,IMG-250627-01715,univali_dataset,D
IMG-250627-01716.npy,IMG-250627-01716,univali_dataset,D
IMG-250627-01717.npy,IMG-250627-01717,univali_dataset,D
IMG-250627-01718.npy,IMG-250627-01718,univali_dataset,D
IMG-250627-01719.npy,IMG-250627-01719,univali_dataset,D
IMG-250627-01720.npy,IMG-250627-01720,univali_dataset,D
IMG-250627-01721.npy,IMG-250627-01721,univali_dataset,D
IMG-250627-01722.npy,IMG-250627-01722,univali_dataset,D
IMG-250627-01723.npy,IMG-250627-01723,univali_dataset,D
IMG-250627-01724.npy,IMG-250627-01724,univali_dataset,D
IMG-250627-01725.npy,IMG-250627-01725,univali_dataset,D
IMG-250627-01726.npy,IMG-250627-01726,univali_dataset,D
IMG-250627-01727.npy,IMG-250627-01727,univali_dataset,D
IMG-250627-01728.npy,IMG-250627-01728,univali_dataset,D
IMG-250627-01729.npy,IMG-250627-01729,univali_dataset,D
IMG-250627-01730.npy,IMG-250627-01730,univali_dataset,D
IMG-250627-01731.npy,IMG-250627-01731,univali_dataset,D
IMG-250627-01732.npy,IMG-250627-01732,univali_dataset,D
IMG-250627-01733.npy,IMG-250627-01733,univali_dataset,D
IMG-250627-01734.npy,IMG-250627-01734,univali_dataset,D
IMG-250627-01735.npy,IMG-250627-01735,univali_dataset,D
IMG-250627-01736.npy,IMG-250627-01736,univali_dataset,D
IMG-250627-01737.npy,IMG-250627-01737,univali_dataset,D
IMG-250627-01738.npy,IMG-250627-01738,univali_dataset,D
IMG-250627-01739.npy,IMG-250627-01739,univali_dataset,D
IMG-250627-01740.npy,IMG-250627-01740,univali_dataset,D
IMG-250627-01741.npy,IMG-250627-01741,univali_dataset,D
IMG-250627-01742.npy,IMG-250627-01742,univali_dataset,D
IMG-250627-01743.npy,IMG-250627-01743,univali_dataset,D
IMG-250627-01744.npy,IMG-250627-01744,univali_dataset,D
IMG-250627-01745.npy,IMG-250627-01745,univali_dataset,D
IMG-250627-01746.npy,IMG-250627-01746,univali_dataset,D
IMG-250627-01747.npy,IMG-250627-01747,univali_dataset,D
IMG-250627-01748.npy,IMG-250627-01748,univali_dataset,D
IMG-250627-01749.npy,IMG-250627-01749,univali_dataset,D
IMG-250627-01750.npy,IMG-250627-01750,univali_dataset,D
IMG-250627-01751.npy,IMG-250627-01751,univali_dataset,D
IMG-250627-01752.npy,IMG-250627-01752,univali_dataset,D
IMG-250627-01753.npy,IMG-250627-01753,univali_dataset,D
IMG-250627-01754.npy,IMG-250627-01754,univali_dataset,D
IMG-250627-01755.npy,IMG-250627-01755,univali_dataset,D
IMG-250627-01756.npy,IMG-250627-01756,univali_dataset,D
IMG-250627-01757.npy,IMG-250627-01757,univali_dataset,D
IMG-250627-01758.npy,IMG-250627-01758,univali_dataset,D
IMG-250627-01759.npy,IMG-250627-01759,univali_dataset,D
IMG-250627-01760.npy,IMG-250627-01760,univali_dataset,D
IMG-250627-01761.npy,IMG-250627-01761,univali_dataset,D
IMG-250627-01762.npy,IMG-250627-01762,univali_dataset,D
IMG-250627-01763.npy,IMG-250627-01763,univali_dataset,D
IMG-250627-01764.npy,IMG-250627-01764,univali_dataset,D
IMG-250627-01765.npy,IMG-250627-01765,univali_dataset,D
IMG-250627-01766.npy,IMG-250627-01766,univali_dataset,D
IMG-250627-01767.npy,IMG-250627-01767,univali_dataset,D
IMG-250627-01768.npy,IMG-250627-01768,univali_dataset,D
IMG-250627-01769.npy,IMG-250627-01769,univali_dataset,D
IMG-250627-01770.npy,IMG-250627-01770,univali_dataset,D
IMG-250627-01771.npy,IMG-250627-01771,univali_dataset,D
IMG-250627-01772.npy,IMG-250627-01772,univali_dataset,D
IMG-250627-01773.npy,IMG-250627-01773,univali_dataset,D
IMG-250627-01774.npy,IMG-250627-01774,univali_dataset,D
IMG-250627-01775.npy,IMG-250627-01775,univali_dataset,D
IMG-250627-01776.npy,IMG-250627-01776,univali_dataset,D
IMG-250627-01777.npy,IMG-250627-01777,univali_dataset,D
IMG-250627-01778.npy,IMG-250627-01778,univali_dataset,D
IMG-250627-01779.npy,IMG-250627-01779,univali_dataset,D
IMG-250627-01780.npy,IMG-250627-01780,univali_dataset,D
IMG-250627-01781.npy,IMG-250627-01781,univali_dataset,D
IMG-250627-01782.npy,IMG-250627-01782,univali_dataset,D
IMG-250627-01783.npy,IMG-250627-01783,univali_dataset,D
IMG-250627-01784.npy,IMG-250627-01784,univali_dataset,D
IMG-250627-01785.npy,IMG-250627-01785,univali_dataset,D
IMG-250627-01786.npy,IMG-250627-01786,univali_dataset,D
IMG-250627-01787.npy,IMG-250627-01787,univali_dataset,D
IMG-250627-01788.npy,IMG-250627-01788,univali_dataset,D
IMG-250627-01789.npy,IMG-250627-01789,univali_dataset,D
IMG-250627-01790.npy,IMG-250627-01790,univali_dataset,D
IMG-250627-01791.npy,IMG-250627-01791,univali_dataset,D
IMG-250627-01792.npy,IMG-250627-01792,univali_dataset,D
IMG-250627-01793.npy,IMG-250627-01793,univali_dataset,D
IMG-250627-01794.npy,IMG-250627-01794,univali_dataset,D
IMG-250627-01795.npy,IMG-250627-01795,univali_dataset,D
IMG-250627-01796.npy,IMG-250627-01796,univali_dataset,D
IMG-250627-01797.npy,IMG-250627-01797,univali_dataset,D
IMG-250627-01798.npy,IMG-250627-01798,univali_dataset,D
IMG-250627-01799.npy,IMG-250627-01799,univali_dataset,D
IMG-250627-01800.npy,IMG-250627-01800,univali_dataset,D
IMG-250627-01801.npy,IMG-250627-01801,univali_dataset,D
IMG-250627-01802.npy,IMG-250627-01802,univali_dataset,D
IMG-250627-01803.npy,IMG-250627-01803,univali_dataset,D
IMG-250627-01804.npy,IMG-250627-01804,univali_dataset,D
IMG-250627-01805.npy,IMG-250627-01805,univali_dataset,D
IMG-250627-01806.npy,IMG-250627-01806,univali_dataset,D
IMG-250627-01807.npy,IMG-250627-01807,univali_dataset,D
IMG-250627-01808.npy,IMG-250627-01808,univali_dataset,D
IMG-250627-01809.npy,IMG-250627-01809,univali_dataset,D
IMG-250627-01810.npy,IMG-250627-01810,univali_dataset,D
IMG-250627-01811.npy,IMG-250627-01811,univali_dataset,D
IMG-250627-01812.npy,IMG-250627-01812,univali_dataset,D
IMG-250627-01813.npy,IMG-250627-01813,univali_dataset,D
IMG-250627-01814.npy,IMG-250627-01814,univali_dataset,D
IMG-250627-01815.npy,IMG-250627-01815,univali_dataset,D
IMG-250627-01816.npy,IMG-250627-01816,univali_dataset,D
IMG-250627-01817.npy,IMG-250627-01817,univali_dataset,D
IMG-250627-01818.npy,IMG-250627-01818,univali_dataset,D
IMG-250627-01819.npy,IMG-250627-01819,univali_dataset,D
IMG-250627-01820.npy,IMG-250627-01820,univali_dataset,D
IMG-250627-01821.npy,IMG-250627-01821,univali_dataset,D
IMG-250627-01822.npy,IMG-250627-01822,univali_dataset,D
IMG-250627-01823.npy,IMG-250627-01823,univali_dataset,D
IMG-250627-01824.npy,IMG-250627-01824,univali_dataset,D
IMG-250627-01825.npy,IMG-250627-01825,univali_dataset,D
IMG-250627-01826.npy,IMG-250627-01826,univali_dataset,D
IMG-250627-01827.npy,IMG-250627-01827,univali_dataset,D
IMG-250627-01828.npy,IMG-250627-01828,univali_dataset,D
IMG-250627-01829.npy,IMG-250627-01829,univali_dataset,D
IMG-250627-01830.npy,IMG-250627-01830,univali_dataset,D
IMG-250627-01831.npy,IMG-250627-01831,univali_dataset,D
IMG-250627-01832.npy,IMG-250627-01832,univali_dataset,D
IMG-250627-01833.npy,IMG-250627-01833,univali_dataset,D
IMG-250627-01834.npy,IMG-250627-01834,univali_dataset,D
IMG-250627-01835.npy,IMG-250627-01835,univali_dataset,D
IMG-250627-01836.npy,IMG-250627-01836,univali_dataset,D
IMG-250627-01837.npy,IMG-250627-01837,univali_dataset,D
IMG-250627-01838.npy,IMG-250627-01838,univali_dataset,D
IMG-250627-01839.npy,IMG-250627-01839,univali_dataset,D
IMG-250627-01840.npy,IMG-250627-01840,univali_dataset,D
IMG-250627-01841.npy,IMG-250627-01841,univali_dataset,D
IMG-250627-01842.npy,IMG-250627-01842,univali_dataset,D
IMG-250627-01843.npy,IMG-250627-01843,univali_dataset,D
IMG-250627-01844.npy,IMG-250627-01844,univali_dataset,D
IMG-250627-01845.npy,IMG-250627-01845,univali_dataset,D
IMG-250627-01846.npy,IMG-250627-01846,univali_dataset,D
IMG-250627-01847.npy,IMG-250627-01847,univali_dataset,D
IMG-250627-01848.npy,IMG-250627-01848,univali_dataset,D
IMG-250627-01849.npy,IMG-250627-01849,univali_dataset,D
IMG-250627-01850.npy,IMG-250627-01850,univali_dataset,D
IMG-250627-01851.npy,IMG-250627-01851,univali_dataset,D
IMG-250627-01852.npy,IMG-250627-01852,univali_dataset,D
IMG-250627-01853.npy,IMG-250627-01853,univali_dataset,D
IMG-250627-01854.npy,IMG-250627-01854,univali_dataset,D
IMG-250627-01855.npy,IMG-250627-01855,univali_dataset,D
IMG-250627-01856.npy,IMG-250627-01856,univali_dataset,D
IMG-250627-01857.npy,IMG-250627-01857,univali_dataset,D
IMG-250627-01858.npy,IMG-250627-01858,univali_dataset,D
IMG-250627-01859.npy,IMG-250627-01859,univali_dataset,D
IMG-250627-01860.npy,IMG-250627-01860,univali_dataset,D
IMG-250627-01861.npy,IMG-250627-01861,univali_dataset,D
IMG-250627-01862.npy,IMG-250627-01862,univali_dataset,D
IMG-250627-01863.npy,IMG-250627-01863,univali_dataset,D
IMG-250627-01864.npy,IMG-250627-01864,univali_dataset,D
IMG-250627-01865.npy,IMG-250627-01865,univali_dataset,D
IMG-250627-01866.npy,IMG-250627-01866,univali_dataset,D
IMG-250627-01867.npy,IMG-250627-01867,univali_dataset,D
IMG-250627-01868.npy,IMG-250627-01868,univali_dataset,D
IMG-250627-01869.npy,IMG-250627-01869,univali_dataset,D
IMG-250627-01870.npy,IMG-250627-01870,univali_dataset,D
IMG-250627-01871.npy,IMG-250627-01871,univali_dataset,D
IMG-250627-01872.npy,IMG-250627-01872,univali_dataset,D
IMG-250627-01873.npy,IMG-250627-01873,univali_dataset,D
IMG-250627-01874.npy,IMG-250627-01874,univali_dataset,D
IMG-250627-01875.npy,IMG-250627-01875,univali_dataset,D
IMG-250627-01876.npy,IMG-250627-01876,univali_dataset,D
IMG-250627-01877.npy,IMG-250627-01877,univali_dataset,D
IMG-250627-01878.npy,IMG-250627-01878,univali_dataset,D
IMG-250627-01879.npy,IMG-250627-01879,univali_dataset,D
IMG-250627-01880.npy,IMG-250627-01880,univali_dataset,D
IMG-250627-01881.npy,IMG-250627-01881,univali_dataset,D
IMG-250627-01882.npy,IMG-250627-01882,univali_dataset,D
IMG-250627-01883.npy,IMG-250627-01883,univali_dataset,D
IMG-250627-01884.npy,IMG-250627-01884,univali_dataset,D
IMG-250627-01885.npy,IMG-250627-01885,univali_dataset,D
IMG-250627-01886.npy,IMG-250627-01886,univali_dataset,D
IMG-250627-01887.npy,IMG-250627-01887,univali_dataset,D
IMG-250627-01888.npy,IMG-250627-01888,univali_dataset,D
IMG-250627-01889.npy,IMG-250627-01889,univali_dataset,D
IMG-250627-01890.npy,IMG-250627-01890,univali_dataset,D
IMG-250627-01891.npy,IMG-250627-01891,univali_dataset,D
IMG-250627-01892.npy,IMG-250627-01892,univali_dataset,D
IMG-250627-01893.npy,IMG-250627-01893,univali_dataset,D
IMG-250627-01894.npy,IMG-250627-01894,univali_dataset,D
IMG-250627-01895.npy,IMG-250627-01895,univali_dataset,D
IMG-250627-01896.npy,IMG-250627-01896,univali_dataset,D
IMG-250627-01897.npy,IMG-250627-01897,univali_dataset,D
IMG-250627-01898.npy,IMG-250627-01898,univali_dataset,D
IMG-250627-01899.npy,IMG-250627-01899,univali_dataset,D
IMG-250627-01900.npy,IMG-250627-01900,univali_dataset,D
IMG-250627-01901.npy,IMG-250627-01901,univali_dataset,D
IMG-250627-01902.npy,IMG-250627-01902,univali_dataset,D
IMG-250627-01903.npy,IMG-250627-01903,univali_dataset,D
IMG-250627-01904.npy,IMG-250627-01904,univali_dataset,D
IMG-250627-01905.npy,IMG-250627-01905,univali_dataset,D
IMG-250627-01906.npy,IMG-250627-01906,univali_dataset,D
IMG-250627-01907.npy,IMG-250627-01907,univali_dataset,D
IMG-250627-01908.npy,IMG-250627-01908,univali_dataset,D
IMG-250627-01909.npy,IMG-250627-01909,univali_dataset,D
IMG-250627-01910.npy,IMG-250627-01910,univali_dataset,D
IMG-250627-01911.npy,IMG-250627-01911,univali_dataset,D
IMG-250627-01912.npy,IMG-250627-01912,univali_dataset,D
IMG-250627-01913.npy,IMG-250627-01913,univali_dataset,D
IMG-250627-01914.npy,IMG-250627-01914,univali_dataset,D
IMG-250627-01915.npy,IMG-250627-01915,univali_dataset,D
IMG-250627-01916.npy,IMG-250627-01916,univali_dataset,D
IMG-250627-01917.npy,IMG-250627-01917,univali_dataset,D
IMG-250627-01918.npy,IMG-250627-01918,univali_dataset,D
IMG-250627-01919.npy,IMG-250627-01919,univali_dataset,D
IMG-250627-01920.npy,IMG-250627-01920,univali_dataset,D
IMG-250627-01921.npy,IMG-250627-01921,univali_dataset,D
IMG-250627-01922.npy,IMG-250627-01922,univali_dataset,D
IMG-250627-01923.npy,IMG-250627-01923,univali_dataset,D
IMG-250627-01924.npy,IMG-250627-01924,univali_dataset,D
IMG-250627-01925.npy,IMG-250627-01925,univali_dataset,D
IMG-250627-01926.npy,IMG-250627-01926,univali_dataset,D
IMG-250627-01927.npy,IMG-250627-01927,univali_dataset,D
IMG-250627-01928.npy,IMG-250627-01928,univali_dataset,D
IMG-250627-01929.npy,IMG-250627-01929,univali_dataset,D
IMG-250627-01930.npy,IMG-250627-01930,univali_dataset,D
IMG-250627-01931.npy,IMG-250627-01931,univali_dataset,D
IMG-250627-01932.npy,IMG-250627-01932,univali_dataset,D
IMG-250627-01933.npy,IMG-250627-01933,univali_dataset,D
IMG-250627-01934.npy,IMG-250627-01934,univali_dataset,D
IMG-250627-01935.npy,IMG-250627-01935,univali_dataset,D
IMG-250627-01936.npy,IMG-250627-01936,univali_dataset,D
IMG-250627-01937.npy,IMG-250627-01937,univali_dataset,D
IMG-250627-01938.npy,IMG-250627-01938,univali_dataset,D
IMG-250627-01939.npy,IMG-250627-01939,univali_dataset,D
IMG-250627-01940.npy,IMG-250627-01940,univali_dataset,D
IMG-250627-01941.npy,IMG-250627-01941,univali_dataset,D
IMG-250627-01942.npy,IMG-250627-01942,univali_dataset,D
IMG-250627-01943.npy,IMG-250627-01943,univali_dataset,D
IMG-250627-01944.npy,IMG-250627-01944,univali_dataset,D
IMG-250627-01945.npy,IMG-250627-01945,univali_dataset,D
IMG-250627-01946.npy,IMG-250627-01946,univali_dataset,D
IMG-250627-01947.npy,IMG-250627-01947,univali_dataset,D
IMG-250627-01948.npy,IMG-250627-01948,univali_dataset,D
IMG-250627-01949.npy,IMG-250627-01949,univali_dataset,D
IMG-250627-01950.npy,IMG-250627-01950,univali_dataset,D
IMG-250627-01951.npy,IMG-250627-01951,univali_dataset,D
IMG-250627-01952.npy,IMG-250627-01952,univali_dataset,D
IMG-250627-01953.npy,IMG-250627-01953,univali_dataset,D
IMG-250627-01954.npy,IMG-250627-01954,univali_dataset,D
IMG-250627-01955.npy,IMG-250627-01955,univali_dataset,D
IMG-250627-01956.npy,IMG-250627-01956,univali_dataset,D
IMG-250627-01957.npy,IMG-250627-01957,univali_dataset,D
IMG-250627-01958.npy,IMG-250627-01958,univali_dataset,D
IMG-250627-01959.npy,IMG-250627-01959,univali_dataset,D
IMG-250627-01960.npy,IMG-250627-01960,univali_dataset,D
IMG-250627-01961.npy,IMG-250627-01961,univali_dataset,D
IMG-250627-01962.npy,IMG-250627-01962,univali_dataset,D
IMG-250627-01963.npy,IMG-250627-01963,univali_dataset,D
IMG-250627-01964.npy,IMG-250627-01964,univali_dataset,D
IMG-250627-01965.npy,IMG-250627-01965,univali_dataset,D
IMG-250627-01966.npy,IMG-250627-01966,univali_dataset,D
IMG-250627-01967.npy,IMG-250627-01967,univali_dataset,D
IMG-250627-01968.npy,IMG-250627-01968,univali_dataset,D
IMG-250627-01969.npy,IMG-250627-01969,univali_dataset,D
IMG-250627-01970.npy,IMG-250627-01970,univali_dataset,D
IMG-250627-01971.npy,IMG-250627-01971,univali_dataset,D
IMG-250627-01972.npy,IMG-250627-01972,univali_dataset,D
IMG-250627-01973.npy,IMG-250627-01973,univali_dataset,D
IMG-250627-01974.npy,IMG-250627-01974,univali_dataset,D
IMG-250627-01975.npy,IMG-250627-01975,univali_dataset,D
IMG-250627-01976.npy,IMG-250627-01976,univali_dataset,D
IMG-250627-01977.npy,IMG-250627-01977,univali_dataset,D
IMG-250627-01978.npy,IMG-250627-01978,univali_dataset,D
IMG-250627-01979.npy,IMG-250627-01979,univali_dataset,D
IMG-250627-01980.npy,IMG-250627-01980,univali_dataset,D
IMG-250627-01981.npy,IMG-250627-01981,univali_dataset,D
IMG-250627-01982.npy,IMG-250627-01982,univali_dataset,D
IMG-250627-01983.npy,IMG-250627-01983,univali_dataset,D
IMG-250627-01984.npy,IMG-250627-01984,univali_dataset,D
IMG-250627-01985.npy,IMG-250627-01985,univali_dataset,D
IMG-250627-01986.npy,IMG-250627-01986,univali_dataset,D
IMG-250627-01987.npy,IMG-250627-01987,univali_dataset,D
IMG-250627-01988.npy,IMG-250627-01988,univali_dataset,D
IMG-250627-01989.npy,IMG-250627-01989,univali_dataset,D
IMG-250627-01990.npy,IMG-250627-01990,univali_dataset,D
IMG-250627-01991.npy,IMG-250627-01991,univali_dataset,D
IMG-250627-01992.npy,IMG-250627-01992,univali_dataset,D
IMG-250627-01993.npy,IMG-250627-01993,univali_dataset,D
IMG-250627-01994.npy,IMG-250627-01994,univali_dataset,D
IMG-250627-01995.npy,IMG-250627-01995,univali_dataset,D
IMG-250627-01996.npy,IMG-250627-01996,univali_dataset,D
IMG-250627-01997.npy,IMG-250627-01997,univali_dataset,D
IMG-250627-01998.npy,IMG-250627-01998,univali_dataset,D
IMG-250627-01999.npy,IMG-250627-01999,univali_dataset,D
IMG-250627-02000.npy,IMG-250627-02000,univali_dataset,D
IMG-250627-02001.npy,IMG-250627-02001,univali_dataset,D
IMG-250627-02002.npy,IMG-250627-02002,univali_dataset,D
IMG-250627-02003.npy,IMG-250627-02003,univali_dataset,D
IMG-250627-02004.npy,IMG-250627-02004,univali_dataset,D
IMG-250627-02005.npy,IMG-250627-02005,univali_dataset,D
IMG-250627-02006.npy,IMG-250627-02006,univali_dataset,D
IMG-250627-02007.npy,IMG-250627-02007,univali_dataset,D
IMG-250627-02008.npy,IMG-250627-02008,univali_dataset,D
IMG-250627-02009.npy,IMG-250627-02009,univali_dataset,D
IMG-250627-02010.npy,IMG-250627-02010,univali_dataset,D
IMG-250627-02011.npy,IMG-250627-02011,univali_dataset,D
IMG-250627-02012.npy,IMG-250627-02012,univali_dataset,D
IMG-250627-02013.npy,IMG-250627-02013,univali_dataset,D
IMG-250627-02014.npy,IMG-250627-02014,univali_dataset,D
IMG-250627-02015.npy,IMG-250627-02015,univali_dataset,D
IMG-250627-02016.npy,IMG-250627-02016,univali_dataset,D
IMG-250627-02017.npy,IMG-250627-02017,univali_dataset,D
IMG-250627-02018.npy,IMG-250627-02018,univali_dataset,D
IMG-250627-02019.npy,IMG-250627-02019,univali_dataset,D
IMG-250627-02020.npy,IMG-250627-02020,univali_dataset,D
IMG-250627-02021.npy,IMG-250627-02021,univali_dataset,D
IMG-250627-02022.npy,IMG-250627-02022,univali_dataset,D
IMG-250627-02023.npy,IMG-250627-02023,univali_dataset,D
IMG-250627-02024.npy,IMG-250627-02024,univali_dataset,D
IMG-250627-02025.npy,IMG-250627-02025,univali_dataset,D
IMG-250627-02026.npy,IMG-250627-02026,univali_dataset,D
IMG-250627-02027.npy,IMG-250627-02027,univali_dataset,D
IMG-250627-02028.npy,IMG-250627-02028,univali_dataset,D
IMG-250627-02029.npy,IMG-250627-02029,univali_dataset,D
IMG-250627-02030.npy,IMG-250627-02030,univali_dataset,D
IMG-250627-02031.npy,IMG-250627-02031,univali_dataset,D
IMG-250627-02032.npy,IMG-250627-02032,univali_dataset,D
IMG-250627-02033.npy,IMG-250627-02033,univali_dataset,D
IMG-250627-02034.npy,IMG-250627-02034,univali_dataset,D
IMG-250627-02035.npy,IMG-250627-02035,univali_dataset,D
IMG-250627-02036.npy,IMG-250627-02036,univali_dataset,D
IMG-250627-02037.npy,IMG-250627-02037,univali_dataset,D
IMG-250627-02038.npy,IMG-250627-02038,univali_dataset,D
IMG-250627-02039.npy,IMG-250627-02039,univali_dataset,D
IMG-250627-02040.npy,IMG-250627-02040,univali_dataset,D
IMG-250627-02041.npy,IMG-250627-02041,univali_dataset,D
IMG-250627-02042.npy,IMG-250627-02042,univali_dataset,D
IMG-250627-02043.npy,IMG-250627-02043,univali_dataset,D
IMG-250627-02044.npy,IMG-250627-02044,univali_dataset,D
IMG-250627-02045.npy,IMG-250627-02045,univali_dataset,D
IMG-250627-02046.npy,IMG-250627-02046,univali_dataset,D
IMG-250627-02047.npy,IMG-250627-02047,univali_dataset,D
IMG-250627-02048.npy,IMG-250627-02048,univali_dataset,D
IMG-250627-02049.npy,IMG-250627-02049,univali_dataset,D
IMG-250627-02050.npy,IMG-250627-02050,univali_dataset,D
IMG-250627-02051.npy,IMG-250627-02051,univali_dataset,D
IMG-250627-02052.npy,IMG-250627-02052,univali_dataset,D
IMG-250627-02053.npy,IMG-250627-02053,univali_dataset,D
IMG-250627-02054.npy,IMG-250627-02054,univali_dataset,D
IMG-250627-02055.npy,IMG-250627-02055,univali_dataset,D
IMG-250627-02056.npy,IMG-250627-02056,univali_dataset,D
IMG-250627-02057.npy,IMG-250627-02057,univali_dataset,D
IMG-250627-02058.npy,IMG-250627-02058,univali_dataset,D
IMG-250627-02059.npy,IMG-250627-02059,univali_dataset,D
IMG-250627-02060.npy,IMG-250627-02060,univali_dataset,D
IMG-250627-02061.npy,IMG-250627-02061,univali_dataset,D
IMG-250627-02062.npy,IMG-250627-02062,univali_dataset,D
IMG-250627-02063.npy,IMG-250627-02063,univali_dataset,D
IMG-250627-02064.npy,IMG-250627-02064,univali_dataset,D
IMG-250627-02065.npy,IMG-250627-02065,univali_dataset,D
IMG-250627-02066.npy,IMG-250627-02066,univali_dataset,D
IMG-250627-02067.npy,IMG-250627-02067,univali_dataset,D
IMG-250627-02068.npy,IMG-250627-02068,univali_dataset,D
IMG-250627-02069.npy,IMG-250627-02069,univali_dataset,D
IMG-250627-02070.npy,IMG-250627-02070,univali_dataset,D
IMG-250627-02071.npy,IMG-250627-02071,univali_dataset,D
IMG-250627-02072.npy,IMG-250627-02072,univali_dataset,D
IMG-250627-02073.npy,IMG-250627-02073,univali_dataset,D
IMG-250627-02074.npy,IMG-250627-02074,univali_dataset,D
IMG-250627-02075.npy,IMG-250627-02075,univali_dataset,D
IMG-250627-02076.npy,IMG-250627-02076,univali_dataset,D
IMG-250627-02077.npy,IMG-250627-02077,univali_dataset,D
IMG-250627-02078.npy,IMG-250627-02078,univali_dataset,D
IMG-250627-02079.npy,IMG-250627-02079,univali_dataset,D
IMG-250627-02080.npy,IMG-250627-02080,univali_dataset,D
IMG-250627-02081.npy,IMG-250627-02081,univali_dataset,D
IMG-250627-02082.npy,IMG-250627-02082,univali_dataset,D
IMG-250627-02083.npy,IMG-250627-02083,univali_dataset,D
IMG-250627-02084.npy,IMG-250627-02084,univali_dataset,D
IMG-250627-02085.npy,IMG-250627-02085,univali_dataset,D
IMG-250627-02086.npy,IMG-250627-02086,univali_dataset,D
IMG-250627-02087.npy,IMG-250627-02087,univali_dataset,D
IMG-250627-02088.npy,IMG-250627-02088,univali_dataset,D
IMG-250627-02089.npy,IMG-250627-02089,univali_dataset,D
IMG-250627-02090.npy,IMG-250627-02090,univali_dataset,D
IMG-250627-02091.npy,IMG-250627-02091,univali_dataset,D
IMG-250627-02092.npy,IMG-250627-02092,univali_dataset,D
IMG-250627-02093.npy,IMG-250627-02093,univali_dataset,D
IMG-250627-02094.npy,IMG-250627-02094,univali_dataset,D
IMG-250627-02095.npy,IMG-250627-02095,univali_dataset,D
IMG-250627-02096.npy,IMG-250627-02096,univali_dataset,D
IMG-250627-02097.npy,IMG-250627-02097,univali_dataset,D
IMG-250627-02098.npy,IMG-250627-02098,univali_dataset,D
IMG-250627-02099.npy,IMG-250627-02099,univali_dataset,D
IMG-250627-02100.npy,IMG-250627-02100,univali_dataset,D
IMG-250627-02101.npy,IMG-250627-02101,univali_dataset,D
IMG-250627-02102.npy,IMG-250627-02102,univali_dataset,D
IMG-250627-02103.npy,IMG-250627-02103,univali_dataset,D
IMG-250627-02104.npy,IMG-250627-02104,univali_dataset,D
IMG-250627-02105.npy,IMG-250627-02105,univali_dataset,D
IMG-250627-02106.npy,IMG-250627-02106,univali_dataset,D
IMG-250627-02107.npy,IMG-250627-02107,univali_dataset,D
IMG-250627-02108.npy,IMG-250627-02108,univali_dataset,D
IMG-250627-02109.npy,IMG-250627-02109,univali_dataset,D
IMG-250627-02110.npy,IMG-250627-02110,univali_dataset,D
IMG-250627-02111.npy,IMG-250627-02111,univali_dataset,D
IMG-250627-02112.npy,IMG-250627-02112,univali_dataset,D
IMG-250627-02113.npy,IMG-250627-02113,univali_dataset,D
IMG-250627-02114.npy,IMG-250627-02114,univali_dataset,D
IMG-250627-02115.npy,IMG-250627-02115,univali_dataset,D
IMG-250627-02116.npy,IMG-250627-02116,univali_dataset,D
IMG-250627-02117.npy,IMG-250627-02117,univali_dataset,D
IMG-250627-02118.npy,IMG-250627-02118,univali_dataset,D
IMG-250627-02119.npy,IMG-250627-02119,univali_dataset,D
IMG-250627-02120.npy,IMG-250627-02120,univali_dataset,D
IMG-250627-02121.npy,IMG-250627-02121,univali_dataset,D
IMG-250627-02122.npy,IMG-250627-02122,univali_dataset,D
IMG-250627-02123.npy,IMG-250627-02123,univali_dataset,D
IMG-250627-02124.npy,IMG-250627-02124,univali_dataset,D
IMG-250627-02125.npy,IMG-250627-02125,univali_dataset,D
IMG-250627-02126.npy,IMG-250627-02126,univali_dataset,D
IMG-250627-02127.npy,IMG-250627-02127,univali_dataset,D
IMG-250627-02128.npy,IMG-250627-02128,univali_dataset,D
IMG-250627-02129.npy,IMG-250627-02129,univali_dataset,D
IMG-250627-02130.npy,IMG-250627-02130,univali_dataset,D
IMG-250627-02131.npy,IMG-250627-02131,univali_dataset,D
IMG-250627-02132.npy,IMG-250627-02132,univali_dataset,D
IMG-250627-02133.npy,IMG-250627-02133,univali_dataset,D
IMG-250627-02134.npy,IMG-250627-02134,univali_dataset,D
IMG-250627-02135.npy,IMG-250627-02135,univali_dataset,E
IMG-250627-02136.npy,IMG-250627-02136,univali_dataset,E
IMG-250627-02137.npy,IMG-250627-02137,univali_dataset,E
IMG-250627-02138.npy,IMG-250627-02138,univali_dataset,E
IMG-250627-02139.npy,IMG-250627-02139,univali_dataset,E
IMG-250627-02140.npy,IMG-250627-02140,univali_dataset,E
IMG-250627-02141.npy,IMG-250627-02141,univali_dataset,E
IMG-250627-02142.npy,IMG-250627-02142,univali_dataset,E
IMG-250627-02143.npy,IMG-250627-02143,univali_dataset,E
IMG-250627-02144.npy,IMG-250627-02144,univali_dataset,E
IMG-250627-02145.npy,IMG-250627-02145,univali_dataset,E
IMG-250627-02146.npy,IMG-250627-02146,univali_dataset,E
IMG-250627-02147.npy,IMG-250627-02147,univali_dataset,E
IMG-250627-02148.npy,IMG-250627-02148,univali_dataset,E
IMG-250627-02149.npy,IMG-250627-02149,univali_dataset,E
IMG-250627-02150.npy,IMG-250627-02150,univali_dataset,E
IMG-250627-02151.npy,IMG-250627-02151,univali_dataset,E
IMG-250627-02152.npy,IMG-250627-02152,univali_dataset,E
IMG-250627-02153.npy,IMG-250627-02153,univali_dataset,E
IMG-250627-02154.npy,IMG-250627-02154,univali_dataset,E
IMG-250627-02155.npy,IMG-250627-02155,univali_dataset,E
IMG-250627-02156.npy,IMG-250627-02156,univali_dataset,E
IMG-250627-02157.npy,IMG-250627-02157,univali_dataset,E
IMG-250627-02158.npy,IMG-250627-02158,univali_dataset,E
IMG-250627-02159.npy,IMG-250627-02159,univali_dataset,E
IMG-250627-02160.npy,IMG-250627-02160,univali_dataset,E
IMG-250627-02161.npy,IMG-250627-02161,univali_dataset,E
IMG-250627-02162.npy,IMG-250627-02162,univali_dataset,E
IMG-250627-02163.npy,IMG-250627-02163,univali_dataset,E
IMG-250627-02164.npy,IMG-250627-02164,univali_dataset,E
IMG-250627-02165.npy,IMG-250627-02165,univali_dataset,E
IMG-250627-02166.npy,IMG-250627-02166,univali_dataset,E
IMG-250627-02167.npy,IMG-250627-02167,univali_dataset,E
IMG-250627-02168.npy,IMG-250627-02168,univali_dataset,E
IMG-250627-02169.npy,IMG-250627-02169,univali_dataset,E
IMG-250627-02170.npy,IMG-250627-02170,univali_dataset,E
IMG-250627-02171.npy,IMG-250627-02171,univali_dataset,E
IMG-250627-02172.npy,IMG-250627-02172,univali_dataset,E
IMG-250627-02173.npy,IMG-250627-02173,univali_dataset,E
IMG-250627-02174.npy,IMG-250627-02174,univali_dataset,E
IMG-250627-02175.npy,IMG-250627-02175,univali_dataset,E
IMG-250627-02176.npy,IMG-250627-02176,univali_dataset,E
IMG-250627-02177.npy,IMG-250627-02177,univali_dataset,E
IMG-250627-02178.npy,IMG-250627-02178,univali_dataset,E
IMG-250627-02179.npy,IMG-250627-02179,univali_dataset,E
IMG-250627-02180.npy,IMG-250627-02180,univali_dataset,E
IMG-250627-02181.npy,IMG-250627-02181,univali_dataset,E
IMG-250627-02182.npy,IMG-250627-02182,univali_dataset,E
IMG-250627-02183.npy,IMG-250627-02183,univali_dataset,E
IMG-250627-02184.npy,IMG-250627-02184,univali_dataset,E
IMG-250627-02185.npy,IMG-250627-02185,univali_dataset,E
IMG-250627-02186.npy,IMG-250627-02186,univali_dataset,E
IMG-250627-02187.npy,IMG-250627-02187,univali_dataset,E
IMG-250627-02188.npy,IMG-250627-02188,univali_dataset,E
IMG-250627-02189.npy,IMG-250627-02189,univali_dataset,E
IMG-250627-02190.npy,IMG-250627-02190,univali_dataset,E
IMG-250627-02191.npy,IMG-250627-02191,univali_dataset,E
IMG-250627-02192.npy,IMG-250627-02192,univali_dataset,E
IMG-250627-02193.npy,IMG-250627-02193,univali_dataset,E
IMG-250627-02194.npy,IMG-250627-02194,univali_dataset,E
IMG-250627-02195.npy,IMG-250627-02195,univali_dataset,E
IMG-250627-02196.npy,IMG-250627-02196,univali_dataset,E
IMG-250627-02197.npy,IMG-250627-02197,univali_dataset,E
IMG-250627-02198.npy,IMG-250627-02198,univali_dataset,E
IMG-250627-02199.npy,IMG-250627-02199,univali_dataset,E
IMG-250627-02200.npy,IMG-250627-02200,univali_dataset,E
IMG-250627-02201.npy,IMG-250627-02201,univali_dataset,E
IMG-250627-02202.npy,IMG-250627-02202,univali_dataset,E
IMG-250627-02203.npy,IMG-250627-02203,univali_dataset,E
IMG-250627-02204.npy,IMG-250627-02204,univali_dataset,E
IMG-250627-02205.npy,IMG-250627-02205,univali_dataset,E
IMG-250627-02206.npy,IMG-250627-02206,univali_dataset,E
IMG-250627-02207.npy,IMG-250627-02207,univali_dataset,E
IMG-250627-02208.npy,IMG-250627-02208,univali_dataset,E
IMG-250627-02209.npy,IMG-250627-02209,univali_dataset,E
IMG-250627-02210.npy,IMG-250627-02210,univali_dataset,E
IMG-250627-02211.npy,IMG-250627-02211,univali_dataset,E
IMG-250627-02212.npy,IMG-250627-02212,univali_dataset,E
IMG-250627-02213.npy,IMG-250627-02213,univali_dataset,E
IMG-250627-02214.npy,IMG-250627-02214,univali_dataset,E
IMG-250627-02215.npy,IMG-250627-02215,univali_dataset,E
IMG-250627-02216.npy,IMG-250627-02216,univali_dataset,E
IMG-250627-02217.npy,IMG-250627-02217,univali_dataset,E
IMG-250627-02218.npy,IMG-250627-02218,univali_dataset,E
IMG-250627-02219.npy,IMG-250627-02219,univali_dataset,E
IMG-250627-02220.npy,IMG-250627-02220,univali_dataset,E
IMG-250627-02221.npy,IMG-250627-02221,univali_dataset,E
IMG-250627-02222.npy,IMG-250627-02222,univali_dataset,E
IMG-250627-02223.npy,IMG-250627-02223,univali_dataset,E
IMG-250627-02224.npy,IMG-250627-02224,univali_dataset,E
IMG-250627-02225.npy,IMG-250627-02225,univali_dataset,E
IMG-250627-02226.npy,IMG-250627-02226,univali_dataset,E
IMG-250627-02227.npy,IMG-250627-02227,univali_dataset,E
IMG-250627-02228.npy,IMG-250627-02228,univali_dataset,E
IMG-250627-02229.npy,IMG-250627-02229,univali_dataset,E
IMG-250627-02230.npy,IMG-250627-02230,univali_dataset,E
IMG-250627-02231.npy,IMG-250627-02231,univali_dataset,E
IMG-250627-02232.npy,IMG-250627-02232,univali_dataset,E
IMG-250627-02233.npy,IMG-250627-02233,univali_dataset,E
IMG-250627-02234.npy,IMG-250627-02234,univali_dataset,E
IMG-250627-02235.npy,IMG-250627-02235,univali_dataset,E
IMG-250627-02236.npy,IMG-250627-02236,univali_dataset,E
IMG-250627-02237.npy,IMG-250627-02237,univali_dataset,E
IMG-250627-02238.npy,IMG-250627-02238,univali_dataset,E
IMG-250627-02239.npy,IMG-250627-02239,univali_dataset,E
IMG-250627-02240.npy,IMG-250627-02240,univali_dataset,E
IMG-250627-02241.npy,IMG-250627-02241,univali_dataset,E
IMG-250627-02242.npy,IMG-250627-02242,univali_dataset,E
IMG-250627-02243.npy,IMG-250627-02243,univali_dataset,E
IMG-250627-02244.npy,IMG-250627-02244,univali_dataset,E
IMG-250627-02245.npy,IMG-250627-02245,univali_dataset,E
IMG-250627-02246.npy,IMG-250627-02246,univali_dataset,E
IMG-250627-02247.npy,IMG-250627-02247,univali_dataset,E
IMG-250627-02248.npy,IMG-250627-02248,univali_dataset,E
IMG-250627-02249.npy,IMG-250627-02249,univali_dataset,E
IMG-250627-02250.npy,IMG-250627-02250,univali_dataset,E
IMG-250627-02251.npy,IMG-250627-02251,univali_dataset,E
IMG-250627-02252.npy,IMG-250627-02252,univali_dataset,E
IMG-250627-02253.npy,IMG-250627-02253,univali_dataset,E
IMG-250627-02254.npy,IMG-250627-02254,univali_dataset,E
IMG-250627-02255.npy,IMG-250627-02255,univali_dataset,E
IMG-250627-02256.npy,IMG-250627-02256,univali_dataset,E
IMG-250627-02257.npy,IMG-250627-02257,univali_dataset,E
IMG-250627-02258.npy,IMG-250627-02258,univali_dataset,E
IMG-250627-02259.npy,IMG-250627-02259,univali_dataset,E
IMG-250627-02260.npy,IMG-250627-02260,univali_dataset,E
IMG-250627-02261.npy,IMG-250627-02261,univali_dataset,E
IMG-250627-02262.npy,IMG-250627-02262,univali_dataset,E
IMG-250627-02263.npy,IMG-250627-02263,univali_dataset,E
IMG-250627-02264.npy,IMG-250627-02264,univali_dataset,E
IMG-250627-02265.npy,IMG-250627-02265,univali_dataset,E
IMG-250627-02266.npy,IMG-250627-02266,univali_dataset,E
IMG-250627-02267.npy,IMG-250627-02267,univali_dataset,E
IMG-250627-02268.npy,IMG-250627-02268,univali_dataset,E
IMG-250627-02269.npy,IMG-250627-02269,univali_dataset,E
IMG-250627-02270.npy,IMG-250627-02270,univali_dataset,E
IMG-250627-02271.npy,IMG-250627-02271,univali_dataset,E
IMG-250627-02272.npy,IMG-250627-02272,univali_dataset,E
IMG-250627-02273.npy,IMG-250627-02273,univali_dataset,E
IMG-250627-02274.npy,IMG-250627-02274,univali_dataset,E
IMG-250627-02275.npy,IMG-250627-02275,univali_dataset,E
IMG-250627-02276.npy,IMG-250627-02276,univali_dataset,E
IMG-250627-02277.npy,IMG-250627-02277,univali_dataset,E
IMG-250627-02278.npy,IMG-250627-02278,univali_dataset,E
IMG-250627-02279.npy,IMG-250627-02279,univali_dataset,E
IMG-250627-02280.npy,IMG-250627-02280,univali_dataset,E
IMG-250627-02281.npy,IMG-250627-02281,univali_dataset,E
IMG-250627-02282.npy,IMG-250627-02282,univali_dataset,E
IMG-250627-02283.npy,IMG-250627-02283,univali_dataset,E
IMG-250627-02284.npy,IMG-250627-02284,univali_dataset,E
IMG-250627-02285.npy,IMG-250627-02285,univali_dataset,E
IMG-250627-02286.npy,IMG-250627-02286,univali_dataset,E
IMG-250627-02287.npy,IMG-250627-02287,univali_dataset,E
IMG-250627-02288.npy,IMG-250627-02288,univali_dataset,E
IMG-250627-02289.npy,IMG-250627-02289,univali_dataset,E
IMG-250627-02290.npy,IMG-250627-02290,univali_dataset,E
IMG-250627-02291.npy,IMG-250627-02291,univali_dataset,E
IMG-250627-02292.npy,IMG-250627-02292,univali_dataset,E
IMG-250627-02293.npy,IMG-250627-02293,univali_dataset,E
IMG-250627-02294.npy,IMG-250627-02294,univali_dataset,E
IMG-250627-02295.npy,IMG-250627-02295,univali_dataset,E
IMG-250627-02296.npy,IMG-250627-02296,univali_dataset,E
IMG-250627-02297.npy,IMG-250627-02297,univali_dataset,E
IMG-250627-02298.npy,IMG-250627-02298,univali_dataset,E
IMG-250627-02299.npy,IMG-250627-02299,univali_dataset,E
IMG-250627-02300.npy,IMG-250627-02300,univali_dataset,E
IMG-250627-02301.npy,IMG-250627-02301,univali_dataset,E
IMG-250627-02302.npy,IMG-250627-02302,univali_dataset,E
IMG-250627-02303.npy,IMG-250627-02303,univali_dataset,E
IMG-250627-02304.npy,IMG-250627-02304,univali_dataset,E
IMG-250627-02305.npy,IMG-250627-02305,univali_dataset,E
IMG-250627-02306.npy,IMG-250627-02306,univali_dataset,E
IMG-250627-02307.npy,IMG-250627-02307,univali_dataset,E
IMG-250627-02308.npy,IMG-250627-02308,univali_dataset,E
IMG-250627-02309.npy,IMG-250627-02309,univali_dataset,E
IMG-250627-02310.npy,IMG-250627-02310,univali_dataset,E
IMG-250627-02311.npy,IMG-250627-02311,univali_dataset,E
IMG-250627-02312.npy,IMG-250627-02312,univali_dataset,E
IMG-250627-02313.npy,IMG-250627-02313,univali_dataset,E
IMG-250627-02314.npy,IMG-250627-02314,univali_dataset,E
IMG-250627-02315.npy,IMG-250627-02315,univali_dataset,E
IMG-250627-02316.npy,IMG-250627-02316,univali_dataset,E
IMG-250627-02317.npy,IMG-250627-02317,univali_dataset,E
IMG-250627-02318.npy,IMG-250627-02318,univali_dataset,E
IMG-250627-02319.npy,IMG-250627-02319,univali_dataset,E
IMG-250627-02320.npy,IMG-250627-02320,univali_dataset,E
IMG-250627-02321.npy,IMG-250627-02321,univali_dataset,E
IMG-250627-02322.npy,IMG-250627-02322,univali_dataset,E
IMG-250627-02323.npy,IMG-250627-02323,univali_dataset,E
IMG-250627-02324.npy,IMG-250627-02324,univali_dataset,E
IMG-250627-02325.npy,IMG-250627-02325,univali_dataset,E
IMG-250627-02326.npy,IMG-250627-02326,univali_dataset,E
IMG-250627-02327.npy,IMG-250627-02327,univali_dataset,E
IMG-250627-02328.npy,IMG-250627-02328,univali_dataset,E
IMG-250627-02329.npy,IMG-250627-02329,univali_dataset,E
IMG-250627-02330.npy,IMG-250627-02330,univali_dataset,E
IMG-250627-02331.npy,IMG-250627-02331,univali_dataset,E
IMG-250627-02332.npy,IMG-250627-02332,univali_dataset,E
IMG-250627-02333.npy,IMG-250627-02333,univali_dataset,E
IMG-250627-02334.npy,IMG-250627-02334,univali_dataset,E
IMG-250627-02335.npy,IMG-250627-02335,univali_dataset,E
IMG-250627-02336.npy,IMG-250627-02336,univali_dataset,E
IMG-250627-02337.npy,IMG-250627-02337,univali_dataset,E
IMG-250627-02338.npy,IMG-250627-02338,univali_dataset,E
IMG-250627-02339.npy,IMG-250627-02339,univali_dataset,E
IMG-250627-02340.npy,IMG-250627-02340,univali_dataset,E
IMG-250627-02341.npy,IMG-250627-02341,univali_dataset,E
IMG-250627-02342.npy,IMG-250627-02342,univali_dataset,E
IMG-250627-02343.npy,IMG-250627-02343,univali_dataset,E
IMG-250627-02344.npy,IMG-250627-02344,univali_dataset,E
IMG-250627-02345.npy,IMG-250627-02345,univali_dataset,E
IMG-250627-02346.npy,IMG-250627-02346,univali_dataset,E
IMG-250627-02347.npy,IMG-250627-02347,univali_dataset,E
IMG-250627-02348.npy,IMG-250627-02348,univali_dataset,E
IMG-250627-02349.npy,IMG-250627-02349,univali_dataset,E
IMG-250627-02350.npy,IMG-250627-02350,univali_dataset,E
IMG-250627-02351.npy,IMG-250627-02351,univali_dataset,E
IMG-250627-02352.npy,IMG-250627-02352,univali_dataset,E
IMG-250627-02353.npy,IMG-250627-02353,univali_dataset,E
IMG-250627-02354.npy,IMG-250627-02354,univali_dataset,E
IMG-250627-02355.npy,IMG-250627-02355,univali_dataset,E
IMG-250627-02356.npy,IMG-250627-02356,univali_dataset,E
IMG-250627-02357.npy,IMG-250627-02357,univali_dataset,E
IMG-250627-02358.npy,IMG-250627-02358,univali_dataset,E
IMG-250627-02359.npy,IMG-250627-02359,univali_dataset,E
IMG-250627-02360.npy,IMG-250627-02360,univali_dataset,E
IMG-250627-02361.npy,IMG-250627-02361,univali_dataset,E
IMG-250627-02362.npy,IMG-250627-02362,univali_dataset,E
IMG-250627-02363.npy,IMG-250627-02363,univali_dataset,E
IMG-250627-02364.npy,IMG-250627-02364,univali_dataset,E
IMG-250627-02365.npy,IMG-250627-02365,univali_dataset,E
IMG-250627-02366.npy,IMG-250627-02366,univali_dataset,E
IMG-250627-02367.npy,IMG-250627-02367,univali_dataset,E
IMG-250627-02368.npy,IMG-250627-02368,univali_dataset,E
IMG-250627-02369.npy,IMG-250627-02369,univali_dataset,E
IMG-250627-02370.npy,IMG-250627-02370,univali_dataset,E
IMG-250627-02371.npy,IMG-250627-02371,univali_dataset,E
IMG-250627-02372.npy,IMG-250627-02372,univali_dataset,E
IMG-250627-02373.npy,IMG-250627-02373,univali_dataset,E
IMG-250627-02374.npy,IMG-250627-02374,univali_dataset,E
IMG-250627-02375.npy,IMG-250627-02375,univali_dataset,E
IMG-250627-02376.npy,IMG-250627-02376,univali_dataset,E
IMG-250627-02377.npy,IMG-250627-02377,univali_dataset,E
IMG-250627-02378.npy,IMG-250627-02378,univali_dataset,E
IMG-250627-02379.npy,IMG-250627-02379,univali_dataset,E
IMG-250627-02380.npy,IMG-250627-02380,univali_dataset,E
IMG-250627-02381.npy,IMG-250627-02381,univali_dataset,E
IMG-250627-02382.npy,IMG-250627-02382,univali_dataset,E
IMG-250627-02383.npy,IMG-250627-02383,univali_dataset,E
IMG-250627-02384.npy,IMG-250627-02384,univali_dataset,E
IMG-250627-02385.npy,IMG-250627-02385,univali_dataset,E
IMG-250627-02386.npy,IMG-250627-02386,univali_dataset,E
IMG-250627-02387.npy,IMG-250627-02387,univali_dataset,E
IMG-250627-02388.npy,IMG-250627-02388,univali_dataset,E
IMG-250627-02389.npy,IMG-250627-02389,univali_dataset,E
IMG-250627-02390.npy,IMG-250627-02390,univali_dataset,E
IMG-250627-02391.npy,IMG-250627-02391,univali_dataset,E
IMG-250627-02392.npy,IMG-250627-02392,univali_dataset,E
IMG-250627-02393.npy,IMG-250627-02393,univali_dataset,E
IMG-250627-02394.npy,IMG-250627-02394,univali_dataset,E
IMG-250627-02395.npy,IMG-250627-02395,univali_dataset,E
IMG-250627-02396.npy,IMG-250627-02396,univali_dataset,E
IMG-250627-02397.npy,IMG-250627-02397,univali_dataset,E
IMG-250627-02398.npy,IMG-250627-02398,univali_dataset,E
IMG-250627-02399.npy,IMG-250627-02399,univali_dataset,E
IMG-250627-02400.npy,IMG-250627-02400,univali_dataset,E
IMG-250627-02401.npy,IMG-250627-02401,univali_dataset,E
IMG-250627-02402.npy,IMG-250627-02402,univali_dataset,E
IMG-250627-02403.npy,IMG-250627-02403,univali_dataset,E
IMG-250627-02404.npy,IMG-250627-02404,univali_dataset,E
IMG-250627-02405.npy,IMG-250627-02405,univali_dataset,E
IMG-250627-02406.npy,IMG-250627-02406,univali_dataset,E
IMG-250627-02407.npy,IMG-250627-02407,univali_dataset,E
IMG-250627-02408.npy,IMG-250627-02408,univali_dataset,E
IMG-250627-02409.npy,IMG-250627-02409,univali_dataset,E
IMG-250627-02410.npy,IMG-250627-02410,univali_dataset,E
IMG-250627-02411.npy,IMG-250627-02411,univali_dataset,E
IMG-250627-02412.npy,IMG-250627-02412,univali_dataset,E
IMG-250627-02413.npy,IMG-250627-02413,univali_dataset,E
IMG-250627-02414.npy,IMG-250627-02414,univali_dataset,E
IMG-250627-02415.npy,IMG-250627-02415,univali_dataset,E
IMG-250627-02416.npy,IMG-250627-02416,univali_dataset,E
IMG-250627-02417.npy,IMG-250627-02417,univali_dataset,E
IMG-250627-02418.npy,IMG-250627-02418,univali_dataset,E
IMG-250627-02419.npy,IMG-250627-02419,univali_dataset,E
IMG-250627-02420.npy,IMG-250627-02420,univali_dataset,E
IMG-250627-02421.npy,IMG-250627-02421,univali_dataset,E
IMG-250627-02422.npy,IMG-250627-02422,univali_dataset,E
IMG-250627-02423.npy,IMG-250627-02423,univali_dataset,E
IMG-250627-02424.npy,IMG-250627-02424,univali_dataset,E
IMG-250627-02425.npy,IMG-250627-02425,univali_dataset,E
IMG-250627-02426.npy,IMG-250627-02426,univali_dataset,E
IMG-250627-02427.npy,IMG-250627-02427,univali_dataset,E
IMG-250627-02428.npy,IMG-250627-02428,univali_dataset,E
IMG-250627-02429.npy,IMG-250627-02429,univali_dataset,E
IMG-250627-02430.npy,IMG-250627-02430,univali_dataset,E
IMG-250627-02431.npy,IMG-250627-02431,univali_dataset,E
IMG-250627-02432.npy,IMG-250627-02432,univali_dataset,E
IMG-250627-02433.npy,IMG-250627-02433,univali_dataset,E
IMG-250627-02434.npy,IMG-250627-02434,univali_dataset,E
IMG-250627-02435.npy,IMG-250627-02435,univali_dataset,E
IMG-250627-02436.npy,IMG-250627-02436,univali_dataset,E
IMG-250627-02437.npy,IMG-250627-02437,univali_dataset,E
IMG-250627-02438.npy,IMG-250627-02438,univali_dataset,E
IMG-250627-02439.npy,IMG-250627-02439,univali_dataset,E
IMG-250627-02440.npy,IMG-250627-02440,univali_dataset,E
IMG-250627-02441.npy,IMG-250627-02441,univali_dataset,E
IMG-250627-02442.npy,IMG-250627-02442,univali_dataset,E
IMG-250627-02443.npy,IMG-250627-02443,univali_dataset,E
IMG-250627-02444.npy,IMG-250627-02444,univali_dataset,E
IMG-250627-02445.npy,IMG-250627-02445,univali_dataset,E
IMG-250627-02446.npy,IMG-250627-02446,univali_dataset,E
IMG-250627-02447.npy,IMG-250627-02447,univali_dataset,E
IMG-250627-02448.npy,IMG-250627-02448,univali_dataset,E
IMG-250627-02449.npy,IMG-250627-02449,univali_dataset,E
IMG-250627-02450.npy,IMG-250627-02450,univali_dataset,E
IMG-250627-02451.npy,IMG-250627-02451,univali_dataset,E
IMG-250627-02452.npy,IMG-250627-02452,univali_dataset,E
IMG-250627-02453.npy,IMG-250627-02453,univali_dataset,E
IMG-250627-02454.npy,IMG-250627-02454,univali_dataset,E
IMG-250627-02455.npy,IMG-250627-02455,univali_dataset,E
IMG-250627-02456.npy,IMG-250627-02456,univali_dataset,E
IMG-250627-02457.npy,IMG-250627-02457,univali_dataset,E
IMG-250627-02458.npy,IMG-250627-02458,univali_dataset,E
IMG-250627-02459.npy,IMG-250627-02459,univali_dataset,E
IMG-250627-02460.npy,IMG-250627-02460,univali_dataset,E
IMG-250627-02461.npy,IMG-250627-02461,univali_dataset,E
IMG-250627-02462.npy,IMG-250627-02462,univali_dataset,E
IMG-250627-02463.npy,IMG-250627-02463,univali_dataset,E
IMG-250627-02464.npy,IMG-250627-02464,univali_dataset,E
IMG-250627-02465.npy,IMG-250627-02465,univali_dataset,E
IMG-250627-02466.npy,IMG-250627-02466,univali_dataset,E
IMG-250627-02467.npy,IMG-250627-02467,univali_dataset,E
IMG-250627-02468.npy,IMG-250627-02468,univali_dataset,E
IMG-250627-02469.npy,IMG-250627-02469,univali_dataset,E
IMG-250627-02470.npy,IMG-250627-02470,univali_dataset,E
IMG-250627-02471.npy,IMG-250627-02471,univali_dataset,E
IMG-250627-02472.npy,IMG-250627-02472,univali_dataset,E
IMG-250627-02473.npy,IMG-250627-02473,univali_dataset,E
IMG-250627-02474.npy,IMG-250627-02474,univali_dataset,E
IMG-250627-02475.npy,IMG-250627-02475,univali_dataset,E
IMG-250627-02476.npy,IMG-250627-02476,univali_dataset,E
IMG-250627-02477.npy,IMG-250627-02477,univali_dataset,E
IMG-250627-02478.npy,IMG-250627-02478,univali_dataset,E
IMG-250627-02479.npy,IMG-250627-02479,univali_dataset,E
IMG-250627-02480.npy,IMG-250627-02480,univali_dataset,E
IMG-250627-02481.npy,IMG-250627-02481,univali_dataset,E
IMG-250627-02482.npy,IMG-250627-02482,univali_dataset,E
IMG-250627-02483.npy,IMG-250627-02483,univali_dataset,E
IMG-250627-02484.npy,IMG-250627-02484,univali_dataset,E
IMG-250627-02485.npy,IMG-250627-02485,univali_dataset,E
IMG-250627-02486.npy,IMG-250627-02486,univali_dataset,E
IMG-250627-02487.npy,IMG-250627-02487,univali_dataset,E
IMG-250627-02488.npy,IMG-250627-02488,univali_dataset,E
IMG-250627-02489.npy,IMG-250627-02489,univali_dataset,E
IMG-250627-02490.npy,IMG-250627-02490,univali_dataset,E
IMG-250627-02491.npy,IMG-250627-02491,univali_dataset,E
IMG-250627-02492.npy,IMG-250627-02492,univali_dataset,E
IMG-250627-02493.npy,IMG-250627-02493,univali_dataset,E
IMG-250627-02494.npy,IMG-250627-02494,univali_dataset,E
IMG-250627-02495.npy,IMG-250627-02495,univali_dataset,E
IMG-250627-02496.npy,IMG-250627-02496,univali_dataset,E
IMG-250627-02497.npy,IMG-250627-02497,univali_dataset,E
IMG-250627-02498.npy,IMG-250627-02498,univali_dataset,E
IMG-250627-02499.npy,IMG-250627-02499,univali_dataset,E
IMG-250627-02500.npy,IMG-250627-02500,univali_dataset,E
IMG-250627-02501.npy,IMG-250627-02501,univali_dataset,E
IMG-250627-02502.npy,IMG-250627-02502,univali_dataset,E
IMG-250627-02503.npy,IMG-250627-02503,univali_dataset,E
IMG-250627-02504.npy,IMG-250627-02504,univali_dataset,E
IMG-250627-02505.npy,IMG-250627-02505,univali_dataset,E
IMG-250627-02506.npy,IMG-250627-02506,univali_dataset,E
IMG-250627-02507.npy,IMG-250627-02507,univali_dataset,E
IMG-250627-02508.npy,IMG-250627-02508,univali_dataset,E
IMG-250627-02509.npy,IMG-250627-02509,univali_dataset,E
IMG-250627-02510.npy,IMG-250627-02510,univali_dataset,E
IMG-250627-02511.npy,IMG-250627-02511,univali_dataset,E
IMG-250627-02512.npy,IMG-250627-02512,univali_dataset,E
IMG-250627-02513.npy,IMG-250627-02513,univali_dataset,E
IMG-250627-02514.npy,IMG-250627-02514,univali_dataset,E
IMG-250627-02515.npy,IMG-250627-02515,univali_dataset,E
IMG-250627-02516.npy,IMG-250627-02516,univali_dataset,E
IMG-250627-02517.npy,IMG-250627-02517,univali_dataset,E
IMG-250627-02518.npy,IMG-250627-02518,univali_dataset,E
IMG-250627-02519.npy,IMG-250627-02519,univali_dataset,E
IMG-250627-02520.npy,IMG-250627-02520,univali_dataset,E
IMG-250627-02521.npy,IMG-250627-02521,univali_dataset,E
IMG-250627-02522.npy,IMG-250627-02522,univali_dataset,E
IMG-250627-02523.npy,IMG-250627-02523,univali_dataset,E
IMG-250627-02524.npy,IMG-250627-02524,univali_dataset,E
IMG-250627-02525.npy,IMG-250627-02525,univali_dataset,E
IMG-250627-02526.npy,IMG-250627-02526,univali_dataset,E
IMG-250627-02527.npy,IMG-250627-02527,univali_dataset,E
IMG-250627-02528.npy,IMG-250627-02528,univali_dataset,E
IMG-250627-02529.npy,IMG-250627-02529,univali_dataset,E
IMG-250627-02530.npy,IMG-250627-02530,univali_dataset,E
IMG-250627-02531.npy,IMG-250627-02531,univali_dataset,E
IMG-250627-02532.npy,IMG-250627-02532,univali_dataset,E
IMG-250627-02533.npy,IMG-250627-02533,univali_dataset,E
IMG-250627-02534.npy,IMG-250627-02534,univali_dataset,E
IMG-250627-02535.npy,IMG-250627-02535,univali_dataset,E
IMG-250627-02536.npy,IMG-250627-02536,univali_dataset,E
IMG-250627-02537.npy,IMG-250627-02537,univali_dataset,E
IMG-250627-02538.npy,IMG-250627-02538,univali_dataset,E
IMG-250627-02539.npy,IMG-250627-02539,univali_dataset,E
IMG-250627-02540.npy,IMG-250627-02540,univali_dataset,E
IMG-250627-02541.npy,IMG-250627-02541,univali_dataset,E
IMG-250627-02542.npy,IMG-250627-02542,univali_dataset,E
IMG-250627-02543.npy,IMG-250627-02543,univali_dataset,E
IMG-250627-02544.npy,IMG-250627-02544,univali_dataset,E
IMG-250627-02545.npy,IMG-250627-02545,univali_dataset,E
IMG-250627-02546.npy,IMG-250627-02546,univali_dataset,E
IMG-250627-02547.npy,IMG-250627-02547,univali_dataset,E
IMG-250627-02548.npy,IMG-250627-02548,univali_dataset,E
IMG-250627-02549.npy,IMG-250627-02549,univali_dataset,E
IMG-250627-02550.npy,IMG-250627-02550,univali_dataset,E
IMG-250627-02551.npy,IMG-250627-02551,univali_dataset,E
IMG-250627-02552.npy,IMG-250627-02552,univali_dataset,E
IMG-250627-02553.npy,IMG-250627-02553,univali_dataset,E
IMG-250627-02554.npy,IMG-250627-02554,univali_dataset,E
IMG-250627-02555.npy,IMG-250627-02555,univali_dataset,E
IMG-250627-02556.npy,IMG-250627-02556,univali_dataset,E
IMG-250627-02557.npy,IMG-250627-02557,univali_dataset,E
IMG-250627-02558.npy,IMG-250627-02558,univali_dataset,E
IMG-250627-02559.npy,IMG-250627-02559,univali_dataset,E
IMG-250627-02560.npy,IMG-250627-02560,univali_dataset,E
IMG-250627-02561.npy,IMG-250627-02561,univali_dataset,E
IMG-250627-02562.npy,IMG-250627-02562,univali_dataset,E
IMG-250627-02563.npy,IMG-250627-02563,univali_dataset,E
IMG-250627-02564.npy,IMG-250627-02564,univali_dataset,E
IMG-250627-02565.npy,IMG-250627-02565,univali_dataset,E
IMG-250627-02566.npy,IMG-250627-02566,univali_dataset,E
IMG-250627-02567.npy,IMG-250627-02567,univali_dataset,E
IMG-250627-02568.npy,IMG-250627-02568,univali_dataset,E
IMG-250627-02569.npy,IMG-250627-02569,univali_dataset,E
IMG-250627-02570.npy,IMG-250627-02570,univali_dataset,E
IMG-250627-02571.npy,IMG-250627-02571,univali_dataset,E
IMG-250627-02572.npy,IMG-250627-02572,univali_dataset,E
IMG-250627-02573.npy,IMG-250627-02573,univali_dataset,E
IMG-250627-02574.npy,IMG-250627-02574,univali_dataset,E
IMG-250627-02575.npy,IMG-250627-02575,univali_dataset,E
IMG-250627-02576.npy,IMG-250627-02576,univali_dataset,E
IMG-250627-02577.npy,IMG-250627-02577,univali_dataset,E
IMG-250627-02578.npy,IMG-250627-02578,univali_dataset,E
IMG-250627-02579.npy,IMG-250627-02579,univali_dataset,E
IMG-250627-02580.npy,IMG-250627-02580,univali_dataset,E
IMG-250627-02581.npy,IMG-250627-02581,univali_dataset,E
IMG-250627-02582.npy,IMG-250627-02582,univali_dataset,E
IMG-250627-02583.npy,IMG-250627-02583,univali_dataset,E
IMG-250627-02584.npy,IMG-250627-02584,univali_dataset,E
IMG-250627-02585.npy,IMG-250627-02585,univali_dataset,E
IMG-250627-02586.npy,IMG-250627-02586,univali_dataset,E
IMG-250627-02587.npy,IMG-250627-02587,univali_dataset,E
IMG-250627-02588.npy,IMG-250627-02588,univali_dataset,E
IMG-250627-02589.npy,IMG-250627-02589,univali_dataset,E
IMG-250627-02590.npy,IMG-250627-02590,univali_dataset,E
IMG-250627-02591.npy,IMG-250627-02591,univali_dataset,E
IMG-250627-02592.npy,IMG-250627-02592,univali_dataset,E
IMG-250627-02593.npy,IMG-250627-02593,univali_dataset,E
IMG-250627-02594.npy,IMG-250627-02594,univali_dataset,E
IMG-250627-02595.npy,IMG-250627-02595,univali_dataset,E
IMG-250627-02596.npy,IMG-250627-02596,univali_dataset,E
IMG-250627-02597.npy,IMG-250627-02597,univali_dataset,E
IMG-250627-02598.npy,IMG-250627-02598,univali_dataset,E
IMG-250627-02599.npy,IMG-250627-02599,univali_dataset,E
IMG-250627-02600.npy,IMG-250627-02600,univali_dataset,E
IMG-250627-02601.npy,IMG-250627-02601,univali_dataset,E
IMG-250627-02602.npy,IMG-250627-02602,univali_dataset,E
IMG-250627-02603.npy,IMG-250627-02603,univali_dataset,E
IMG-250627-02604.npy,IMG-250627-02604,univali_dataset,E
IMG-250627-02605.npy,IMG-250627-02605,univali_dataset,E
IMG-250627-02606.npy,IMG-250627-02606,univali_dataset,E
IMG-250627-02607.npy,IMG-250627-02607,univali_dataset,E
IMG-250627-02608.npy,IMG-250627-02608,univali_dataset,E
IMG-250627-02609.npy,IMG-250627-02609,univali_dataset,E
IMG-250627-02610.npy,IMG-250627-02610,univali_dataset,E
IMG-250627-02611.npy,IMG-250627-02611,univali_dataset,E
IMG-250627-02612.npy,IMG-250627-02612,univali_dataset,E
IMG-250627-02613.npy,IMG-250627-02613,univali_dataset,E
IMG-250627-02614.npy,IMG-250627-02614,univali_dataset,E
IMG-250627-02615.npy,IMG-250627-02615,univali_dataset,E
IMG-250627-02616.npy,IMG-250627-02616,univali_dataset,E
IMG-250627-02617.npy,IMG-250627-02617,univali_dataset,E
IMG-250627-02618.npy,IMG-250627-02618,univali_dataset,E
IMG-250627-02619.npy,IMG-250627-02619,univali_dataset,E
IMG-250627-02620.npy,IMG-250627-02620,univali_dataset,E
IMG-250627-02621.npy,IMG-250627-02621,univali_dataset,E
IMG-250627-02622.npy,IMG-250627-02622,univali_dataset,E
IMG-250627-02623.npy,IMG-250627-02623,univali_dataset,E
IMG-250627-02624.npy,IMG-250627-02624,univali_dataset,E
IMG-250627-02625.npy,IMG-250627-02625,univali_dataset,E
IMG-250627-02626.npy,IMG-250627-02626,univali_dataset,E
IMG-250627-02627.npy,IMG-250627-02627,univali_dataset,E
IMG-250627-02628.npy,IMG-250627-02628,univali_dataset,E
IMG-250627-02629.npy,IMG-250627-02629,univali_dataset,E
IMG-250627-02630.npy,IMG-250627-02630,univali_dataset,E
IMG-250627-02631.npy,IMG-250627-02631,univali_dataset,E
IMG-250627-02632.npy,IMG-250627-02632,univali_dataset,E
IMG-250627-02633.npy,IMG-250627-02633,univali_dataset,E
IMG-250627-02634.npy,IMG-250627-02634,univali_dataset,E
IMG-250627-02635.npy,IMG-250627-02635,univali_dataset,E
IMG-250627-02636.npy,IMG-250627-02636,univali_dataset,E
IMG-250627-02637.npy,IMG-250627-02637,univali_dataset,E
IMG-250627-02638.npy,IMG-250627-02638,univali_dataset,E
IMG-250627-02639.npy,IMG-250627-02639,univali_dataset,E
IMG-250627-02640.npy,IMG-250627-02640,univali_dataset,E
IMG-250627-02641.npy,IMG-250627-02641,univali_dataset,E
IMG-250627-02642.npy,IMG-250627-02642,univali_dataset,E
IMG-250627-02643.npy,IMG-250627-02643,univali_dataset,E
IMG-250627-02644.npy,IMG-250627-02644,univali_dataset,E
IMG-250627-02645.npy,IMG-250627-02645,univali_dataset,E
IMG-250627-02646.npy,IMG-250627-02646,univali_dataset,E
IMG-250627-02647.npy,IMG-250627-02647,univali_dataset,E
IMG-250627-02648.npy,IMG-250627-02648,univali_dataset,E
IMG-250627-02649.npy,IMG-250627-02649,univali_dataset,E
IMG-250627-02650.npy,IMG-250627-02650,univali_dataset,E
IMG-250627-02651.npy,IMG-250627-02651,univali_dataset,E
IMG-250627-02652.npy,IMG-250627-02652,univali_dataset,E
IMG-250627-02653.npy,IMG-250627-02653,univali_dataset,E
IMG-250627-02654.npy,IMG-250627-02654,univali_dataset,E
IMG-250627-02655.npy,IMG-250627-02655,univali_dataset,E
IMG-250627-02656.npy,IMG-250627-02656,univali_dataset,E
IMG-250627-02657.npy,IMG-250627-02657,univali_dataset,E
IMG-250627-02658.npy,IMG-250627-02658,univali_dataset,E
IMG-250627-02659.npy,IMG-250627-02659,univali_dataset,E
IMG-250627-02660.npy,IMG-250627-02660,univali_dataset,E
IMG-250627-02661.npy,IMG-250627-02661,univali_dataset,E
IMG-250627-02662.npy,IMG-250627-02662,univali_dataset,E
IMG-250627-02663.npy,IMG-250627-02663,univali_dataset,E
IMG-250627-02664.npy,IMG-250627-02664,univali_dataset,E
IMG-250627-02665.npy,IMG-250627-02665,univali_dataset,E
IMG-250627-02666.npy,IMG-250627-02666,univali_dataset,E
IMG-250627-02667.npy,IMG-250627-02667,univali_dataset,E
IMG-250627-02668.npy,IMG-250627-02668,univali_dataset,E
IMG-250627-02669.npy,IMG-250627-02669,univali_dataset,E
IMG-250627-02670.npy,IMG-250627-02670,univali_dataset,E
IMG-250627-02671.npy,IMG-250627-02671,univali_dataset,E
IMG-250627-02672.npy,IMG-250627-02672,univali_dataset,E
IMG-250627-02673.npy,IMG-250627-02673,univali_dataset,E
IMG-250627-02674.npy,IMG-250627-02674,univali_dataset,E
IMG-250627-02675.npy,IMG-250627-02675,univali_dataset,E
IMG-250627-02676.npy,IMG-250627-02676,univali_dataset,E
IMG-250627-02677.npy,IMG-250627-02677,univali_dataset,E
IMG-250627-02678.npy,IMG-250627-02678,univali_dataset,E
IMG-250627-02679.npy,IMG-250627-02679,univali_dataset,E
IMG-250627-02680.npy,IMG-250627-02680,univali_dataset,E
IMG-250627-02681.npy,IMG-250627-02681,univali_dataset,E
IMG-250627-02682.npy,IMG-250627-02682,univali_dataset,E
IMG-250627-02683.npy,IMG-250627-02683,univali_dataset,E
IMG-250627-02684.npy,IMG-250627-02684,univali_dataset,E
IMG-250627-02685.npy,IMG-250627-02685,univali_dataset,E
IMG-250627-02686.npy,IMG-250627-02686,univali_dataset,E
IMG-250627-02687.npy,IMG-250627-02687,univali_dataset,E
IMG-250627-02688.npy,IMG-250627-02688,univali_dataset,E
IMG-250627-02689.npy,IMG-250627-02689,univali_dataset,E
IMG-250627-02690.npy,IMG-250627-02690,univali_dataset,E
IMG-250627-02691.npy,IMG-250627-02691,univali_dataset,E
IMG-250627-02692.npy,IMG-250627-02692,univali_dataset,E
IMG-250627-02693.npy,IMG-250627-02693,univali_dataset,E
IMG-250627-02694.npy,IMG-250627-02694,univali_dataset,E
IMG-250627-02695.npy,IMG-250627-02695,univali_dataset,E
IMG-250627-02696.npy,IMG-250627-02696,univali_dataset,E
IMG-250627-02697.npy,IMG-250627-02697,univali_dataset,E
IMG-250627-02698.npy,IMG-250627-02698,univali_dataset,E
IMG-250627-02699.npy,IMG-250627-02699,univali_dataset,E
IMG-250627-02700.npy,IMG-250627-02700,univali_dataset,E
IMG-250627-02701.npy,IMG-250627-02701,univali_dataset,E
IMG-250627-02702.npy,IMG-250627-02702,univali_dataset,E
IMG-250627-02703.npy,IMG-250627-02703,univali_dataset,E
IMG-250627-02704.npy,IMG-250627-02704,univali_dataset,E
IMG-250627-02705.npy,IMG-250627-02705,univali_dataset,E
IMG-250627-02706.npy,IMG-250627-02706,univali_dataset,E
IMG-250627-02707.npy,IMG-250627-02707,univali_dataset,E
IMG-250627-02708.npy,IMG-250627-02708,univali_dataset,E
IMG-250627-02709.npy,IMG-250627-02709,univali_dataset,E
IMG-250627-02710.npy,IMG-250627-02710,univali_dataset,E
IMG-250627-02711.npy,IMG-250627-02711,univali_dataset,E
IMG-250627-02712.npy,IMG-250627-02712,univali_dataset,E
IMG-250627-02713.npy,IMG-250627-02713,univali_dataset,E
IMG-250627-02714.npy,IMG-250627-02714,univali_dataset,E
IMG-250627-02715.npy,IMG-250627-02715,univali_dataset,E
IMG-250627-02716.npy,IMG-250627-02716,univali_dataset,E
IMG-250627-02717.npy,IMG-250627-02717,univali_dataset,E
IMG-250627-02718.npy,IMG-250627-02718,univali_dataset,E
IMG-250627-02719.npy,IMG-250627-02719,univali_dataset,E
IMG-250627-02720.npy,IMG-250627-02720,univali_dataset,E
IMG-250627-02721.npy,IMG-250627-02721,univali_dataset,E
IMG-250627-02722.npy,IMG-250627-02722,univali_dataset,E
IMG-250627-02723.npy,IMG-250627-02723,univali_dataset,E
IMG-250627-02724.npy,IMG-250627-02724,univali_dataset,E
IMG-250627-02725.npy,IMG-250627-02725,univali_dataset,E
IMG-250627-02726.npy,IMG-250627-02726,univali_dataset,E
IMG-250627-02727.npy,IMG-250627-02727,univali_dataset,E
IMG-250627-02728.npy,IMG-250627-02728,univali_dataset,E
IMG-250627-02729.npy,IMG-250627-02729,univali_dataset,E
IMG-250627-02730.npy,IMG-250627-02730,univali_dataset,E
IMG-250627-02731.npy,IMG-250627-02731,univali_dataset,E
IMG-250627-02732.npy,IMG-250627-02732,univali_dataset,E
IMG-250627-02733.npy,IMG-250627-02733,univali_dataset,E
IMG-250627-02734.npy,IMG-250627-02734,univali_dataset,E
IMG-250627-02735.npy,IMG-250627-02735,univali_dataset,E
IMG-250627-02736.npy,IMG-250627-02736,univali_dataset,E
IMG-250627-02737.npy,IMG-250627-02737,univali_dataset,E
IMG-250627-02738.npy,IMG-250627-02738,univali_dataset,E
IMG-250627-02739.npy,IMG-250627-02739,univali_dataset,E
IMG-250627-02740.npy,IMG-250627-02740,univali_dataset,E
IMG-250627-02741.npy,IMG-250627-02741,univali_dataset,E
IMG-250627-02742.npy,IMG-250627-02742,univali_dataset,E
IMG-250627-02743.npy,IMG-250627-02743,univali_dataset,E
IMG-250627-02744.npy,IMG-250627-02744,univali_dataset,I
IMG-250627-02745.npy,IMG-250627-02745,univali_dataset,I
IMG-250627-02746.npy,IMG-250627-02746,univali_dataset,I
IMG-250627-02747.npy,IMG-250627-02747,univali_dataset,I
IMG-250627-02748.npy,IMG-250627-02748,univali_dataset,I
IMG-250627-02749.npy,IMG-250627-02749,univali_dataset,I
IMG-250627-02750.npy,IMG-250627-02750,univali_dataset,I
IMG-250627-02751.npy,IMG-250627-02751,univali_dataset,I
IMG-250627-02752.npy,IMG-250627-02752,univali_dataset,I
IMG-250627-02753.npy,IMG-250627-02753,univali_dataset,I
IMG-250627-02754.npy,IMG-250627-02754,univali_dataset,I
IMG-250627-02755.npy,IMG-250627-02755,univali_dataset,I
IMG-250627-02756.npy,IMG-250627-02756,univali_dataset,I
IMG-250627-02757.npy,IMG-250627-02757,univali_dataset,I
IMG-250627-02758.npy,IMG-250627-02758,univali_dataset,I
IMG-250627-02759.npy,IMG-250627-02759,univali_dataset,I
IMG-250627-02760.npy,IMG-250627-02760,univali_dataset,I
IMG-250627-02761.npy,IMG-250627-02761,univali_dataset,I
IMG-250627-02762.npy,IMG-250627-02762,univali_dataset,I
IMG-250627-02763.npy,IMG-250627-02763,univali_dataset,I
IMG-250627-02764.npy,IMG-250627-02764,univali_dataset,I
IMG-250627-02765.npy,IMG-250627-02765,univali_dataset,I
IMG-250627-02766.npy,IMG-250627-02766,univali_dataset,I
IMG-250627-02767.npy,IMG-250627-02767,univali_dataset,I
IMG-250627-02768.npy,IMG-250627-02768,univali_dataset,I
IMG-250627-02769.npy,IMG-250627-02769,univali_dataset,I
IMG-250627-02770.npy,IMG-250627-02770,univali_dataset,I
IMG-250627-02771.npy,IMG-250627-02771,univali_dataset,I
IMG-250627-02772.npy,IMG-250627-02772,univali_dataset,I
IMG-250627-02773.npy,IMG-250627-02773,univali_dataset,I
IMG-250627-02774.npy,IMG-250627-02774,univali_dataset,I
IMG-250627-02775.npy,IMG-250627-02775,univali_dataset,I
IMG-250627-02776.npy,IMG-250627-02776,univali_dataset,I
IMG-250627-02777.npy,IMG-250627-02777,univali_dataset,I
IMG-250627-02778.npy,IMG-250627-02778,univali_dataset,I
IMG-250627-02779.npy,IMG-250627-02779,univali_dataset,I
IMG-250627-02780.npy,IMG-250627-02780,univali_dataset,I
IMG-250627-02781.npy,IMG-250627-02781,univali_dataset,I
IMG-250627-02782.npy,IMG-250627-02782,univali_dataset,I
IMG-250627-02783.npy,IMG-250627-02783,univali_dataset,I
IMG-250627-02784.npy,IMG-250627-02784,univali_dataset,I
IMG-250627-02785.npy,IMG-250627-02785,univali_dataset,I
IMG-250627-02786.npy,IMG-250627-02786,univali_dataset,I
IMG-250627-02787.npy,IMG-250627-02787,univali_dataset,I
IMG-250627-02788.npy,IMG-250627-02788,univali_dataset,I
IMG-250627-02789.npy,IMG-250627-02789,univali_dataset,I
IMG-250627-02790.npy,IMG-250627-02790,univali_dataset,I
IMG-250627-02791.npy,IMG-250627-02791,univali_dataset,I
IMG-250627-02792.npy,IMG-250627-02792,univali_dataset,I
IMG-250627-02793.npy,IMG-250627-02793,univali_dataset,I
IMG-250627-02794.npy,IMG-250627-02794,univali_dataset,I
IMG-250627-02795.npy,IMG-250627-02795,univali_dataset,I
IMG-250627-02796.npy,IMG-250627-02796,univali_dataset,I
IMG-250627-02797.npy,IMG-250627-02797,univali_dataset,I
IMG-250627-02798.npy,IMG-250627-02798,univali_dataset,I
IMG-250627-02799.npy,IMG-250627-02799,univali_dataset,I
IMG-250627-02800.npy,IMG-250627-02800,univali_dataset,I
IMG-250627-02801.npy,IMG-250627-02801,univali_dataset,I
IMG-250627-02802.npy,IMG-250627-02802,univali_dataset,I
IMG-250627-02803.npy,IMG-250627-02803,univali_dataset,I
IMG-250627-02804.npy,IMG-250627-02804,univali_dataset,I
IMG-250627-02805.npy,IMG-250627-02805,univali_dataset,I
IMG-250627-02806.npy,IMG-250627-02806,univali_dataset,I
IMG-250627-02807.npy,IMG-250627-02807,univali_dataset,I
IMG-250627-02808.npy,IMG-250627-02808,univali_dataset,I
IMG-250627-02809.npy,IMG-250627-02809,univali_dataset,I
IMG-250627-02810.npy,IMG-250627-02810,univali_dataset,I
IMG-250627-02811.npy,IMG-250627-02811,univali_dataset,I
IMG-250627-02812.npy,IMG-250627-02812,univali_dataset,I
IMG-250627-02813.npy,IMG-250627-02813,univali_dataset,I
IMG-250627-02814.npy,IMG-250627-02814,univali_dataset,I
IMG-250627-02815.npy,IMG-250627-02815,univali_dataset,I
IMG-250627-02816.npy,IMG-250627-02816,univali_dataset,I
IMG-250627-02817.npy,IMG-250627-02817,univali_dataset,I
IMG-250627-02818.npy,IMG-250627-02818,univali_dataset,I
IMG-250627-02819.npy,IMG-250627-02819,univali_dataset,I
IMG-250627-02820.npy,IMG-250627-02820,univali_dataset,I
IMG-250627-02821.npy,IMG-250627-02821,univali_dataset,I
IMG-250627-02822.npy,IMG-250627-02822,univali_dataset,I
IMG-250627-02823.npy,IMG-250627-02823,univali_dataset,I
IMG-250627-02824.npy,IMG-250627-02824,univali_dataset,I
IMG-250627-02825.npy,IMG-250627-02825,univali_dataset,I
IMG-250627-02826.npy,IMG-250627-02826,univali_dataset,I
IMG-250627-02827.npy,IMG-250627-02827,univali_dataset,I
IMG-250627-02828.npy,IMG-250627-02828,univali_dataset,I
IMG-250627-02829.npy,IMG-250627-02829,univali_dataset,I
IMG-250627-02830.npy,IMG-250627-02830,univali_dataset,I
IMG-250627-02831.npy,IMG-250627-02831,univali_dataset,I
IMG-250627-02832.npy,IMG-250627-02832,univali_dataset,I
IMG-250627-02833.npy,IMG-250627-02833,univali_dataset,I
IMG-250627-02834.npy,IMG-250627-02834,univali_dataset,I
IMG-250627-02835.npy,IMG-250627-02835,univali_dataset,I
IMG-250627-02836.npy,IMG-250627-02836,univali_dataset,I
IMG-250627-02837.npy,IMG-250627-02837,univali_dataset,I
IMG-250627-02838.npy,IMG-250627-02838,univali_dataset,I
IMG-250627-02839.npy,IMG-250627-02839,univali_dataset,I
IMG-250627-02840.npy,IMG-250627-02840,univali_dataset,I
IMG-250627-02841.npy,IMG-250627-02841,univali_dataset,I
IMG-250627-02842.npy,IMG-250627-02842,univali_dataset,I
IMG-250627-02843.npy,IMG-250627-02843,univali_dataset,I
IMG-250627-02844.npy,IMG-250627-02844,univali_dataset,I
IMG-250627-02845.npy,IMG-250627-02845,univali_dataset,I
IMG-250627-02846.npy,IMG-250627-02846,univali_dataset,I
IMG-250627-02847.npy,IMG-250627-02847,univali_dataset,I
IMG-250627-02848.npy,IMG-250627-02848,univali_dataset,I
IMG-250627-02849.npy,IMG-250627-02849,univali_dataset,I
IMG-250627-02850.npy,IMG-250627-02850,univali_dataset,I
IMG-250627-02851.npy,IMG-250627-02851,univali_dataset,I
IMG-250627-02852.npy,IMG-250627-02852,univali_dataset,I
IMG-250627-02853.npy,IMG-250627-02853,univali_dataset,I
IMG-250627-02854.npy,IMG-250627-02854,univali_dataset,I
IMG-250627-02855.npy,IMG-250627-02855,univali_dataset,I
IMG-250627-02856.npy,IMG-250627-02856,univali_dataset,I
IMG-250627-02857.npy,IMG-250627-02857,univali_dataset,I
IMG-250627-02858.npy,IMG-250627-02858,univali_dataset,I
IMG-250627-02859.npy,IMG-250627-02859,univali_dataset,I
IMG-250627-02860.npy,IMG-250627-02860,univali_dataset,I
IMG-250627-02861.npy,IMG-250627-02861,univali_dataset,I
IMG-250627-02862.npy,IMG-250627-02862,univali_dataset,I
IMG-250627-02863.npy,IMG-250627-02863,univali_dataset,I
IMG-250627-02864.npy,IMG-250627-02864,univali_dataset,I
IMG-250627-02865.npy,IMG-250627-02865,univali_dataset,I
IMG-250627-02866.npy,IMG-250627-02866,univali_dataset,I
IMG-250627-02867.npy,IMG-250627-02867,univali_dataset,I
IMG-250627-02868.npy,IMG-250627-02868,univali_dataset,I
IMG-250627-02869.npy,IMG-250627-02869,univali_dataset,I
IMG-250627-02870.npy,IMG-250627-02870,univali_dataset,I
IMG-250627-02871.npy,IMG-250627-02871,univali_dataset,I
IMG-250627-02872.npy,IMG-250627-02872,univali_dataset,I
IMG-250627-02873.npy,IMG-250627-02873,univali_dataset,I
IMG-250627-02874.npy,IMG-250627-02874,univali_dataset,I
IMG-250627-02875.npy,IMG-250627-02875,univali_dataset,I
IMG-250627-02876.npy,IMG-250627-02876,univali_dataset,I
IMG-250627-02877.npy,IMG-250627-02877,univali_dataset,I
IMG-250627-02878.npy,IMG-250627-02878,univali_dataset,I
IMG-250627-02879.npy,IMG-250627-02879,univali_dataset,I
IMG-250627-02880.npy,IMG-250627-02880,univali_dataset,I
IMG-250627-02881.npy,IMG-250627-02881,univali_dataset,I
IMG-250627-02882.npy,IMG-250627-02882,univali_dataset,I
IMG-250627-02883.npy,IMG-250627-02883,univali_dataset,I
IMG-250627-02884.npy,IMG-250627-02884,univali_dataset,I
IMG-250627-02885.npy,IMG-250627-02885,univali_dataset,I
IMG-250627-02886.npy,IMG-250627-02886,univali_dataset,I
IMG-250627-02887.npy,IMG-250627-02887,univali_dataset,I
IMG-250627-02888.npy,IMG-250627-02888,univali_dataset,I
IMG-250627-02889.npy,IMG-250627-02889,univali_dataset,I
IMG-250627-02890.npy,IMG-250627-02890,univali_dataset,I
IMG-250627-02891.npy,IMG-250627-02891,univali_dataset,I
IMG-250627-02892.npy,IMG-250627-02892,univali_dataset,I
IMG-250627-02893.npy,IMG-250627-02893,univali_dataset,I
IMG-250627-02894.npy,IMG-250627-02894,univali_dataset,I
IMG-250627-02895.npy,IMG-250627-02895,univali_dataset,I
IMG-250627-02896.npy,IMG-250627-02896,univali_dataset,I
IMG-250627-02897.npy,IMG-250627-02897,univali_dataset,I
IMG-250627-02898.npy,IMG-250627-02898,univali_dataset,I
IMG-250627-02899.npy,IMG-250627-02899,univali_dataset,I
IMG-250627-02900.npy,IMG-250627-02900,univali_dataset,I
IMG-250627-02901.npy,IMG-250627-02901,univali_dataset,I
IMG-250627-02902.npy,IMG-250627-02902,univali_dataset,I
IMG-250627-02903.npy,IMG-250627-02903,univali_dataset,I
IMG-250627-02904.npy,IMG-250627-02904,univali_dataset,I
IMG-250627-02905.npy,IMG-250627-02905,univali_dataset,I
IMG-250627-02906.npy,IMG-250627-02906,univali_dataset,I
IMG-250627-02907.npy,IMG-250627-02907,univali_dataset,I
IMG-250627-02908.npy,IMG-250627-02908,univali_dataset,I
IMG-250627-02909.npy,IMG-250627-02909,univali_dataset,I
IMG-250627-02910.npy,IMG-250627-02910,univali_dataset,I
IMG-250627-02911.npy,IMG-250627-02911,univali_dataset,I
IMG-250627-02912.npy,IMG-250627-02912,univali_dataset,I
IMG-250627-02913.npy,IMG-250627-02913,univali_dataset,I
IMG-250627-02914.npy,IMG-250627-02914,univali_dataset,I
IMG-250627-02915.npy,IMG-250627-02915,univali_dataset,I
IMG-250627-02916.npy,IMG-250627-02916,univali_dataset,I
IMG-250627-02917.npy,IMG-250627-02917,univali_dataset,I
IMG-250627-02918.npy,IMG-250627-02918,univali_dataset,I
IMG-250627-02919.npy,IMG-250627-02919,univali_dataset,I
IMG-250627-02920.npy,IMG-250627-02920,univali_dataset,I
IMG-250627-02921.npy,IMG-250627-02921,univali_dataset,I
IMG-250627-02922.npy,IMG-250627-02922,univali_dataset,I
IMG-250627-02923.npy,IMG-250627-02923,univali_dataset,I
IMG-250627-02924.npy,IMG-250627-02924,univali_dataset,I
IMG-250627-02925.npy,IMG-250627-02925,univali_dataset,I
IMG-250627-02926.npy,IMG-250627-02926,univali_dataset,I
IMG-250627-02927.npy,IMG-250627-02927,univali_dataset,I
IMG-250627-02928.npy,IMG-250627-02928,univali_dataset,I
IMG-250627-02929.npy,IMG-250627-02929,univali_dataset,I
IMG-250627-02930.npy,IMG-250627-02930,univali_dataset,I
IMG-250627-02931.npy,IMG-250627-02931,univali_dataset,I
IMG-250627-02932.npy,IMG-250627-02932,univali_dataset,I
IMG-250627-02933.npy,IMG-250627-02933,univali_dataset,I
IMG-250627-02934.npy,IMG-250627-02934,univali_dataset,I
IMG-250627-02935.npy,IMG-250627-02935,univali_dataset,I
IMG-250627-02936.npy,IMG-250627-02936,univali_dataset,I
IMG-250627-02937.npy,IMG-250627-02937,univali_dataset,I
IMG-250627-02938.npy,IMG-250627-02938,univali_dataset,I
IMG-250627-02939.npy,IMG-250627-02939,univali_dataset,I
IMG-250627-02940.npy,IMG-250627-02940,univali_dataset,I
IMG-250627-02941.npy,IMG-250627-02941,univali_dataset,I
IMG-250627-02942.npy,IMG-250627-02942,univali_dataset,I
IMG-250627-02943.npy,IMG-250627-02943,univali_dataset,I
IMG-250627-02944.npy,IMG-250627-02944,univali_dataset,I
IMG-250627-02945.npy,IMG-250627-02945,univali_dataset,I
IMG-250627-02946.npy,IMG-250627-02946,univali_dataset,I
IMG-250627-02947.npy,IMG-250627-02947,univali_dataset,I
IMG-250627-02948.npy,IMG-250627-02948,univali_dataset,I
IMG-250627-02949.npy,IMG-250627-02949,univali_dataset,I
IMG-250627-02950.npy,IMG-250627-02950,univali_dataset,I
IMG-250627-02951.npy,IMG-250627-02951,univali_dataset,I
IMG-250627-02952.npy,IMG-250627-02952,univali_dataset,I
IMG-250627-02953.npy,IMG-250627-02953,univali_dataset,I
IMG-250627-02954.npy,IMG-250627-02954,univali_dataset,I
IMG-250627-02955.npy,IMG-250627-02955,univali_dataset,I
IMG-250627-02956.npy,IMG-250627-02956,univali_dataset,I
IMG-250627-02957.npy,IMG-250627-02957,univali_dataset,I
IMG-250627-02958.npy,IMG-250627-02958,univali_dataset,I
IMG-250627-02959.npy,IMG-250627-02959,univali_dataset,I
IMG-250627-02960.npy,IMG-250627-02960,univali_dataset,I
IMG-250627-02961.npy,IMG-250627-02961,univali_dataset,I
IMG-250627-02962.npy,IMG-250627-02962,univali_dataset,I
IMG-250627-02963.npy,IMG-250627-02963,univali_dataset,I
IMG-250627-02964.npy,IMG-250627-02964,univali_dataset,I
IMG-250627-02965.npy,IMG-250627-02965,univali_dataset,I
IMG-250627-02966.npy,IMG-250627-02966,univali_dataset,I
IMG-250627-02967.npy,IMG-250627-02967,univali_dataset,I
IMG-250627-02968.npy,IMG-250627-02968,univali_dataset,I
IMG-250627-02969.npy,IMG-250627-02969,univali_dataset,I
IMG-250627-02970.npy,IMG-250627-02970,univali_dataset,I
IMG-250627-02971.npy,IMG-250627-02971,univali_dataset,I
IMG-250627-02972.npy,IMG-250627-02972,univali_dataset,I
IMG-250627-02973.npy,IMG-250627-02973,univali_dataset,I
IMG-250627-02974.npy,IMG-250627-02974,univali_dataset,I
IMG-250627-02975.npy,IMG-250627-02975,univali_dataset,I
IMG-250627-02976.npy,IMG-250627-02976,univali_dataset,I
IMG-250627-02977.npy,IMG-250627-02977,univali_dataset,I
IMG-250627-02978.npy,IMG-250627-02978,univali_dataset,I
IMG-250627-02979.npy,IMG-250627-02979,univali_dataset,I
IMG-250627-02980.npy,IMG-250627-02980,univali_dataset,I
IMG-250627-02981.npy,IMG-250627-02981,univali_dataset,I
IMG-250627-02982.npy,IMG-250627-02982,univali_dataset,I
IMG-250627-02983.npy,IMG-250627-02983,univali_dataset,I
IMG-250627-02984.npy,IMG-250627-02984,univali_dataset,I
IMG-250627-02985.npy,IMG-250627-02985,univali_dataset,I
IMG-250627-02986.npy,IMG-250627-02986,univali_dataset,I
IMG-250627-02987.npy,IMG-250627-02987,univali_dataset,I
IMG-250627-02988.npy,IMG-250627-02988,univali_dataset,I
IMG-250627-02989.npy,IMG-250627-02989,univali_dataset,I
IMG-250627-02990.npy,IMG-250627-02990,univali_dataset,I
IMG-250627-02991.npy,IMG-250627-02991,univali_dataset,I
IMG-250627-02992.npy,IMG-250627-02992,univali_dataset,I
IMG-250627-02993.npy,IMG-250627-02993,univali_dataset,I
IMG-250627-02994.npy,IMG-250627-02994,univali_dataset,I
IMG-250627-02995.npy,IMG-250627-02995,univali_dataset,I
IMG-250627-02996.npy,IMG-250627-02996,univali_dataset,I
IMG-250627-02997.npy,IMG-250627-02997,univali_dataset,I
IMG-250627-02998.npy,IMG-250627-02998,univali_dataset,I
IMG-250627-02999.npy,IMG-250627-02999,univali_dataset,I
IMG-250627-03000.npy,IMG-250627-03000,univali_dataset,I
IMG-250627-03001.npy,IMG-250627-03001,univali_dataset,I
IMG-250627-03002.npy,IMG-250627-03002,univali_dataset,I
IMG-250627-03003.npy,IMG-250627-03003,univali_dataset,I
IMG-250627-03004.npy,IMG-250627-03004,univali_dataset,L
IMG-250627-03005.npy,IMG-250627-03005,univali_dataset,L
IMG-250627-03006.npy,IMG-250627-03006,univali_dataset,L
IMG-250627-03007.npy,IMG-250627-03007,univali_dataset,L
IMG-250627-03008.npy,IMG-250627-03008,univali_dataset,L
IMG-250627-03009.npy,IMG-250627-03009,univali_dataset,L
IMG-250627-03010.npy,IMG-250627-03010,univali_dataset,L
IMG-250627-03011.npy,IMG-250627-03011,univali_dataset,L
IMG-250627-03012.npy,IMG-250627-03012,univali_dataset,L
IMG-250627-03013.npy,IMG-250627-03013,univali_dataset,L
IMG-250627-03014.npy,IMG-250627-03014,univali_dataset,L
IMG-250627-03015.npy,IMG-250627-03015,univali_dataset,L
IMG-250627-03016.npy,IMG-250627-03016,univali_dataset,L
IMG-250627-03017.npy,IMG-250627-03017,univali_dataset,L
IMG-250627-03018.npy,IMG-250627-03018,univali_dataset,L
IMG-250627-03019.npy,IMG-250627-03019,univali_dataset,L
IMG-250627-03020.npy,IMG-250627-03020,univali_dataset,L
IMG-250627-03021.npy,IMG-250627-03021,univali_dataset,L
IMG-250627-03022.npy,IMG-250627-03022,univali_dataset,L
IMG-250627-03023.npy,IMG-250627-03023,univali_dataset,L
IMG-250627-03024.npy,IMG-250627-03024,univali_dataset,L
IMG-250627-03025.npy,IMG-250627-03025,univali_dataset,L
IMG-250627-03026.npy,IMG-250627-03026,univali_dataset,L
IMG-250627-03027.npy,IMG-250627-03027,univali_dataset,L
IMG-250627-03028.npy,IMG-250627-03028,univali_dataset,L
IMG-250627-03029.npy,IMG-250627-03029,univali_dataset,L
IMG-250627-03030.npy,IMG-250627-03030,univali_dataset,L
IMG-250627-03031.npy,IMG-250627-03031,univali_dataset,L
IMG-250627-03032.npy,IMG-250627-03032,univali_dataset,L
IMG-250627-03033.npy,IMG-250627-03033,univali_dataset,L
IMG-250627-03034.npy,IMG-250627-03034,univali_dataset,L
IMG-250627-03035.npy,IMG-250627-03035,univali_dataset,L
IMG-250627-03036.npy,IMG-250627-03036,univali_dataset,L
IMG-250627-03037.npy,IMG-250627-03037,univali_dataset,L
IMG-250627-03038.npy,IMG-250627-03038,univali_dataset,L
IMG-250627-03039.npy,IMG-250627-03039,univali_dataset,L
IMG-250627-03040.npy,IMG-250627-03040,univali_dataset,L
IMG-250627-03041.npy,IMG-250627-03041,univali_dataset,L
IMG-250627-03042.npy,IMG-250627-03042,univali_dataset,L
IMG-250627-03043.npy,IMG-250627-03043,univali_dataset,L
IMG-250627-03044.npy,IMG-250627-03044,univali_dataset,L
IMG-250627-03045.npy,IMG-250627-03045,univali_dataset,L
IMG-250627-03046.npy,IMG-250627-03046,univali_dataset,L
IMG-250627-03047.npy,IMG-250627-03047,univali_dataset,L
IMG-250627-03048.npy,IMG-250627-03048,univali_dataset,L
IMG-250627-03049.npy,IMG-250627-03049,univali_dataset,L
IMG-250627-03050.npy,IMG-250627-03050,univali_dataset,L
IMG-250627-03051.npy,IMG-250627-03051,univali_dataset,L
IMG-250627-03052.npy,IMG-250627-03052,univali_dataset,L
IMG-250627-03053.npy,IMG-250627-03053,univali_dataset,L
IMG-250627-03054.npy,IMG-250627-03054,univali_dataset,L
IMG-250627-03055.npy,IMG-250627-03055,univali_dataset,L
IMG-250627-03056.npy,IMG-250627-03056,univali_dataset,L
IMG-250627-03057.npy,IMG-250627-03057,univali_dataset,L
IMG-250627-03058.npy,IMG-250627-03058,univali_dataset,L
IMG-250627-03059.npy,IMG-250627-03059,univali_dataset,L
IMG-250627-03060.npy,IMG-250627-03060,univali_dataset,L
IMG-250627-03061.npy,IMG-250627-03061,univali_dataset,L
IMG-250627-03062.npy,IMG-250627-03062,univali_dataset,L
IMG-250627-03063.npy,IMG-250627-03063,univali_dataset,L
IMG-250627-03064.npy,IMG-250627-03064,univali_dataset,L
IMG-250627-03065.npy,IMG-250627-03065,univali_dataset,L
IMG-250627-03066.npy,IMG-250627-03066,univali_dataset,L
IMG-250627-03067.npy,IMG-250627-03067,univali_dataset,L
IMG-250627-03068.npy,IMG-250627-03068,univali_dataset,L
IMG-250627-03069.npy,IMG-250627-03069,univali_dataset,L
IMG-250627-03070.npy,IMG-250627-03070,univali_dataset,L
IMG-250627-03071.npy,IMG-250627-03071,univali_dataset,L
IMG-250627-03072.npy,IMG-250627-03072,univali_dataset,L
IMG-250627-03073.npy,IMG-250627-03073,univali_dataset,L
IMG-250627-03074.npy,IMG-250627-03074,univali_dataset,L
IMG-250627-03075.npy,IMG-250627-03075,univali_dataset,L
IMG-250627-03076.npy,IMG-250627-03076,univali_dataset,L
IMG-250627-03077.npy,IMG-250627-03077,univali_dataset,L
IMG-250627-03078.npy,IMG-250627-03078,univali_dataset,L
IMG-250627-03079.npy,IMG-250627-03079,univali_dataset,L
IMG-250627-03080.npy,IMG-250627-03080,univali_dataset,L
IMG-250627-03081.npy,IMG-250627-03081,univali_dataset,L
IMG-250627-03082.npy,IMG-250627-03082,univali_dataset,L
IMG-250627-03083.npy,IMG-250627-03083,univali_dataset,L
IMG-250627-03084.npy,IMG-250627-03084,univali_dataset,L
IMG-250627-03085.npy,IMG-250627-03085,univali_dataset,L
IMG-250627-03086.npy,IMG-250627-03086,univali_dataset,L
IMG-250627-03087.npy,IMG-250627-03087,univali_dataset,L
IMG-250627-03088.npy,IMG-250627-03088,univali_dataset,L
IMG-250627-03089.npy,IMG-250627-03089,univali_dataset,L
IMG-250627-03090.npy,IMG-250627-03090,univali_dataset,L
IMG-250627-03091.npy,IMG-250627-03091,univali_dataset,L
IMG-250627-03092.npy,IMG-250627-03092,univali_dataset,L
IMG-250627-03093.npy,IMG-250627-03093,univali_dataset,L
IMG-250627-03094.npy,IMG-250627-03094,univali_dataset,L
IMG-250627-03095.npy,IMG-250627-03095,univali_dataset,L
IMG-250627-03096.npy,IMG-250627-03096,univali_dataset,L
IMG-250627-03097.npy,IMG-250627-03097,univali_dataset,L
IMG-250627-03098.npy,IMG-250627-03098,univali_dataset,L
IMG-250627-03099.npy,IMG-250627-03099,univali_dataset,L
IMG-250627-03100.npy,IMG-250627-03100,univali_dataset,L
IMG-250627-03101.npy,IMG-250627-03101,univali_dataset,L
IMG-250627-03102.npy,IMG-250627-03102,univali_dataset,L
IMG-250627-03103.npy,IMG-250627-03103,univali_dataset,L
IMG-250627-03104.npy,IMG-250627-03104,univali_dataset,L
IMG-250627-03105.npy,IMG-250627-03105,univali_dataset,L
IMG-250627-03106.npy,IMG-250627-03106,univali_dataset,L
IMG-250627-03107.npy,IMG-250627-03107,univali_dataset,L
IMG-250627-03108.npy,IMG-250627-03108,univali_dataset,L
IMG-250627-03109.npy,IMG-250627-03109,univali_dataset,L
IMG-250627-03110.npy,IMG-250627-03110,univali_dataset,L
IMG-250627-03111.npy,IMG-250627-03111,univali_dataset,L
IMG-250627-03112.npy,IMG-250627-03112,univali_dataset,L
IMG-250627-03113.npy,IMG-250627-03113,univali_dataset,L
IMG-250627-03114.npy,IMG-250627-03114,univali_dataset,L
IMG-250627-03115.npy,IMG-250627-03115,univali_dataset,L
IMG-250627-03116.npy,IMG-250627-03116,univali_dataset,L
IMG-250627-03117.npy,IMG-250627-03117,univali_dataset,L
IMG-250627-03118.npy,IMG-250627-03118,univali_dataset,L
IMG-250627-03119.npy,IMG-250627-03119,univali_dataset,L
IMG-250627-03120.npy,IMG-250627-03120,univali_dataset,L
IMG-250627-03121.npy,IMG-250627-03121,univali_dataset,L
IMG-250627-03122.npy,IMG-250627-03122,univali_dataset,L
IMG-250627-03123.npy,IMG-250627-03123,univali_dataset,L
IMG-250627-03124.npy,IMG-250627-03124,univali_dataset,L
IMG-250627-03125.npy,IMG-250627-03125,univali_dataset,L
IMG-250627-03126.npy,IMG-250627-03126,univali_dataset,L
IMG-250627-03127.npy,IMG-250627-03127,univali_dataset,L
IMG-250627-03128.npy,IMG-250627-03128,univali_dataset,L
IMG-250627-03129.npy,IMG-250627-03129,univali_dataset,L
IMG-250627-03130.npy,IMG-250627-03130,univali_dataset,L
IMG-250627-03131.npy,IMG-250627-03131,univali_dataset,L
IMG-250627-03132.npy,IMG-250627-03132,univali_dataset,L
IMG-250627-03133.npy,IMG-250627-03133,univali_dataset,L
IMG-250627-03134.npy,IMG-250627-03134,univali_dataset,L
IMG-250627-03135.npy,IMG-250627-03135,univali_dataset,L
IMG-250627-03136.npy,IMG-250627-03136,univali_dataset,L
IMG-250627-03137.npy,IMG-250627-03137,univali_dataset,L
IMG-250627-03138.npy,IMG-250627-03138,univali_dataset,L
IMG-250627-03139.npy,IMG-250627-03139,univali_dataset,L
IMG-250627-03140.npy,IMG-250627-03140,univali_dataset,L
IMG-250627-03141.npy,IMG-250627-03141,univali_dataset,L
IMG-250627-03142.npy,IMG-250627-03142,univali_dataset,L
IMG-250627-03143.npy,IMG-250627-03143,univali_dataset,L
IMG-250627-03144.npy,IMG-250627-03144,univali_dataset,L
IMG-250627-03145.npy,IMG-250627-03145,univali_dataset,L
IMG-250627-03146.npy,IMG-250627-03146,univali_dataset,L
IMG-250627-03147.npy,IMG-250627-03147,univali_dataset,L
IMG-250627-03148.npy,IMG-250627-03148,univali_dataset,L
IMG-250627-03149.npy,IMG-250627-03149,univali_dataset,L
IMG-250627-03150.npy,IMG-250627-03150,univali_dataset,L
IMG-250627-03151.npy,IMG-250627-03151,univali_dataset,L
IMG-250627-03152.npy,IMG-250627-03152,univali_dataset,L
IMG-250627-03153.npy,IMG-250627-03153,univali_dataset,L
IMG-250627-03154.npy,IMG-250627-03154,univali_dataset,M
IMG-250627-03155.npy,IMG-250627-03155,univali_dataset,M
IMG-250627-03156.npy,IMG-250627-03156,univali_dataset,M
IMG-250627-03157.npy,IMG-250627-03157,univali_dataset,M
IMG-250627-03158.npy,IMG-250627-03158,univali_dataset,M
IMG-250627-03159.npy,IMG-250627-03159,univali_dataset,M
IMG-250627-03160.npy,IMG-250627-03160,univali_dataset,M
IMG-250627-03161.npy,IMG-250627-03161,univali_dataset,M
IMG-250627-03162.npy,IMG-250627-03162,univali_dataset,M
IMG-250627-03163.npy,IMG-250627-03163,univali_dataset,M
IMG-250627-03164.npy,IMG-250627-03164,univali_dataset,M
IMG-250627-03165.npy,IMG-250627-03165,univali_dataset,M
IMG-250627-03166.npy,IMG-250627-03166,univali_dataset,M
IMG-250627-03167.npy,IMG-250627-03167,univali_dataset,M
IMG-250627-03168.npy,IMG-250627-03168,univali_dataset,M
IMG-250627-03169.npy,IMG-250627-03169,univali_dataset,M
IMG-250627-03170.npy,IMG-250627-03170,univali_dataset,M
IMG-250627-03171.npy,IMG-250627-03171,univali_dataset,M
IMG-250627-03172.npy,IMG-250627-03172,univali_dataset,M
IMG-250627-03173.npy,IMG-250627-03173,univali_dataset,M
IMG-250627-03174.npy,IMG-250627-03174,univali_dataset,M
IMG-250627-03175.npy,IMG-250627-03175,univali_dataset,M
IMG-250627-03176.npy,IMG-250627-03176,univali_dataset,M
IMG-250627-03177.npy,IMG-250627-03177,univali_dataset,M
IMG-250627-03178.npy,IMG-250627-03178,univali_dataset,M
IMG-250627-03179.npy,IMG-250627-03179,univali_dataset,M
IMG-250627-03180.npy,IMG-250627-03180,univali_dataset,M
IMG-250627-03181.npy,IMG-250627-03181,univali_dataset,M
IMG-250627-03182.npy,IMG-250627-03182,univali_dataset,M
IMG-250627-03183.npy,IMG-250627-03183,univali_dataset,M
IMG-250627-03184.npy,IMG-250627-03184,univali_dataset,M
IMG-250627-03185.npy,IMG-250627-03185,univali_dataset,M
IMG-250627-03186.npy,IMG-250627-03186,univali_dataset,M
IMG-250627-03187.npy,IMG-250627-03187,univali_dataset,M
IMG-250627-03188.npy,IMG-250627-03188,univali_dataset,M
IMG-250627-03189.npy,IMG-250627-03189,univali_dataset,M
IMG-250627-03190.npy,IMG-250627-03190,univali_dataset,M
IMG-250627-03191.npy,IMG-250627-03191,univali_dataset,M
IMG-250627-03192.npy,IMG-250627-03192,univali_dataset,M
IMG-250627-03193.npy,IMG-250627-03193,univali_dataset,M
IMG-250627-03194.npy,IMG-250627-03194,univali_dataset,M
IMG-250627-03195.npy,IMG-250627-03195,univali_dataset,M
IMG-250627-03196.npy,IMG-250627-03196,univali_dataset,M
IMG-250627-03197.npy,IMG-250627-03197,univali_dataset,M
IMG-250627-03198.npy,IMG-250627-03198,univali_dataset,M
IMG-250627-03199.npy,IMG-250627-03199,univali_dataset,M
IMG-250627-03200.npy,IMG-250627-03200,univali_dataset,M
IMG-250627-03201.npy,IMG-250627-03201,univali_dataset,M
IMG-250627-03202.npy,IMG-250627-03202,univali_dataset,M
IMG-250627-03203.npy,IMG-250627-03203,univali_dataset,M
IMG-250627-03204.npy,IMG-250627-03204,univali_dataset,M
IMG-250627-03205.npy,IMG-250627-03205,univali_dataset,M
IMG-250627-03206.npy,IMG-250627-03206,univali_dataset,M
IMG-250627-03207.npy,IMG-250627-03207,univali_dataset,M
IMG-250627-03208.npy,IMG-250627-03208,univali_dataset,M
IMG-250627-03209.npy,IMG-250627-03209,univali_dataset,M
IMG-250627-03210.npy,IMG-250627-03210,univali_dataset,M
IMG-250627-03211.npy,IMG-250627-03211,univali_dataset,M
IMG-250627-03212.npy,IMG-250627-03212,univali_dataset,M
IMG-250627-03213.npy,IMG-250627-03213,univali_dataset,M
IMG-250627-03214.npy,IMG-250627-03214,univali_dataset,M
IMG-250627-03215.npy,IMG-250627-03215,univali_dataset,M
IMG-250627-03216.npy,IMG-250627-03216,univali_dataset,M
IMG-250627-03217.npy,IMG-250627-03217,univali_dataset,M
IMG-250627-03218.npy,IMG-250627-03218,univali_dataset,M
IMG-250627-03219.npy,IMG-250627-03219,univali_dataset,M
IMG-250627-03220.npy,IMG-250627-03220,univali_dataset,M
IMG-250627-03221.npy,IMG-250627-03221,univali_dataset,M
IMG-250627-03222.npy,IMG-250627-03222,univali_dataset,M
IMG-250627-03223.npy,IMG-250627-03223,univali_dataset,M
IMG-250627-03224.npy,IMG-250627-03224,univali_dataset,M
IMG-250627-03225.npy,IMG-250627-03225,univali_dataset,M
IMG-250627-03226.npy,IMG-250627-03226,univali_dataset,M
IMG-250627-03227.npy,IMG-250627-03227,univali_dataset,M
IMG-250627-03228.npy,IMG-250627-03228,univali_dataset,M
IMG-250627-03229.npy,IMG-250627-03229,univali_dataset,M
IMG-250627-03230.npy,IMG-250627-03230,univali_dataset,M
IMG-250627-03231.npy,IMG-250627-03231,univali_dataset,M
IMG-250627-03232.npy,IMG-250627-03232,univali_dataset,M
IMG-250627-03233.npy,IMG-250627-03233,univali_dataset,M
IMG-250627-03234.npy,IMG-250627-03234,univali_dataset,M
IMG-250627-03235.npy,IMG-250627-03235,univali_dataset,M
IMG-250627-03236.npy,IMG-250627-03236,univali_dataset,M
IMG-250627-03237.npy,IMG-250627-03237,univali_dataset,M
IMG-250627-03238.npy,IMG-250627-03238,univali_dataset,M
IMG-250627-03239.npy,IMG-250627-03239,univali_dataset,M
IMG-250627-03240.npy,IMG-250627-03240,univali_dataset,M
IMG-250627-03241.npy,IMG-250627-03241,univali_dataset,M
IMG-250627-03242.npy,IMG-250627-03242,univali_dataset,M
IMG-250627-03243.npy,IMG-250627-03243,univali_dataset,M
IMG-250627-03244.npy,IMG-250627-03244,univali_dataset,M
IMG-250627-03245.npy,IMG-250627-03245,univali_dataset,M
IMG-250627-03246.npy,IMG-250627-03246,univali_dataset,M
IMG-250627-03247.npy,IMG-250627-03247,univali_dataset,M
IMG-250627-03248.npy,IMG-250627-03248,univali_dataset,M
IMG-250627-03249.npy,IMG-250627-03249,univali_dataset,M
IMG-250627-03250.npy,IMG-250627-03250,univali_dataset,M
IMG-250627-03251.npy,IMG-250627-03251,univali_dataset,M
IMG-250627-03252.npy,IMG-250627-03252,univali_dataset,M
IMG-250627-03253.npy,IMG-250627-03253,univali_dataset,M
IMG-250627-03254.npy,IMG-250627-03254,univali_dataset,M
IMG-250627-03255.npy,IMG-250627-03255,univali_dataset,M
IMG-250627-03256.npy,IMG-250627-03256,univali_dataset,M
IMG-250627-03257.npy,IMG-250627-03257,univali_dataset,M
IMG-250627-03258.npy,IMG-250627-03258,univali_dataset,M
IMG-250627-03259.npy,IMG-250627-03259,univali_dataset,M
IMG-250627-03260.npy,IMG-250627-03260,univali_dataset,M
IMG-250627-03261.npy,IMG-250627-03261,univali_dataset,M
IMG-250627-03262.npy,IMG-250627-03262,univali_dataset,M
IMG-250627-03263.npy,IMG-250627-03263,univali_dataset,M
IMG-250627-03264.npy,IMG-250627-03264,univali_dataset,M
IMG-250627-03265.npy,IMG-250627-03265,univali_dataset,M
IMG-250627-03266.npy,IMG-250627-03266,univali_dataset,M
IMG-250627-03267.npy,IMG-250627-03267,univali_dataset,M
IMG-250627-03268.npy,IMG-250627-03268,univali_dataset,M
IMG-250627-03269.npy,IMG-250627-03269,univali_dataset,M
IMG-250627-03270.npy,IMG-250627-03270,univali_dataset,M
IMG-250627-03271.npy,IMG-250627-03271,univali_dataset,M
IMG-250627-03272.npy,IMG-250627-03272,univali_dataset,M
IMG-250627-03273.npy,IMG-250627-03273,univali_dataset,M
IMG-250627-03274.npy,IMG-250627-03274,univali_dataset,M
IMG-250627-03275.npy,IMG-250627-03275,univali_dataset,M
IMG-250627-03276.npy,IMG-250627-03276,univali_dataset,M
IMG-250627-03277.npy,IMG-250627-03277,univali_dataset,M
IMG-250627-03278.npy,IMG-250627-03278,univali_dataset,M
IMG-250627-03279.npy,IMG-250627-03279,univali_dataset,M
IMG-250627-03280.npy,IMG-250627-03280,univali_dataset,M
IMG-250627-03281.npy,IMG-250627-03281,univali_dataset,M
IMG-250627-03282.npy,IMG-250627-03282,univali_dataset,M
IMG-250627-03283.npy,IMG-250627-03283,univali_dataset,M
IMG-250627-03284.npy,IMG-250627-03284,univali_dataset,M
IMG-250627-03285.npy,IMG-250627-03285,univali_dataset,M
IMG-250627-03286.npy,IMG-250627-03286,univali_dataset,M
IMG-250627-03287.npy,IMG-250627-03287,univali_dataset,M
IMG-250627-03288.npy,IMG-250627-03288,univali_dataset,M
IMG-250627-03289.npy,IMG-250627-03289,univali_dataset,M
IMG-250627-03290.npy,IMG-250627-03290,univali_dataset,M
IMG-250627-03291.npy,IMG-250627-03291,univali_dataset,M
IMG-250627-03292.npy,IMG-250627-03292,univali_dataset,M
IMG-250627-03293.npy,IMG-250627-03293,univali_dataset,M
IMG-250627-03294.npy,IMG-250627-03294,univali_dataset,M
IMG-250627-03295.npy,IMG-250627-03295,univali_dataset,M
IMG-250627-03296.npy,IMG-250627-03296,univali_dataset,M
IMG-250627-03297.npy,IMG-250627-03297,univali_dataset,M
IMG-250627-03298.npy,IMG-250627-03298,univali_dataset,M
IMG-250627-03299.npy,IMG-250627-03299,univali_dataset,M
IMG-250627-03300.npy,IMG-250627-03300,univali_dataset,M
IMG-250627-03301.npy,IMG-250627-03301,univali_dataset,M
IMG-250627-03302.npy,IMG-250627-03302,univali_dataset,M
IMG-250627-03303.npy,IMG-250627-03303,univali_dataset,M
IMG-250627-03304.npy,IMG-250627-03304,univali_dataset,M
IMG-250627-03305.npy,IMG-250627-03305,univali_dataset,M
IMG-250627-03306.npy,IMG-250627-03306,univali_dataset,M
IMG-250627-03307.npy,IMG-250627-03307,univali_dataset,M
IMG-250627-03308.npy,IMG-250627-03308,univali_dataset,M
IMG-250627-03309.npy,IMG-250627-03309,univali_dataset,M
IMG-250627-03310.npy,IMG-250627-03310,univali_dataset,M
IMG-250627-03311.npy,IMG-250627-03311,univali_dataset,M
IMG-250627-03312.npy,IMG-250627-03312,univali_dataset,M
IMG-250627-03313.npy,IMG-250627-03313,univali_dataset,M
IMG-250627-03314.npy,IMG-250627-03314,univali_dataset,M
IMG-250627-03315.npy,IMG-250627-03315,univali_dataset,M
IMG-250627-03316.npy,IMG-250627-03316,univali_dataset,M
IMG-250627-03317.npy,IMG-250627-03317,univali_dataset,M
IMG-250627-03318.npy,IMG-250627-03318,univali_dataset,M
IMG-250627-03319.npy,IMG-250627-03319,univali_dataset,M
IMG-250627-03320.npy,IMG-250627-03320,univali_dataset,M
IMG-250627-03321.npy,IMG-250627-03321,univali_dataset,M
IMG-250627-03322.npy,IMG-250627-03322,univali_dataset,M
IMG-250627-03323.npy,IMG-250627-03323,univali_dataset,M
IMG-250627-03324.npy,IMG-250627-03324,univali_dataset,M
IMG-250627-03325.npy,IMG-250627-03325,univali_dataset,M
IMG-250627-03326.npy,IMG-250627-03326,univali_dataset,M
IMG-250627-03327.npy,IMG-250627-03327,univali_dataset,M
IMG-250627-03328.npy,IMG-250627-03328,univali_dataset,M
IMG-250627-03329.npy,IMG-250627-03329,univali_dataset,M
IMG-250627-03330.npy,IMG-250627-03330,univali_dataset,M
IMG-250627-03331.npy,IMG-250627-03331,univali_dataset,M
IMG-250627-03332.npy,IMG-250627-03332,univali_dataset,M
IMG-250627-03333.npy,IMG-250627-03333,univali_dataset,M
IMG-250627-03334.npy,IMG-250627-03334,univali_dataset,M
IMG-250627-03335.npy,IMG-250627-03335,univali_dataset,M
IMG-250627-03336.npy,IMG-250627-03336,univali_dataset,M
IMG-250627-03337.npy,IMG-250627-03337,univali_dataset,M
IMG-250627-03338.npy,IMG-250627-03338,univali_dataset,M
IMG-250627-03339.npy,IMG-250627-03339,univali_dataset,M
IMG-250627-03340.npy,IMG-250627-03340,univali_dataset,M
IMG-250627-03341.npy,IMG-250627-03341,univali_dataset,M
IMG-250627-03342.npy,IMG-250627-03342,univali_dataset,M
IMG-250627-03343.npy,IMG-250627-03343,univali_dataset,M
IMG-250627-03344.npy,IMG-250627-03344,univali_dataset,M
IMG-250627-03345.npy,IMG-250627-03345,univali_dataset,M
IMG-250627-03346.npy,IMG-250627-03346,univali_dataset,M
IMG-250627-03347.npy,IMG-250627-03347,univali_dataset,M
IMG-250627-03348.npy,IMG-250627-03348,univali_dataset,M
IMG-250627-03349.npy,IMG-250627-03349,univali_dataset,M
IMG-250627-03350.npy,IMG-250627-03350,univali_dataset,M
IMG-250627-03351.npy,IMG-250627-03351,univali_dataset,N
IMG-250627-03352.npy,IMG-250627-03352,univali_dataset,N
IMG-250627-03353.npy,IMG-250627-03353,univali_dataset,N
IMG-250627-03354.npy,IMG-250627-03354,univali_dataset,N
IMG-250627-03355.npy,IMG-250627-03355,univali_dataset,N
IMG-250627-03356.npy,IMG-250627-03356,univali_dataset,N
IMG-250627-03357.npy,IMG-250627-03357,univali_dataset,N
IMG-250627-03358.npy,IMG-250627-03358,univali_dataset,N
IMG-250627-03359.npy,IMG-250627-03359,univali_dataset,N
IMG-250627-03360.npy,IMG-250627-03360,univali_dataset,N
IMG-250627-03361.npy,IMG-250627-03361,univali_dataset,N
IMG-250627-03362.npy,IMG-250627-03362,univali_dataset,N
IMG-250627-03363.npy,IMG-250627-03363,univali_dataset,N
IMG-250627-03364.npy,IMG-250627-03364,univali_dataset,N
IMG-250627-03365.npy,IMG-250627-03365,univali_dataset,N
IMG-250627-03366.npy,IMG-250627-03366,univali_dataset,N
IMG-250627-03367.npy,IMG-250627-03367,univali_dataset,N
IMG-250627-03368.npy,IMG-250627-03368,univali_dataset,N
IMG-250627-03369.npy,IMG-250627-03369,univali_dataset,N
IMG-250627-03370.npy,IMG-250627-03370,univali_dataset,N
IMG-250627-03371.npy,IMG-250627-03371,univali_dataset,N
IMG-250627-03372.npy,IMG-250627-03372,univali_dataset,N
IMG-250627-03373.npy,IMG-250627-03373,univali_dataset,N
IMG-250627-03374.npy,IMG-250627-03374,univali_dataset,N
IMG-250627-03375.npy,IMG-250627-03375,univali_dataset,N
IMG-250627-03376.npy,IMG-250627-03376,univali_dataset,N
IMG-250627-03377.npy,IMG-250627-03377,univali_dataset,N
IMG-250627-03378.npy,IMG-250627-03378,univali_dataset,N
IMG-250627-03379.npy,IMG-250627-03379,univali_dataset,N
IMG-250627-03380.npy,IMG-250627-03380,univali_dataset,N
IMG-250627-03381.npy,IMG-250627-03381,univali_dataset,N
IMG-250627-03382.npy,IMG-250627-03382,univali_dataset,N
IMG-250627-03383.npy,IMG-250627-03383,univali_dataset,N
IMG-250627-03384.npy,IMG-250627-03384,univali_dataset,N
IMG-250627-03385.npy,IMG-250627-03385,univali_dataset,N
IMG-250627-03386.npy,IMG-250627-03386,univali_dataset,N
IMG-250627-03387.npy,IMG-250627-03387,univali_dataset,N
IMG-250627-03388.npy,IMG-250627-03388,univali_dataset,N
IMG-250627-03389.npy,IMG-250627-03389,univali_dataset,N
IMG-250627-03390.npy,IMG-250627-03390,univali_dataset,N
IMG-250627-03391.npy,IMG-250627-03391,univali_dataset,N
IMG-250627-03392.npy,IMG-250627-03392,univali_dataset,N
IMG-250627-03393.npy,IMG-250627-03393,univali_dataset,N
IMG-250627-03394.npy,IMG-250627-03394,univali_dataset,N
IMG-250627-03395.npy,IMG-250627-03395,univali_dataset,N
IMG-250627-03396.npy,IMG-250627-03396,univali_dataset,N
IMG-250627-03397.npy,IMG-250627-03397,univali_dataset,N
IMG-250627-03398.npy,IMG-250627-03398,univali_dataset,N
IMG-250627-03399.npy,IMG-250627-03399,univali_dataset,N
IMG-250627-03400.npy,IMG-250627-03400,univali_dataset,N
IMG-250627-03401.npy,IMG-250627-03401,univali_dataset,N
IMG-250627-03402.npy,IMG-250627-03402,univali_dataset,N
IMG-250627-03403.npy,IMG-250627-03403,univali_dataset,N
IMG-250627-03404.npy,IMG-250627-03404,univali_dataset,N
IMG-250627-03405.npy,IMG-250627-03405,univali_dataset,N
IMG-250627-03406.npy,IMG-250627-03406,univali_dataset,N
IMG-250627-03407.npy,IMG-250627-03407,univali_dataset,N
IMG-250627-03408.npy,IMG-250627-03408,univali_dataset,N
IMG-250627-03409.npy,IMG-250627-03409,univali_dataset,N
IMG-250627-03410.npy,IMG-250627-03410,univali_dataset,N
IMG-250627-03411.npy,IMG-250627-03411,univali_dataset,N
IMG-250627-03412.npy,IMG-250627-03412,univali_dataset,N
IMG-250627-03413.npy,IMG-250627-03413,univali_dataset,N
IMG-250627-03414.npy,IMG-250627-03414,univali_dataset,N
IMG-250627-03415.npy,IMG-250627-03415,univali_dataset,N
IMG-250627-03416.npy,IMG-250627-03416,univali_dataset,N
IMG-250627-03417.npy,IMG-250627-03417,univali_dataset,N
IMG-250627-03418.npy,IMG-250627-03418,univali_dataset,N
IMG-250627-03419.npy,IMG-250627-03419,univali_dataset,N
IMG-250627-03420.npy,IMG-250627-03420,univali_dataset,N
IMG-250627-03421.npy,IMG-250627-03421,univali_dataset,N
IMG-250627-03422.npy,IMG-250627-03422,univali_dataset,N
IMG-250627-03423.npy,IMG-250627-03423,univali_dataset,N
IMG-250627-03424.npy,IMG-250627-03424,univali_dataset,N
IMG-250627-03425.npy,IMG-250627-03425,univali_dataset,N
IMG-250627-03426.npy,IMG-250627-03426,univali_dataset,N
IMG-250627-03427.npy,IMG-250627-03427,univali_dataset,N
IMG-250627-03428.npy,IMG-250627-03428,univali_dataset,N
IMG-250627-03429.npy,IMG-250627-03429,univali_dataset,N
IMG-250627-03430.npy,IMG-250627-03430,univali_dataset,N
IMG-250627-03431.npy,IMG-250627-03431,univali_dataset,N
IMG-250627-03432.npy,IMG-250627-03432,univali_dataset,N
IMG-250627-03433.npy,IMG-250627-03433,univali_dataset,N
IMG-250627-03434.npy,IMG-250627-03434,univali_dataset,N
IMG-250627-03435.npy,IMG-250627-03435,univali_dataset,N
IMG-250627-03436.npy,IMG-250627-03436,univali_dataset,N
IMG-250627-03437.npy,IMG-250627-03437,univali_dataset,N
IMG-250627-03438.npy,IMG-250627-03438,univali_dataset,N
IMG-250627-03439.npy,IMG-250627-03439,univali_dataset,N
IMG-250627-03440.npy,IMG-250627-03440,univali_dataset,N
IMG-250627-03441.npy,IMG-250627-03441,univali_dataset,N
IMG-250627-03442.npy,IMG-250627-03442,univali_dataset,N
IMG-250627-03443.npy,IMG-250627-03443,univali_dataset,N
IMG-250627-03444.npy,IMG-250627-03444,univali_dataset,N
IMG-250627-03445.npy,IMG-250627-03445,univali_dataset,N
IMG-250627-03446.npy,IMG-250627-03446,univali_dataset,N
IMG-250627-03447.npy,IMG-250627-03447,univali_dataset,N
IMG-250627-03448.npy,IMG-250627-03448,univali_dataset,N
IMG-250627-03449.npy,IMG-250627-03449,univali_dataset,N
IMG-250627-03450.npy,IMG-250627-03450,univali_dataset,N
IMG-250627-03451.npy,IMG-250627-03451,univali_dataset,N
IMG-250627-03452.npy,IMG-250627-03452,univali_dataset,N
IMG-250627-03453.npy,IMG-250627-03453,univali_dataset,N
IMG-250627-03454.npy,IMG-250627-03454,univali_dataset,N
IMG-250627-03455.npy,IMG-250627-03455,univali_dataset,N
IMG-250627-03456.npy,IMG-250627-03456,univali_dataset,N
IMG-250627-03457.npy,IMG-250627-03457,univali_dataset,N
IMG-250627-03458.npy,IMG-250627-03458,univali_dataset,N
IMG-250627-03459.npy,IMG-250627-03459,univali_dataset,N
IMG-250627-03460.npy,IMG-250627-03460,univali_dataset,N
IMG-250627-03461.npy,IMG-250627-03461,univali_dataset,N
IMG-250627-03462.npy,IMG-250627-03462,univali_dataset,N
IMG-250627-03463.npy,IMG-250627-03463,univali_dataset,N
IMG-250627-03464.npy,IMG-250627-03464,univali_dataset,N
IMG-250627-03465.npy,IMG-250627-03465,univali_dataset,N
IMG-250627-03466.npy,IMG-250627-03466,univali_dataset,N
IMG-250627-03467.npy,IMG-250627-03467,univali_dataset,N
IMG-250627-03468.npy,IMG-250627-03468,univali_dataset,N
IMG-250627-03469.npy,IMG-250627-03469,univali_dataset,N
IMG-250627-03470.npy,IMG-250627-03470,univali_dataset,N
IMG-250627-03471.npy,IMG-250627-03471,univali_dataset,N
IMG-250627-03472.npy,IMG-250627-03472,univali_dataset,N
IMG-250627-03473.npy,IMG-250627-03473,univali_dataset,N
IMG-250627-03474.npy,IMG-250627-03474,univali_dataset,N
IMG-250627-03475.npy,IMG-250627-03475,univali_dataset,N
IMG-250627-03476.npy,IMG-250627-03476,univali_dataset,N
IMG-250627-03477.npy,IMG-250627-03477,univali_dataset,N
IMG-250627-03478.npy,IMG-250627-03478,univali_dataset,N
IMG-250627-03479.npy,IMG-250627-03479,univali_dataset,N
IMG-250627-03480.npy,IMG-250627-03480,univali_dataset,N
IMG-250627-03481.npy,IMG-250627-03481,univali_dataset,N
IMG-250627-03482.npy,IMG-250627-03482,univali_dataset,N
IMG-250627-03483.npy,IMG-250627-03483,univali_dataset,N
IMG-250627-03484.npy,IMG-250627-03484,univali_dataset,N
IMG-250627-03485.npy,IMG-250627-03485,univali_dataset,N
IMG-250627-03486.npy,IMG-250627-03486,univali_dataset,N
IMG-250627-03487.npy,IMG-250627-03487,univali_dataset,N
IMG-250627-03488.npy,IMG-250627-03488,univali_dataset,N
IMG-250627-03489.npy,IMG-250627-03489,univali_dataset,N
IMG-250627-03490.npy,IMG-250627-03490,univali_dataset,N
IMG-250627-03491.npy,IMG-250627-03491,univali_dataset,N
IMG-250627-03492.npy,IMG-250627-03492,univali_dataset,N
IMG-250627-03493.npy,IMG-250627-03493,univali_dataset,N
IMG-250627-03494.npy,IMG-250627-03494,univali_dataset,N
IMG-250627-03495.npy,IMG-250627-03495,univali_dataset,N
IMG-250627-03496.npy,IMG-250627-03496,univali_dataset,N
IMG-250627-03497.npy,IMG-250627-03497,univali_dataset,N
IMG-250627-03498.npy,IMG-250627-03498,univali_dataset,N
IMG-250627-03499.npy,IMG-250627-03499,univali_dataset,N
IMG-250627-03500.npy,IMG-250627-03500,univali_dataset,N
IMG-250627-03501.npy,IMG-250627-03501,univali_dataset,N
IMG-250627-03502.npy,IMG-250627-03502,univali_dataset,N
IMG-250627-03503.npy,IMG-250627-03503,univali_dataset,N
IMG-250627-03504.npy,IMG-250627-03504,univali_dataset,N
IMG-250627-03505.npy,IMG-250627-03505,univali_dataset,N
IMG-250627-03506.npy,IMG-250627-03506,univali_dataset,N
IMG-250627-03507.npy,IMG-250627-03507,univali_dataset,O
IMG-250627-03508.npy,IMG-250627-03508,univali_dataset,O
IMG-250627-03509.npy,IMG-250627-03509,univali_dataset,O
IMG-250627-03510.npy,IMG-250627-03510,univali_dataset,O
IMG-250627-03511.npy,IMG-250627-03511,univali_dataset,O
IMG-250627-03512.npy,IMG-250627-03512,univali_dataset,O
IMG-250627-03513.npy,IMG-250627-03513,univali_dataset,O
IMG-250627-03514.npy,IMG-250627-03514,univali_dataset,O
IMG-250627-03515.npy,IMG-250627-03515,univali_dataset,O
IMG-250627-03516.npy,IMG-250627-03516,univali_dataset,O
IMG-250627-03517.npy,IMG-250627-03517,univali_dataset,O
IMG-250627-03518.npy,IMG-250627-03518,univali_dataset,O
IMG-250627-03519.npy,IMG-250627-03519,univali_dataset,O
IMG-250627-03520.npy,IMG-250627-03520,univali_dataset,O
IMG-250627-03521.npy,IMG-250627-03521,univali_dataset,O
IMG-250627-03522.npy,IMG-250627-03522,univali_dataset,O
IMG-250627-03523.npy,IMG-250627-03523,univali_dataset,O
IMG-250627-03524.npy,IMG-250627-03524,univali_dataset,O
IMG-250627-03525.npy,IMG-250627-03525,univali_dataset,O
IMG-250627-03526.npy,IMG-250627-03526,univali_dataset,O
IMG-250627-03527.npy,IMG-250627-03527,univali_dataset,O
IMG-250627-03528.npy,IMG-250627-03528,univali_dataset,O
IMG-250627-03529.npy,IMG-250627-03529,univali_dataset,O
IMG-250627-03530.npy,IMG-250627-03530,univali_dataset,O
IMG-250627-03531.npy,IMG-250627-03531,univali_dataset,O
IMG-250627-03532.npy,IMG-250627-03532,univali_dataset,O
IMG-250627-03533.npy,IMG-250627-03533,univali_dataset,O
IMG-250627-03534.npy,IMG-250627-03534,univali_dataset,O
IMG-250627-03535.npy,IMG-250627-03535,univali_dataset,O
IMG-250627-03536.npy,IMG-250627-03536,univali_dataset,O
IMG-250627-03537.npy,IMG-250627-03537,univali_dataset,O
IMG-250627-03538.npy,IMG-250627-03538,univali_dataset,O
IMG-250627-03539.npy,IMG-250627-03539,univali_dataset,O
IMG-250627-03540.npy,IMG-250627-03540,univali_dataset,O
IMG-250627-03541.npy,IMG-250627-03541,univali_dataset,O
IMG-250627-03542.npy,IMG-250627-03542,univali_dataset,O
IMG-250627-03543.npy,IMG-250627-03543,univali_dataset,O
IMG-250627-03544.npy,IMG-250627-03544,univali_dataset,O
IMG-250627-03545.npy,IMG-250627-03545,univali_dataset,O
IMG-250627-03546.npy,IMG-250627-03546,univali_dataset,O
IMG-250627-03547.npy,IMG-250627-03547,univali_dataset,O
IMG-250627-03548.npy,IMG-250627-03548,univali_dataset,O
IMG-250627-03549.npy,IMG-250627-03549,univali_dataset,O
IMG-250627-03550.npy,IMG-250627-03550,univali_dataset,O
IMG-250627-03551.npy,IMG-250627-03551,univali_dataset,O
IMG-250627-03552.npy,IMG-250627-03552,univali_dataset,O
IMG-250627-03553.npy,IMG-250627-03553,univali_dataset,O
IMG-250627-03554.npy,IMG-250627-03554,univali_dataset,O
IMG-250627-03555.npy,IMG-250627-03555,univali_dataset,O
IMG-250627-03556.npy,IMG-250627-03556,univali_dataset,O
IMG-250627-03557.npy,IMG-250627-03557,univali_dataset,O
IMG-250627-03558.npy,IMG-250627-03558,univali_dataset,O
IMG-250627-03559.npy,IMG-250627-03559,univali_dataset,O
IMG-250627-03560.npy,IMG-250627-03560,univali_dataset,O
IMG-250627-03561.npy,IMG-250627-03561,univali_dataset,O
IMG-250627-03562.npy,IMG-250627-03562,univali_dataset,O
IMG-250627-03563.npy,IMG-250627-03563,univali_dataset,O
IMG-250627-03564.npy,IMG-250627-03564,univali_dataset,O
IMG-250627-03565.npy,IMG-250627-03565,univali_dataset,O
IMG-250627-03566.npy,IMG-250627-03566,univali_dataset,O
IMG-250627-03567.npy,IMG-250627-03567,univali_dataset,O
IMG-250627-03568.npy,IMG-250627-03568,univali_dataset,O
IMG-250627-03569.npy,IMG-250627-03569,univali_dataset,O
IMG-250627-03570.npy,IMG-250627-03570,univali_dataset,O
IMG-250627-03571.npy,IMG-250627-03571,univali_dataset,O
IMG-250627-03572.npy,IMG-250627-03572,univali_dataset,O
IMG-250627-03573.npy,IMG-250627-03573,univali_dataset,O
IMG-250627-03574.npy,IMG-250627-03574,univali_dataset,O
IMG-250627-03575.npy,IMG-250627-03575,univali_dataset,O
IMG-250627-03576.npy,IMG-250627-03576,univali_dataset,O
IMG-250627-03577.npy,IMG-250627-03577,univali_dataset,O
IMG-250627-03578.npy,IMG-250627-03578,univali_dataset,O
IMG-250627-03579.npy,IMG-250627-03579,univali_dataset,O
IMG-250627-03580.npy,IMG-250627-03580,univali_dataset,O
IMG-250627-03581.npy,IMG-250627-03581,univali_dataset,O
IMG-250627-03582.npy,IMG-250627-03582,univali_dataset,O
IMG-250627-03583.npy,IMG-250627-03583,univali_dataset,O
IMG-250627-03584.npy,IMG-250627-03584,univali_dataset,O
IMG-250627-03585.npy,IMG-250627-03585,univali_dataset,O
IMG-250627-03586.npy,IMG-250627-03586,univali_dataset,O
IMG-250627-03587.npy,IMG-250627-03587,univali_dataset,O
IMG-250627-03588.npy,IMG-250627-03588,univali_dataset,O
IMG-250627-03589.npy,IMG-250627-03589,univali_dataset,O
IMG-250627-03590.npy,IMG-250627-03590,univali_dataset,O
IMG-250627-03591.npy,IMG-250627-03591,univali_dataset,O
IMG-250627-03592.npy,IMG-250627-03592,univali_dataset,O
IMG-250627-03593.npy,IMG-250627-03593,univali_dataset,O
IMG-250627-03594.npy,IMG-250627-03594,univali_dataset,O
IMG-250627-03595.npy,IMG-250627-03595,univali_dataset,O
IMG-250627-03596.npy,IMG-250627-03596,univali_dataset,O
IMG-250627-03597.npy,IMG-250627-03597,univali_dataset,O
IMG-250627-03598.npy,IMG-250627-03598,univali_dataset,O
IMG-250627-03599.npy,IMG-250627-03599,univali_dataset,O
IMG-250627-03600.npy,IMG-250627-03600,univali_dataset,O
IMG-250627-03601.npy,IMG-250627-03601,univali_dataset,O
IMG-250627-03602.npy,IMG-250627-03602,univali_dataset,O
IMG-250627-03603.npy,IMG-250627-03603,univali_dataset,O
IMG-250627-03604.npy,IMG-250627-03604,univali_dataset,O
IMG-250627-03605.npy,IMG-250627-03605,univali_dataset,O
IMG-250627-03606.npy,IMG-250627-03606,univali_dataset,O
IMG-250627-03607.npy,IMG-250627-03607,univali_dataset,O
IMG-250627-03608.npy,IMG-250627-03608,univali_dataset,O
IMG-250627-03609.npy,IMG-250627-03609,univali_dataset,O
IMG-250627-03610.npy,IMG-250627-03610,univali_dataset,O
IMG-250627-03611.npy,IMG-250627-03611,univali_dataset,O
IMG-250627-03612.npy,IMG-250627-03612,univali_dataset,O
IMG-250627-03613.npy,IMG-250627-03613,univali_dataset,O
IMG-250627-03614.npy,IMG-250627-03614,univali_dataset,O
IMG-250627-03615.npy,IMG-250627-03615,univali_dataset,O
IMG-250627-03616.npy,IMG-250627-03616,univali_dataset,O
IMG-250627-03617.npy,IMG-250627-03617,univali_dataset,O
IMG-250627-03618.npy,IMG-250627-03618,univali_dataset,O
IMG-250627-03619.npy,IMG-250627-03619,univali_dataset,O
IMG-250627-03620.npy,IMG-250627-03620,univali_dataset,O
IMG-250627-03621.npy,IMG-250627-03621,univali_dataset,O
IMG-250627-03622.npy,IMG-250627-03622,univali_dataset,O
IMG-250627-03623.npy,IMG-250627-03623,univali_dataset,O
IMG-250627-03624.npy,IMG-250627-03624,univali_dataset,O
IMG-250627-03625.npy,IMG-250627-03625,univali_dataset,O
IMG-250627-03626.npy,IMG-250627-03626,univali_dataset,O
IMG-250627-03627.npy,IMG-250627-03627,univali_dataset,O
IMG-250627-03628.npy,IMG-250627-03628,univali_dataset,O
IMG-250627-03629.npy,IMG-250627-03629,univali_dataset,O
IMG-250627-03630.npy,IMG-250627-03630,univali_dataset,O
IMG-250627-03631.npy,IMG-250627-03631,univali_dataset,O
IMG-250627-03632.npy,IMG-250627-03632,univali_dataset,O
IMG-250627-03633.npy,IMG-250627-03633,univali_dataset,O
IMG-250627-03634.npy,IMG-250627-03634,univali_dataset,O
IMG-250627-03635.npy,IMG-250627-03635,univali_dataset,O
IMG-250627-03636.npy,IMG-250627-03636,univali_dataset,O
IMG-250627-03637.npy,IMG-250627-03637,univali_dataset,O
IMG-250627-03638.npy,IMG-250627-03638,univali_dataset,O
IMG-250627-03639.npy,IMG-250627-03639,univali_dataset,O
IMG-250627-03640.npy,IMG-250627-03640,univali_dataset,O
IMG-250627-03641.npy,IMG-250627-03641,univali_dataset,O
IMG-250627-03642.npy,IMG-250627-03642,univali_dataset,O
IMG-250627-03643.npy,IMG-250627-03643,univali_dataset,O
IMG-250627-03644.npy,IMG-250627-03644,univali_dataset,O
IMG-250627-03645.npy,IMG-250627-03645,univali_dataset,O
IMG-250627-03646.npy,IMG-250627-03646,univali_dataset,O
IMG-250627-03647.npy,IMG-250627-03647,univali_dataset,O
IMG-250627-03648.npy,IMG-250627-03648,univali_dataset,O
IMG-250627-03649.npy,IMG-250627-03649,univali_dataset,O
IMG-250627-03650.npy,IMG-250627-03650,univali_dataset,O
IMG-250627-03651.npy,IMG-250627-03651,univali_dataset,O
IMG-250627-03652.npy,IMG-250627-03652,univali_dataset,O
IMG-250627-03653.npy,IMG-250627-03653,univali_dataset,O
IMG-250627-03654.npy,IMG-250627-03654,univali_dataset,O
IMG-250627-03655.npy,IMG-250627-03655,univali_dataset,O
IMG-250627-03656.npy,IMG-250627-03656,univali_dataset,O
IMG-250627-03657.npy,IMG-250627-03657,univali_dataset,R
IMG-250627-03658.npy,IMG-250627-03658,univali_dataset,R
IMG-250627-03659.npy,IMG-250627-03659,univali_dataset,R
IMG-250627-03660.npy,IMG-250627-03660,univali_dataset,R
IMG-250627-03661.npy,IMG-250627-03661,univali_dataset,R
IMG-250627-03662.npy,IMG-250627-03662,univali_dataset,R
IMG-250627-03663.npy,IMG-250627-03663,univali_dataset,R
IMG-250627-03664.npy,IMG-250627-03664,univali_dataset,R
IMG-250627-03665.npy,IMG-250627-03665,univali_dataset,R
IMG-250627-03666.npy,IMG-250627-03666,univali_dataset,R
IMG-250627-03667.npy,IMG-250627-03667,univali_dataset,R
IMG-250627-03668.npy,IMG-250627-03668,univali_dataset,R
IMG-250627-03669.npy,IMG-250627-03669,univali_dataset,R
IMG-250627-03670.npy,IMG-250627-03670,univali_dataset,R
IMG-250627-03671.npy,IMG-250627-03671,univali_dataset,R
IMG-250627-03672.npy,IMG-250627-03672,univali_dataset,R
IMG-250627-03673.npy,IMG-250627-03673,univali_dataset,R
IMG-250627-03674.npy,IMG-250627-03674,univali_dataset,R
IMG-250627-03675.npy,IMG-250627-03675,univali_dataset,R
IMG-250627-03676.npy,IMG-250627-03676,univali_dataset,R
IMG-250627-03677.npy,IMG-250627-03677,univali_dataset,R
IMG-250627-03678.npy,IMG-250627-03678,univali_dataset,R
IMG-250627-03679.npy,IMG-250627-03679,univali_dataset,R
IMG-250627-03680.npy,IMG-250627-03680,univali_dataset,R
IMG-250627-03681.npy,IMG-250627-03681,univali_dataset,R
IMG-250627-03682.npy,IMG-250627-03682,univali_dataset,R
IMG-250627-03683.npy,IMG-250627-03683,univali_dataset,R
IMG-250627-03684.npy,IMG-250627-03684,univali_dataset,R
IMG-250627-03685.npy,IMG-250627-03685,univali_dataset,R
IMG-250627-03686.npy,IMG-250627-03686,univali_dataset,R
IMG-250627-03687.npy,IMG-250627-03687,univali_dataset,R
IMG-250627-03688.npy,IMG-250627-03688,univali_dataset,R
IMG-250627-03689.npy,IMG-250627-03689,univali_dataset,R
IMG-250627-03690.npy,IMG-250627-03690,univali_dataset,R
IMG-250627-03691.npy,IMG-250627-03691,univali_dataset,R
IMG-250627-03692.npy,IMG-250627-03692,univali_dataset,R
IMG-250627-03693.npy,IMG-250627-03693,univali_dataset,R
IMG-250627-03694.npy,IMG-250627-03694,univali_dataset,R
IMG-250627-03695.npy,IMG-250627-03695,univali_dataset,R
IMG-250627-03696.npy,IMG-250627-03696,univali_dataset,R
IMG-250627-03697.npy,IMG-250627-03697,univali_dataset,R
IMG-250627-03698.npy,IMG-250627-03698,univali_dataset,R
IMG-250627-03699.npy,IMG-250627-03699,univali_dataset,R
IMG-250627-03700.npy,IMG-250627-03700,univali_dataset,R
IMG-250627-03701.npy,IMG-250627-03701,univali_dataset,R
IMG-250627-03702.npy,IMG-250627-03702,univali_dataset,R
IMG-250627-03703.npy,IMG-250627-03703,univali_dataset,R
IMG-250627-03704.npy,IMG-250627-03704,univali_dataset,R
IMG-250627-03705.npy,IMG-250627-03705,univali_dataset,R
IMG-250627-03706.npy,IMG-250627-03706,univali_dataset,R
IMG-250627-03707.npy,IMG-250627-03707,univali_dataset,R
IMG-250627-03708.npy,IMG-250627-03708,univali_dataset,R
IMG-250627-03709.npy,IMG-250627-03709,univali_dataset,R
IMG-250627-03710.npy,IMG-250627-03710,univali_dataset,R
IMG-250627-03711.npy,IMG-250627-03711,univali_dataset,R
IMG-250627-03712.npy,IMG-250627-03712,univali_dataset,R
IMG-250627-03713.npy,IMG-250627-03713,univali_dataset,R
IMG-250627-03714.npy,IMG-250627-03714,univali_dataset,R
IMG-250627-03715.npy,IMG-250627-03715,univali_dataset,R
IMG-250627-03716.npy,IMG-250627-03716,univali_dataset,R
IMG-250627-03717.npy,IMG-250627-03717,univali_dataset,R
IMG-250627-03718.npy,IMG-250627-03718,univali_dataset,R
IMG-250627-03719.npy,IMG-250627-03719,univali_dataset,R
IMG-250627-03720.npy,IMG-250627-03720,univali_dataset,R
IMG-250627-03721.npy,IMG-250627-03721,univali_dataset,R
IMG-250627-03722.npy,IMG-250627-03722,univali_dataset,R
IMG-250627-03723.npy,IMG-250627-03723,univali_dataset,R
IMG-250627-03724.npy,IMG-250627-03724,univali_dataset,R
IMG-250627-03725.npy,IMG-250627-03725,univali_dataset,R
IMG-250627-03726.npy,IMG-250627-03726,univali_dataset,R
IMG-250627-03727.npy,IMG-250627-03727,univali_dataset,R
IMG-250627-03728.npy,IMG-250627-03728,univali_dataset,R
IMG-250627-03729.npy,IMG-250627-03729,univali_dataset,R
IMG-250627-03730.npy,IMG-250627-03730,univali_dataset,R
IMG-250627-03731.npy,IMG-250627-03731,univali_dataset,R
IMG-250627-03732.npy,IMG-250627-03732,univali_dataset,R
IMG-250627-03733.npy,IMG-250627-03733,univali_dataset,R
IMG-250627-03734.npy,IMG-250627-03734,univali_dataset,R
IMG-250627-03735.npy,IMG-250627-03735,univali_dataset,R
IMG-250627-03736.npy,IMG-250627-03736,univali_dataset,R
IMG-250627-03737.npy,IMG-250627-03737,univali_dataset,R
IMG-250627-03738.npy,IMG-250627-03738,univali_dataset,R
IMG-250627-03739.npy,IMG-250627-03739,univali_dataset,R
IMG-250627-03740.npy,IMG-250627-03740,univali_dataset,R
IMG-250627-03741.npy,IMG-250627-03741,univali_dataset,R
IMG-250627-03742.npy,IMG-250627-03742,univali_dataset,R
IMG-250627-03743.npy,IMG-250627-03743,univali_dataset,R
IMG-250627-03744.npy,IMG-250627-03744,univali_dataset,R
IMG-250627-03745.npy,IMG-250627-03745,univali_dataset,R
IMG-250627-03746.npy,IMG-250627-03746,univali_dataset,R
IMG-250627-03747.npy,IMG-250627-03747,univali_dataset,R
IMG-250627-03748.npy,IMG-250627-03748,univali_dataset,R
IMG-250627-03749.npy,IMG-250627-03749,univali_dataset,R
IMG-250627-03750.npy,IMG-250627-03750,univali_dataset,R
IMG-250627-03751.npy,IMG-250627-03751,univali_dataset,R
IMG-250627-03752.npy,IMG-250627-03752,univali_dataset,R
IMG-250627-03753.npy,IMG-250627-03753,univali_dataset,R
IMG-250627-03754.npy,IMG-250627-03754,univali_dataset,R
IMG-250627-03755.npy,IMG-250627-03755,univali_dataset,R
IMG-250627-03756.npy,IMG-250627-03756,univali_dataset,R
IMG-250627-03757.npy,IMG-250627-03757,univali_dataset,R
IMG-250627-03758.npy,IMG-250627-03758,univali_dataset,R
IMG-250627-03759.npy,IMG-250627-03759,univali_dataset,R
IMG-250627-03760.npy,IMG-250627-03760,univali_dataset,R
IMG-250627-03761.npy,IMG-250627-03761,univali_dataset,R
IMG-250627-03762.npy,IMG-250627-03762,univali_dataset,R
IMG-250627-03763.npy,IMG-250627-03763,univali_dataset,R
IMG-250627-03764.npy,IMG-250627-03764,univali_dataset,R
IMG-250627-03765.npy,IMG-250627-03765,univali_dataset,R
IMG-250627-03766.npy,IMG-250627-03766,univali_dataset,R
IMG-250627-03767.npy,IMG-250627-03767,univali_dataset,R
IMG-250627-03768.npy,IMG-250627-03768,univali_dataset,R
IMG-250627-03769.npy,IMG-250627-03769,univali_dataset,R
IMG-250627-03770.npy,IMG-250627-03770,univali_dataset,R
IMG-250627-03771.npy,IMG-250627-03771,univali_dataset,R
IMG-250627-03772.npy,IMG-250627-03772,univali_dataset,R
IMG-250627-03773.npy,IMG-250627-03773,univali_dataset,R
IMG-250627-03774.npy,IMG-250627-03774,univali_dataset,R
IMG-250627-03775.npy,IMG-250627-03775,univali_dataset,R
IMG-250627-03776.npy,IMG-250627-03776,univali_dataset,R
IMG-250627-03777.npy,IMG-250627-03777,univali_dataset,R
IMG-250627-03778.npy,IMG-250627-03778,univali_dataset,R
IMG-250627-03779.npy,IMG-250627-03779,univali_dataset,R
IMG-250627-03780.npy,IMG-250627-03780,univali_dataset,R
IMG-250627-03781.npy,IMG-250627-03781,univali_dataset,R
IMG-250627-03782.npy,IMG-250627-03782,univali_dataset,R
IMG-250627-03783.npy,IMG-250627-03783,univali_dataset,R
IMG-250627-03784.npy,IMG-250627-03784,univali_dataset,R
IMG-250627-03785.npy,IMG-250627-03785,univali_dataset,R
IMG-250627-03786.npy,IMG-250627-03786,univali_dataset,R
IMG-250627-03787.npy,IMG-250627-03787,univali_dataset,R
IMG-250627-03788.npy,IMG-250627-03788,univali_dataset,R
IMG-250627-03789.npy,IMG-250627-03789,univali_dataset,R
IMG-250627-03790.npy,IMG-250627-03790,univali_dataset,R
IMG-250627-03791.npy,IMG-250627-03791,univali_dataset,R
IMG-250627-03792.npy,IMG-250627-03792,univali_dataset,R
IMG-250627-03793.npy,IMG-250627-03793,univali_dataset,R
IMG-250627-03794.npy,IMG-250627-03794,univali_dataset,R
IMG-250627-03795.npy,IMG-250627-03795,univali_dataset,R
IMG-250627-03796.npy,IMG-250627-03796,univali_dataset,R
IMG-250627-03797.npy,IMG-250627-03797,univali_dataset,R
IMG-250627-03798.npy,IMG-250627-03798,univali_dataset,R
IMG-250627-03799.npy,IMG-250627-03799,univali_dataset,R
IMG-250627-03800.npy,IMG-250627-03800,univali_dataset,R
IMG-250627-03801.npy,IMG-250627-03801,univali_dataset,R
IMG-250627-03802.npy,IMG-250627-03802,univali_dataset,R
IMG-250627-03803.npy,IMG-250627-03803,univali_dataset,R
IMG-250627-03804.npy,IMG-250627-03804,univali_dataset,R
IMG-250627-03805.npy,IMG-250627-03805,univali_dataset,R
IMG-250627-03806.npy,IMG-250627-03806,univali_dataset,R
IMG-250627-03807.npy,IMG-250627-03807,univali_dataset,R
IMG-250627-03808.npy,IMG-250627-03808,univali_dataset,R
IMG-250627-03809.npy,IMG-250627-03809,univali_dataset,R
IMG-250627-03810.npy,IMG-250627-03810,univali_dataset,R
IMG-250627-03811.npy,IMG-250627-03811,univali_dataset,S
IMG-250627-03812.npy,IMG-250627-03812,univali_dataset,S
IMG-250627-03813.npy,IMG-250627-03813,univali_dataset,S
IMG-250627-03814.npy,IMG-250627-03814,univali_dataset,S
IMG-250627-03815.npy,IMG-250627-03815,univali_dataset,S
IMG-250627-03816.npy,IMG-250627-03816,univali_dataset,S
IMG-250627-03817.npy,IMG-250627-03817,univali_dataset,S
IMG-250627-03818.npy,IMG-250627-03818,univali_dataset,S
IMG-250627-03819.npy,IMG-250627-03819,univali_dataset,S
IMG-250627-03820.npy,IMG-250627-03820,univali_dataset,S
IMG-250627-03821.npy,IMG-250627-03821,univali_dataset,S
IMG-250627-03822.npy,IMG-250627-03822,univali_dataset,S
IMG-250627-03823.npy,IMG-250627-03823,univali_dataset,S
IMG-250627-03824.npy,IMG-250627-03824,univali_dataset,S
IMG-250627-03825.npy,IMG-250627-03825,univali_dataset,S
IMG-250627-03826.npy,IMG-250627-03826,univali_dataset,S
IMG-250627-03827.npy,IMG-250627-03827,univali_dataset,S
IMG-250627-03828.npy,IMG-250627-03828,univali_dataset,S
IMG-250627-03829.npy,IMG-250627-03829,univali_dataset,S
IMG-250627-03830.npy,IMG-250627-03830,univali_dataset,S
IMG-250627-03831.npy,IMG-250627-03831,univali_dataset,S
IMG-250627-03832.npy,IMG-250627-03832,univali_dataset,S
IMG-250627-03833.npy,IMG-250627-03833,univali_dataset,S
IMG-250627-03834.npy,IMG-250627-03834,univali_dataset,S
IMG-250627-03835.npy,IMG-250627-03835,univali_dataset,S
IMG-250627-03836.npy,IMG-250627-03836,univali_dataset,S
IMG-250627-03837.npy,IMG-250627-03837,univali_dataset,S
IMG-250627-03838.npy,IMG-250627-03838,univali_dataset,S
IMG-250627-03839.npy,IMG-250627-03839,univali_dataset,S
IMG-250627-03840.npy,IMG-250627-03840,univali_dataset,S
IMG-250627-03841.npy,IMG-250627-03841,univali_dataset,S
IMG-250627-03842.npy,IMG-250627-03842,univali_dataset,S
IMG-250627-03843.npy,IMG-250627-03843,univali_dataset,S
IMG-250627-03844.npy,IMG-250627-03844,univali_dataset,S
IMG-250627-03845.npy,IMG-250627-03845,univali_dataset,S
IMG-250627-03846.npy,IMG-250627-03846,univali_dataset,S
IMG-250627-03847.npy,IMG-250627-03847,univali_dataset,S
IMG-250627-03848.npy,IMG-250627-03848,univali_dataset,S
IMG-250627-03849.npy,IMG-250627-03849,univali_dataset,S
IMG-250627-03850.npy,IMG-250627-03850,univali_dataset,S
IMG-250627-03851.npy,IMG-250627-03851,univali_dataset,S
IMG-250627-03852.npy,IMG-250627-03852,univali_dataset,S
IMG-250627-03853.npy,IMG-250627-03853,univali_dataset,S
IMG-250627-03854.npy,IMG-250627-03854,univali_dataset,S
IMG-250627-03855.npy,IMG-250627-03855,univali_dataset,S
IMG-250627-03856.npy,IMG-250627-03856,univali_dataset,S
IMG-250627-03857.npy,IMG-250627-03857,univali_dataset,S
IMG-250627-03858.npy,IMG-250627-03858,univali_dataset,S
IMG-250627-03859.npy,IMG-250627-03859,univali_dataset,S
IMG-250627-03860.npy,IMG-250627-03860,univali_dataset,S
IMG-250627-03861.npy,IMG-250627-03861,univali_dataset,S
IMG-250627-03862.npy,IMG-250627-03862,univali_dataset,S
IMG-250627-03863.npy,IMG-250627-03863,univali_dataset,S
IMG-250627-03864.npy,IMG-250627-03864,univali_dataset,S
IMG-250627-03865.npy,IMG-250627-03865,univali_dataset,S
IMG-250627-03866.npy,IMG-250627-03866,univali_dataset,S
IMG-250627-03867.npy,IMG-250627-03867,univali_dataset,S
IMG-250627-03868.npy,IMG-250627-03868,univali_dataset,S
IMG-250627-03869.npy,IMG-250627-03869,univali_dataset,S
IMG-250627-03870.npy,IMG-250627-03870,univali_dataset,S
IMG-250627-03871.npy,IMG-250627-03871,univali_dataset,S
IMG-250627-03872.npy,IMG-250627-03872,univali_dataset,S
IMG-250627-03873.npy,IMG-250627-03873,univali_dataset,S
IMG-250627-03874.npy,IMG-250627-03874,univali_dataset,S
IMG-250627-03875.npy,IMG-250627-03875,univali_dataset,S
IMG-250627-03876.npy,IMG-250627-03876,univali_dataset,S
IMG-250627-03877.npy,IMG-250627-03877,univali_dataset,S
IMG-250627-03878.npy,IMG-250627-03878,univali_dataset,S
IMG-250627-03879.npy,IMG-250627-03879,univali_dataset,S
IMG-250627-03880.npy,IMG-250627-03880,univali_dataset,S
IMG-250627-03881.npy,IMG-250627-03881,univali_dataset,S
IMG-250627-03882.npy,IMG-250627-03882,univali_dataset,S
IMG-250627-03883.npy,IMG-250627-03883,univali_dataset,S
IMG-250627-03884.npy,IMG-250627-03884,univali_dataset,S
IMG-250627-03885.npy,IMG-250627-03885,univali_dataset,S
IMG-250627-03886.npy,IMG-250627-03886,univali_dataset,S
IMG-250627-03887.npy,IMG-250627-03887,univali_dataset,S
IMG-250627-03888.npy,IMG-250627-03888,univali_dataset,S
IMG-250627-03889.npy,IMG-250627-03889,univali_dataset,S
IMG-250627-03890.npy,IMG-250627-03890,univali_dataset,S
IMG-250627-03891.npy,IMG-250627-03891,univali_dataset,S
IMG-250627-03892.npy,IMG-250627-03892,univali_dataset,S
IMG-250627-03893.npy,IMG-250627-03893,univali_dataset,S
IMG-250627-03894.npy,IMG-250627-03894,univali_dataset,S
IMG-250627-03895.npy,IMG-250627-03895,univali_dataset,S
IMG-250627-03896.npy,IMG-250627-03896,univali_dataset,S
IMG-250627-03897.npy,IMG-250627-03897,univali_dataset,S
IMG-250627-03898.npy,IMG-250627-03898,univali_dataset,S
IMG-250627-03899.npy,IMG-250627-03899,univali_dataset,S
IMG-250627-03900.npy,IMG-250627-03900,univali_dataset,S
IMG-250627-03901.npy,IMG-250627-03901,univali_dataset,S
IMG-250627-03902.npy,IMG-250627-03902,univali_dataset,S
IMG-250627-03903.npy,IMG-250627-03903,univali_dataset,S
IMG-250627-03904.npy,IMG-250627-03904,univali_dataset,S
IMG-250627-03905.npy,IMG-250627-03905,univali_dataset,S
IMG-250627-03906.npy,IMG-250627-03906,univali_dataset,S
IMG-250627-03907.npy,IMG-250627-03907,univali_dataset,S
IMG-250627-03908.npy,IMG-250627-03908,univali_dataset,S
IMG-250627-03909.npy,IMG-250627-03909,univali_dataset,S
IMG-250627-03910.npy,IMG-250627-03910,univali_dataset,S
IMG-250627-03911.npy,IMG-250627-03911,univali_dataset,S
IMG-250627-03912.npy,IMG-250627-03912,univali_dataset,S
IMG-250627-03913.npy,IMG-250627-03913,univali_dataset,S
IMG-250627-03914.npy,IMG-250627-03914,univali_dataset,S
IMG-250627-03915.npy,IMG-250627-03915,univali_dataset,S
IMG-250627-03916.npy,IMG-250627-03916,univali_dataset,S
IMG-250627-03917.npy,IMG-250627-03917,univali_dataset,S
IMG-250627-03918.npy,IMG-250627-03918,univali_dataset,S
IMG-250627-03919.npy,IMG-250627-03919,univali_dataset,S
IMG-250627-03920.npy,IMG-250627-03920,univali_dataset,S
IMG-250627-03921.npy,IMG-250627-03921,univali_dataset,S
IMG-250627-03922.npy,IMG-250627-03922,univali_dataset,S
IMG-250627-03923.npy,IMG-250627-03923,univali_dataset,S
IMG-250627-03924.npy,IMG-250627-03924,univali_dataset,S
IMG-250627-03925.npy,IMG-250627-03925,univali_dataset,S
IMG-250627-03926.npy,IMG-250627-03926,univali_dataset,S
IMG-250627-03927.npy,IMG-250627-03927,univali_dataset,S
IMG-250627-03928.npy,IMG-250627-03928,univali_dataset,S
IMG-250627-03929.npy,IMG-250627-03929,univali_dataset,S
IMG-250627-03930.npy,IMG-250627-03930,univali_dataset,S
IMG-250627-03931.npy,IMG-250627-03931,univali_dataset,S
IMG-250627-03932.npy,IMG-250627-03932,univali_dataset,S
IMG-250627-03933.npy,IMG-250627-03933,univali_dataset,S
IMG-250627-03934.npy,IMG-250627-03934,univali_dataset,S
IMG-250627-03935.npy,IMG-250627-03935,univali_dataset,S
IMG-250627-03936.npy,IMG-250627-03936,univali_dataset,S
IMG-250627-03937.npy,IMG-250627-03937,univali_dataset,S
IMG-250627-03938.npy,IMG-250627-03938,univali_dataset,S
IMG-250627-03939.npy,IMG-250627-03939,univali_dataset,S
IMG-250627-03940.npy,IMG-250627-03940,univali_dataset,S
IMG-250627-03941.npy,IMG-250627-03941,univali_dataset,S
IMG-250627-03942.npy,IMG-250627-03942,univali_dataset,S
IMG-250627-03943.npy,IMG-250627-03943,univali_dataset,S
IMG-250627-03944.npy,IMG-250627-03944,univali_dataset,S
IMG-250627-03945.npy,IMG-250627-03945,univali_dataset,S
IMG-250627-03946.npy,IMG-250627-03946,univali_dataset,S
IMG-250627-03947.npy,IMG-250627-03947,univali_dataset,S
IMG-250627-03948.npy,IMG-250627-03948,univali_dataset,S
IMG-250627-03949.npy,IMG-250627-03949,univali_dataset,S
IMG-250627-03950.npy,IMG-250627-03950,univali_dataset,S
IMG-250627-03951.npy,IMG-250627-03951,univali_dataset,S
IMG-250627-03952.npy,IMG-250627-03952,univali_dataset,S
IMG-250627-03953.npy,IMG-250627-03953,univali_dataset,S
IMG-250627-03954.npy,IMG-250627-03954,univali_dataset,S
IMG-250627-03955.npy,IMG-250627-03955,univali_dataset,S
IMG-250627-03956.npy,IMG-250627-03956,univali_dataset,S
IMG-250627-03957.npy,IMG-250627-03957,univali_dataset,S
IMG-250627-03958.npy,IMG-250627-03958,univali_dataset,S
IMG-250627-03959.npy,IMG-250627-03959,univali_dataset,S
IMG-250627-03960.npy,IMG-250627-03960,univali_dataset,S
IMG-250627-03961.npy,IMG-250627-03961,univali_dataset,S
IMG-250627-03962.npy,IMG-250627-03962,univali_dataset,U
IMG-250627-03963.npy,IMG-250627-03963,univali_dataset,U
IMG-250627-03964.npy,IMG-250627-03964,univali_dataset,U
IMG-250627-03965.npy,IMG-250627-03965,univali_dataset,U
IMG-250627-03966.npy,IMG-250627-03966,univali_dataset,U
IMG-250627-03967.npy,IMG-250627-03967,univali_dataset,U
IMG-250627-03968.npy,IMG-250627-03968,univali_dataset,U
IMG-250627-03969.npy,IMG-250627-03969,univali_dataset,U
IMG-250627-03970.npy,IMG-250627-03970,univali_dataset,U
IMG-250627-03971.npy,IMG-250627-03971,univali_dataset,U
IMG-250627-03972.npy,IMG-250627-03972,univali_dataset,U
IMG-250627-03973.npy,IMG-250627-03973,univali_dataset,U
IMG-250627-03974.npy,IMG-250627-03974,univali_dataset,U
IMG-250627-03975.npy,IMG-250627-03975,univali_dataset,U
IMG-250627-03976.npy,IMG-250627-03976,univali_dataset,U
IMG-250627-03977.npy,IMG-250627-03977,univali_dataset,U
IMG-250627-03978.npy,IMG-250627-03978,univali_dataset,U
IMG-250627-03979.npy,IMG-250627-03979,univali_dataset,U
IMG-250627-03980.npy,IMG-250627-03980,univali_dataset,U
IMG-250627-03981.npy,IMG-250627-03981,univali_dataset,U
IMG-250627-03982.npy,IMG-250627-03982,univali_dataset,U
IMG-250627-03983.npy,IMG-250627-03983,univali_dataset,U
IMG-250627-03984.npy,IMG-250627-03984,univali_dataset,U
IMG-250627-03985.npy,IMG-250627-03985,univali_dataset,U
IMG-250627-03986.npy,IMG-250627-03986,univali_dataset,U
IMG-250627-03987.npy,IMG-250627-03987,univali_dataset,U
IMG-250627-03988.npy,IMG-250627-03988,univali_dataset,U
IMG-250627-03989.npy,IMG-250627-03989,univali_dataset,U
IMG-250627-03990.npy,IMG-250627-03990,univali_dataset,U
IMG-250627-03991.npy,IMG-250627-03991,univali_dataset,U
IMG-250627-03992.npy,IMG-250627-03992,univali_dataset,U
IMG-250627-03993.npy,IMG-250627-03993,univali_dataset,U
IMG-250627-03994.npy,IMG-250627-03994,univali_dataset,U
IMG-250627-03995.npy,IMG-250627-03995,univali_dataset,U
IMG-250627-03996.npy,IMG-250627-03996,univali_dataset,U
IMG-250627-03997.npy,IMG-250627-03997,univali_dataset,U
IMG-250627-03998.npy,IMG-250627-03998,univali_dataset,U
IMG-250627-03999.npy,IMG-250627-03999,univali_dataset,U
IMG-250627-04000.npy,IMG-250627-04000,univali_dataset,U
IMG-250627-04001.npy,IMG-250627-04001,univali_dataset,U
IMG-250627-04002.npy,IMG-250627-04002,univali_dataset,U
IMG-250627-04003.npy,IMG-250627-04003,univali_dataset,U
IMG-250627-04004.npy,IMG-250627-04004,univali_dataset,U
IMG-250627-04005.npy,IMG-250627-04005,univali_dataset,U
IMG-250627-04006.npy,IMG-250627-04006,univali_dataset,U
IMG-250627-04007.npy,IMG-250627-04007,univali_dataset,U
IMG-250627-04008.npy,IMG-250627-04008,univali_dataset,U
IMG-250627-04009.npy,IMG-250627-04009,univali_dataset,U
IMG-250627-04010.npy,IMG-250627-04010,univali_dataset,U
IMG-250627-04011.npy,IMG-250627-04011,univali_dataset,U
IMG-250627-04012.npy,IMG-250627-04012,univali_dataset,U
IMG-250627-04013.npy,IMG-250627-04013,univali_dataset,U
IMG-250627-04014.npy,IMG-250627-04014,univali_dataset,U
IMG-250627-04015.npy,IMG-250627-04015,univali_dataset,U
IMG-250627-04016.npy,IMG-250627-04016,univali_dataset,U
IMG-250627-04017.npy,IMG-250627-04017,univali_dataset,U
IMG-250627-04018.npy,IMG-250627-04018,univali_dataset,U
IMG-250627-04019.npy,IMG-250627-04019,univali_dataset,U
IMG-250627-04020.npy,IMG-250627-04020,univali_dataset,U
IMG-250627-04021.npy,IMG-250627-04021,univali_dataset,U
IMG-250627-04022.npy,IMG-250627-04022,univali_dataset,U
IMG-250627-04023.npy,IMG-250627-04023,univali_dataset,U
IMG-250627-04024.npy,IMG-250627-04024,univali_dataset,U
IMG-250627-04025.npy,IMG-250627-04025,univali_dataset,U
IMG-250627-04026.npy,IMG-250627-04026,univali_dataset,U
IMG-250627-04027.npy,IMG-250627-04027,univali_dataset,U
IMG-250627-04028.npy,IMG-250627-04028,univali_dataset,U
IMG-250627-04029.npy,IMG-250627-04029,univali_dataset,U
IMG-250627-04030.npy,IMG-250627-04030,univali_dataset,U
IMG-250627-04031.npy,IMG-250627-04031,univali_dataset,U
IMG-250627-04032.npy,IMG-250627-04032,univali_dataset,U
IMG-250627-04033.npy,IMG-250627-04033,univali_dataset,U
IMG-250627-04034.npy,IMG-250627-04034,univali_dataset,U
IMG-250627-04035.npy,IMG-250627-04035,univali_dataset,U
IMG-250627-04036.npy,IMG-250627-04036,univali_dataset,U
IMG-250627-04037.npy,IMG-250627-04037,univali_dataset,U
IMG-250627-04038.npy,IMG-250627-04038,univali_dataset,U
IMG-250627-04039.npy,IMG-250627-04039,univali_dataset,U
IMG-250627-04040.npy,IMG-250627-04040,univali_dataset,U
IMG-250627-04041.npy,IMG-250627-04041,univali_dataset,U
IMG-250627-04042.npy,IMG-250627-04042,univali_dataset,U
IMG-250627-04043.npy,IMG-250627-04043,univali_dataset,U
IMG-250627-04044.npy,IMG-250627-04044,univali_dataset,U
IMG-250627-04045.npy,IMG-250627-04045,univali_dataset,U
IMG-250627-04046.npy,IMG-250627-04046,univali_dataset,U
IMG-250627-04047.npy,IMG-250627-04047,univali_dataset,U
IMG-250627-04048.npy,IMG-250627-04048,univali_dataset,U
IMG-250627-04049.npy,IMG-250627-04049,univali_dataset,U
IMG-250627-04050.npy,IMG-250627-04050,univali_dataset,U
IMG-250627-04051.npy,IMG-250627-04051,univali_dataset,U
IMG-250627-04052.npy,IMG-250627-04052,univali_dataset,U
IMG-250627-04053.npy,IMG-250627-04053,univali_dataset,U
IMG-250627-04054.npy,IMG-250627-04054,univali_dataset,U
IMG-250627-04055.npy,IMG-250627-04055,univali_dataset,U
IMG-250627-04056.npy,IMG-250627-04056,univali_dataset,U
IMG-250627-04057.npy,IMG-250627-04057,univali_dataset,U
IMG-250627-04058.npy,IMG-250627-04058,univali_dataset,U
IMG-250627-04059.npy,IMG-250627-04059,univali_dataset,U
IMG-250627-04060.npy,IMG-250627-04060,univali_dataset,U
IMG-250627-04061.npy,IMG-250627-04061,univali_dataset,U
IMG-250627-04062.npy,IMG-250627-04062,univali_dataset,U
IMG-250627-04063.npy,IMG-250627-04063,univali_dataset,U
IMG-250627-04064.npy,IMG-250627-04064,univali_dataset,U
IMG-250627-04065.npy,IMG-250627-04065,univali_dataset,U
IMG-250627-04066.npy,IMG-250627-04066,univali_dataset,U
IMG-250627-04067.npy,IMG-250627-04067,univali_dataset,U
IMG-250627-04068.npy,IMG-250627-04068,univali_dataset,U
IMG-250627-04069.npy,IMG-250627-04069,univali_dataset,U
IMG-250627-04070.npy,IMG-250627-04070,univali_dataset,U
IMG-250627-04071.npy,IMG-250627-04071,univali_dataset,U
IMG-250627-04072.npy,IMG-250627-04072,univali_dataset,U
IMG-250627-04073.npy,IMG-250627-04073,univali_dataset,U
IMG-250627-04074.npy,IMG-250627-04074,univali_dataset,U
IMG-250627-04075.npy,IMG-250627-04075,univali_dataset,U
IMG-250627-04076.npy,IMG-250627-04076,univali_dataset,U
IMG-250627-04077.npy,IMG-250627-04077,univali_dataset,U
IMG-250627-04078.npy,IMG-250627-04078,univali_dataset,U
IMG-250627-04079.npy,IMG-250627-04079,univali_dataset,U
IMG-250627-04080.npy,IMG-250627-04080,univali_dataset,U
IMG-250627-04081.npy,IMG-250627-04081,univali_dataset,U
IMG-250627-04082.npy,IMG-250627-04082,univali_dataset,U
IMG-250627-04083.npy,IMG-250627-04083,univali_dataset,U
IMG-250627-04084.npy,IMG-250627-04084,univali_dataset,U
IMG-250627-04085.npy,IMG-250627-04085,univali_dataset,U
IMG-250627-04086.npy,IMG-250627-04086,univali_dataset,U
IMG-250627-04087.npy,IMG-250627-04087,univali_dataset,U
IMG-250627-04088.npy,IMG-250627-04088,univali_dataset,U
IMG-250627-04089.npy,IMG-250627-04089,univali_dataset,U
IMG-250627-04090.npy,IMG-250627-04090,univali_dataset,U
IMG-250627-04091.npy,IMG-250627-04091,univali_dataset,U
IMG-250627-04092.npy,IMG-250627-04092,univali_dataset,U
IMG-250627-04093.npy,IMG-250627-04093,univali_dataset,U
IMG-250627-04094.npy,IMG-250627-04094,univali_dataset,U
IMG-250627-04095.npy,IMG-250627-04095,univali_dataset,U
IMG-250627-04096.npy,IMG-250627-04096,univali_dataset,U
IMG-250627-04097.npy,IMG-250627-04097,univali_dataset,U
IMG-250627-04098.npy,IMG-250627-04098,univali_dataset,U
IMG-250627-04099.npy,IMG-250627-04099,univali_dataset,U
IMG-250627-04100.npy,IMG-250627-04100,univali_dataset,U
IMG-250627-04101.npy,IMG-250627-04101,univali_dataset,U
IMG-250627-04102.npy,IMG-250627-04102,univali_dataset,U
IMG-250627-04103.npy,IMG-250627-04103,univali_dataset,U
IMG-250627-04104.npy,IMG-250627-04104,univali_dataset,U
IMG-250627-04105.npy,IMG-250627-04105,univali_dataset,U
IMG-250627-04106.npy,IMG-250627-04106,univali_dataset,U
IMG-250627-04107.npy,IMG-250627-04107,univali_dataset,U
IMG-250627-04108.npy,IMG-250627-04108,univali_dataset,U
IMG-250627-04109.npy,IMG-250627-04109,univali_dataset,U
IMG-250627-04110.npy,IMG-250627-04110,univali_dataset,U
IMG-250627-04111.npy,IMG-250627-04111,univali_dataset,U
IMG-250627-04112.npy,IMG-250627-04112,univali_dataset,V
IMG-250627-04113.npy,IMG-250627-04113,univali_dataset,V
IMG-250627-04114.npy,IMG-250627-04114,univali_dataset,V
IMG-250627-04115.npy,IMG-250627-04115,univali_dataset,V
IMG-250627-04116.npy,IMG-250627-04116,univali_dataset,V
IMG-250627-04117.npy,IMG-250627-04117,univali_dataset,V
IMG-250627-04118.npy,IMG-250627-04118,univali_dataset,V
IMG-250627-04119.npy,IMG-250627-04119,univali_dataset,V
IMG-250627-04120.npy,IMG-250627-04120,univali_dataset,V
IMG-250627-04121.npy,IMG-250627-04121,univali_dataset,V
IMG-250627-04122.npy,IMG-250627-04122,univali_dataset,V
IMG-250627-04123.npy,IMG-250627-04123,univali_dataset,V
IMG-250627-04124.npy,IMG-250627-04124,univali_dataset,V
IMG-250627-04125.npy,IMG-250627-04125,univali_dataset,V
IMG-250627-04126.npy,IMG-250627-04126,univali_dataset,V
IMG-250627-04127.npy,IMG-250627-04127,univali_dataset,V
IMG-250627-04128.npy,IMG-250627-04128,univali_dataset,V
IMG-250627-04129.npy,IMG-250627-04129,univali_dataset,V
IMG-250627-04130.npy,IMG-250627-04130,univali_dataset,V
IMG-250627-04131.npy,IMG-250627-04131,univali_dataset,V
IMG-250627-04132.npy,IMG-250627-04132,univali_dataset,V
IMG-250627-04133.npy,IMG-250627-04133,univali_dataset,V
IMG-250627-04134.npy,IMG-250627-04134,univali_dataset,V
IMG-250627-04135.npy,IMG-250627-04135,univali_dataset,V
IMG-250627-04136.npy,IMG-250627-04136,univali_dataset,V
IMG-250627-04137.npy,IMG-250627-04137,univali_dataset,V
IMG-250627-04138.npy,IMG-250627-04138,univali_dataset,V
IMG-250627-04139.npy,IMG-250627-04139,univali_dataset,V
IMG-250627-04140.npy,IMG-250627-04140,univali_dataset,V
IMG-250627-04141.npy,IMG-250627-04141,univali_dataset,V
IMG-250627-04142.npy,IMG-250627-04142,univali_dataset,V
IMG-250627-04143.npy,IMG-250627-04143,univali_dataset,V
IMG-250627-04144.npy,IMG-250627-04144,univali_dataset,V
IMG-250627-04145.npy,IMG-250627-04145,univali_dataset,V
IMG-250627-04146.npy,IMG-250627-04146,univali_dataset,V
IMG-250627-04147.npy,IMG-250627-04147,univali_dataset,V
IMG-250627-04148.npy,IMG-250627-04148,univali_dataset,V
IMG-250627-04149.npy,IMG-250627-04149,univali_dataset,V
IMG-250627-04150.npy,IMG-250627-04150,univali_dataset,V
IMG-250627-04151.npy,IMG-250627-04151,univali_dataset,V
IMG-250627-04152.npy,IMG-250627-04152,univali_dataset,V
IMG-250627-04153.npy,IMG-250627-04153,univali_dataset,V
IMG-250627-04154.npy,IMG-250627-04154,univali_dataset,V
IMG-250627-04155.npy,IMG-250627-04155,univali_dataset,V
IMG-250627-04156.npy,IMG-250627-04156,univali_dataset,V
IMG-250627-04157.npy,IMG-250627-04157,univali_dataset,V
IMG-250627-04158.npy,IMG-250627-04158,univali_dataset,V
IMG-250627-04159.npy,IMG-250627-04159,univali_dataset,V
IMG-250627-04160.npy,IMG-250627-04160,univali_dataset,V
IMG-250627-04161.npy,IMG-250627-04161,univali_dataset,V
IMG-250627-04162.npy,IMG-250627-04162,univali_dataset,V
IMG-250627-04163.npy,IMG-250627-04163,univali_dataset,V
IMG-250627-04164.npy,IMG-250627-04164,univali_dataset,V
IMG-250627-04165.npy,IMG-250627-04165,univali_dataset,V
IMG-250627-04166.npy,IMG-250627-04166,univali_dataset,V
IMG-250627-04167.npy,IMG-250627-04167,univali_dataset,V
IMG-250627-04168.npy,IMG-250627-04168,univali_dataset,V
IMG-250627-04169.npy,IMG-250627-04169,univali_dataset,V
IMG-250627-04170.npy,IMG-250627-04170,univali_dataset,V
IMG-250627-04171.npy,IMG-250627-04171,univali_dataset,V
IMG-250627-04172.npy,IMG-250627-04172,univali_dataset,V
IMG-250627-04173.npy,IMG-250627-04173,univali_dataset,V
IMG-250627-04174.npy,IMG-250627-04174,univali_dataset,V
IMG-250627-04175.npy,IMG-250627-04175,univali_dataset,V
IMG-250627-04176.npy,IMG-250627-04176,univali_dataset,V
IMG-250627-04177.npy,IMG-250627-04177,univali_dataset,V
IMG-250627-04178.npy,IMG-250627-04178,univali_dataset,V
IMG-250627-04179.npy,IMG-250627-04179,univali_dataset,V
IMG-250627-04180.npy,IMG-250627-04180,univali_dataset,V
IMG-250627-04181.npy,IMG-250627-04181,univali_dataset,V
IMG-250627-04182.npy,IMG-250627-04182,univali_dataset,V
IMG-250627-04183.npy,IMG-250627-04183,univali_dataset,V
IMG-250627-04184.npy,IMG-250627-04184,univali_dataset,V
IMG-250627-04185.npy,IMG-250627-04185,univali_dataset,V
IMG-250627-04186.npy,IMG-250627-04186,univali_dataset,V
IMG-250627-04187.npy,IMG-250627-04187,univali_dataset,V
IMG-250627-04188.npy,IMG-250627-04188,univali_dataset,V
IMG-250627-04189.npy,IMG-250627-04189,univali_dataset,V
IMG-250627-04190.npy,IMG-250627-04190,univali_dataset,V
IMG-250627-04191.npy,IMG-250627-04191,univali_dataset,V
IMG-250627-04192.npy,IMG-250627-04192,univali_dataset,V
IMG-250627-04193.npy,IMG-250627-04193,univali_dataset,V
IMG-250627-04194.npy,IMG-250627-04194,univali_dataset,V
IMG-250627-04195.npy,IMG-250627-04195,univali_dataset,V
IMG-250627-04196.npy,IMG-250627-04196,univali_dataset,V
IMG-250627-04197.npy,IMG-250627-04197,univali_dataset,V
IMG-250627-04198.npy,IMG-250627-04198,univali_dataset,V
IMG-250627-04199.npy,IMG-250627-04199,univali_dataset,V
IMG-250627-04200.npy,IMG-250627-04200,univali_dataset,V
IMG-250627-04201.npy,IMG-250627-04201,univali_dataset,V
IMG-250627-04202.npy,IMG-250627-04202,univali_dataset,V
IMG-250627-04203.npy,IMG-250627-04203,univali_dataset,V
IMG-250627-04204.npy,IMG-250627-04204,univali_dataset,V
IMG-250627-04205.npy,IMG-250627-04205,univali_dataset,V
IMG-250627-04206.npy,IMG-250627-04206,univali_dataset,V
IMG-250627-04207.npy,IMG-250627-04207,univali_dataset,V
IMG-250627-04208.npy,IMG-250627-04208,univali_dataset,V
IMG-250627-04209.npy,IMG-250627-04209,univali_dataset,V
IMG-250627-04210.npy,IMG-250627-04210,univali_dataset,V
IMG-250627-04211.npy,IMG-250627-04211,univali_dataset,V
IMG-250627-04212.npy,IMG-250627-04212,univali_dataset,V
IMG-250627-04213.npy,IMG-250627-04213,univali_dataset,V
IMG-250627-04214.npy,IMG-250627-04214,univali_dataset,V
IMG-250627-04215.npy,IMG-250627-04215,univali_dataset,V
IMG-250627-04216.npy,IMG-250627-04216,univali_dataset,V
IMG-250627-04217.npy,IMG-250627-04217,univali_dataset,V
IMG-250627-04218.npy,IMG-250627-04218,univali_dataset,V
IMG-250627-04219.npy,IMG-250627-04219,univali_dataset,V
IMG-250627-04220.npy,IMG-250627-04220,univali_dataset,V
IMG-250627-04221.npy,IMG-250627-04221,univali_dataset,V
IMG-250627-04222.npy,IMG-250627-04222,univali_dataset,V
IMG-250627-04223.npy,IMG-250627-04223,univali_dataset,V
IMG-250627-04224.npy,IMG-250627-04224,univali_dataset,V
IMG-250627-04225.npy,IMG-250627-04225,univali_dataset,V
IMG-250627-04226.npy,IMG-250627-04226,univali_dataset,V
IMG-250627-04227.npy,IMG-250627-04227,univali_dataset,V
IMG-250627-04228.npy,IMG-250627-04228,univali_dataset,V
IMG-250627-04229.npy,IMG-250627-04229,univali_dataset,V
IMG-250627-04230.npy,IMG-250627-04230,univali_dataset,V
IMG-250627-04231.npy,IMG-250627-04231,univali_dataset,V
IMG-250627-04232.npy,IMG-250627-04232,univali_dataset,V
IMG-250627-04233.npy,IMG-250627-04233,univali_dataset,V
IMG-250627-04234.npy,IMG-250627-04234,univali_dataset,V
IMG-250627-04235.npy,IMG-250627-04235,univali_dataset,V
IMG-250627-04236.npy,IMG-250627-04236,univali_dataset,V
IMG-250627-04237.npy,IMG-250627-04237,univali_dataset,V
IMG-250627-04238.npy,IMG-250627-04238,univali_dataset,V
IMG-250627-04239.npy,IMG-250627-04239,univali_dataset,V
IMG-250627-04240.npy,IMG-250627-04240,univali_dataset,V
IMG-250627-04241.npy,IMG-250627-04241,univali_dataset,V
IMG-250627-04242.npy,IMG-250627-04242,univali_dataset,V
IMG-250627-04243.npy,IMG-250627-04243,univali_dataset,V
IMG-250627-04244.npy,IMG-250627-04244,univali_dataset,V
IMG-250627-04245.npy,IMG-250627-04245,univali_dataset,V
IMG-250627-04246.npy,IMG-250627-04246,univali_dataset,V
IMG-250627-04247.npy,IMG-250627-04247,univali_dataset,V
IMG-250627-04248.npy,IMG-250627-04248,univali_dataset,V
IMG-250627-04249.npy,IMG-250627-04249,univali_dataset,V
IMG-250627-04250.npy,IMG-250627-04250,univali_dataset,V
IMG-250627-04251.npy,IMG-250627-04251,univali_dataset,V
IMG-250627-04252.npy,IMG-250627-04252,univali_dataset,V
IMG-250627-04253.npy,IMG-250627-04253,univali_dataset,V
IMG-250627-04254.npy,IMG-250627-04254,univali_dataset,V
IMG-250627-04255.npy,IMG-250627-04255,univali_dataset,V
IMG-250627-04256.npy,IMG-250627-04256,univali_dataset,V
IMG-250627-04257.npy,IMG-250627-04257,univali_dataset,V
IMG-250627-04258.npy,IMG-250627-04258,univali_dataset,V
IMG-250627-04259.npy,IMG-250627-04259,univali_dataset,V
IMG-250627-04260.npy,IMG-250627-04260,univali_dataset,V
IMG-250627-04261.npy,IMG-250627-04261,univali_dataset,V
IMG-250627-04262.npy,IMG-250627-04262,univali_dataset,W
IMG-250627-04263.npy,IMG-250627-04263,univali_dataset,W
IMG-250627-04264.npy,IMG-250627-04264,univali_dataset,W
IMG-250627-04265.npy,IMG-250627-04265,univali_dataset,W
IMG-250627-04266.npy,IMG-250627-04266,univali_dataset,W
IMG-250627-04267.npy,IMG-250627-04267,univali_dataset,W
IMG-250627-04268.npy,IMG-250627-04268,univali_dataset,W
IMG-250627-04269.npy,IMG-250627-04269,univali_dataset,W
IMG-250627-04270.npy,IMG-250627-04270,univali_dataset,W
IMG-250627-04271.npy,IMG-250627-04271,univali_dataset,W
IMG-250627-04272.npy,IMG-250627-04272,univali_dataset,W
IMG-250627-04273.npy,IMG-250627-04273,univali_dataset,W
IMG-250627-04274.npy,IMG-250627-04274,univali_dataset,W
IMG-250627-04275.npy,IMG-250627-04275,univali_dataset,W
IMG-250627-04276.npy,IMG-250627-04276,univali_dataset,W
IMG-250627-04277.npy,IMG-250627-04277,univali_dataset,W
IMG-250627-04278.npy,IMG-250627-04278,univali_dataset,W
IMG-250627-04279.npy,IMG-250627-04279,univali_dataset,W
IMG-250627-04280.npy,IMG-250627-04280,univali_dataset,W
IMG-250627-04281.npy,IMG-250627-04281,univali_dataset,W
IMG-250627-04282.npy,IMG-250627-04282,univali_dataset,W
IMG-250627-04283.npy,IMG-250627-04283,univali_dataset,W
IMG-250627-04284.npy,IMG-250627-04284,univali_dataset,W
IMG-250627-04285.npy,IMG-250627-04285,univali_dataset,W
IMG-250627-04286.npy,IMG-250627-04286,univali_dataset,W
IMG-250627-04287.npy,IMG-250627-04287,univali_dataset,W
IMG-250627-04288.npy,IMG-250627-04288,univali_dataset,W
IMG-250627-04289.npy,IMG-250627-04289,univali_dataset,W
IMG-250627-04290.npy,IMG-250627-04290,univali_dataset,W
IMG-250627-04291.npy,IMG-250627-04291,univali_dataset,W
IMG-250627-04292.npy,IMG-250627-04292,univali_dataset,W
IMG-250627-04293.npy,IMG-250627-04293,univali_dataset,W
IMG-250627-04294.npy,IMG-250627-04294,univali_dataset,W
IMG-250627-04295.npy,IMG-250627-04295,univali_dataset,W
IMG-250627-04296.npy,IMG-250627-04296,univali_dataset,W
IMG-250627-04297.npy,IMG-250627-04297,univali_dataset,W
IMG-250627-04298.npy,IMG-250627-04298,univali_dataset,W
IMG-250627-04299.npy,IMG-250627-04299,univali_dataset,W
IMG-250627-04300.npy,IMG-250627-04300,univali_dataset,W
IMG-250627-04301.npy,IMG-250627-04301,univali_dataset,W
IMG-250627-04302.npy,IMG-250627-04302,univali_dataset,W
IMG-250627-04303.npy,IMG-250627-04303,univali_dataset,W
IMG-250627-04304.npy,IMG-250627-04304,univali_dataset,W
IMG-250627-04305.npy,IMG-250627-04305,univali_dataset,W
IMG-250627-04306.npy,IMG-250627-04306,univali_dataset,W
IMG-250627-04307.npy,IMG-250627-04307,univali_dataset,W
IMG-250627-04308.npy,IMG-250627-04308,univali_dataset,W
IMG-250627-04309.npy,IMG-250627-04309,univali_dataset,W
IMG-250627-04310.npy,IMG-250627-04310,univali_dataset,W
IMG-250627-04311.npy,IMG-250627-04311,univali_dataset,W
IMG-250627-04312.npy,IMG-250627-04312,univali_dataset,W
IMG-250627-04313.npy,IMG-250627-04313,univali_dataset,W
IMG-250627-04314.npy,IMG-250627-04314,univali_dataset,W
IMG-250627-04315.npy,IMG-250627-04315,univali_dataset,W
IMG-250627-04316.npy,IMG-250627-04316,univali_dataset,W
IMG-250627-04317.npy,IMG-250627-04317,univali_dataset,W
IMG-250627-04318.npy,IMG-250627-04318,univali_dataset,W
IMG-250627-04319.npy,IMG-250627-04319,univali_dataset,W
IMG-250627-04320.npy,IMG-250627-04320,univali_dataset,W
IMG-250627-04321.npy,IMG-250627-04321,univali_dataset,W
IMG-250627-04322.npy,IMG-250627-04322,univali_dataset,W
IMG-250627-04323.npy,IMG-250627-04323,univali_dataset,W
IMG-250627-04324.npy,IMG-250627-04324,univali_dataset,W
IMG-250627-04325.npy,IMG-250627-04325,univali_dataset,W
IMG-250627-04326.npy,IMG-250627-04326,univali_dataset,W
IMG-250627-04327.npy,IMG-250627-04327,univali_dataset,W
IMG-250627-04328.npy,IMG-250627-04328,univali_dataset,W
IMG-250627-04329.npy,IMG-250627-04329,univali_dataset,W
IMG-250627-04330.npy,IMG-250627-04330,univali_dataset,W
IMG-250627-04331.npy,IMG-250627-04331,univali_dataset,W
IMG-250627-04332.npy,IMG-250627-04332,univali_dataset,W
IMG-250627-04333.npy,IMG-250627-04333,univali_dataset,W
IMG-250627-04334.npy,IMG-250627-04334,univali_dataset,W
IMG-250627-04335.npy,IMG-250627-04335,univali_dataset,W
IMG-250627-04336.npy,IMG-250627-04336,univali_dataset,W
IMG-250627-04337.npy,IMG-250627-04337,univali_dataset,W
IMG-250627-04338.npy,IMG-250627-04338,univali_dataset,W
IMG-250627-04339.npy,IMG-250627-04339,univali_dataset,W
IMG-250627-04340.npy,IMG-250627-04340,univali_dataset,W
IMG-250627-04341.npy,IMG-250627-04341,univali_dataset,W
IMG-250627-04342.npy,IMG-250627-04342,univali_dataset,W
IMG-250627-04343.npy,IMG-250627-04343,univali_dataset,W
IMG-250627-04344.npy,IMG-250627-04344,univali_dataset,W
IMG-250627-04345.npy,IMG-250627-04345,univali_dataset,W
IMG-250627-04346.npy,IMG-250627-04346,univali_dataset,W
IMG-250627-04347.npy,IMG-250627-04347,univali_dataset,W
IMG-250627-04348.npy,IMG-250627-04348,univali_dataset,W
IMG-250627-04349.npy,IMG-250627-04349,univali_dataset,W
IMG-250627-04350.npy,IMG-250627-04350,univali_dataset,W
IMG-250627-04351.npy,IMG-250627-04351,univali_dataset,W
IMG-250627-04352.npy,IMG-250627-04352,univali_dataset,W
IMG-250627-04353.npy,IMG-250627-04353,univali_dataset,W
IMG-250627-04354.npy,IMG-250627-04354,univali_dataset,W
IMG-250627-04355.npy,IMG-250627-04355,univali_dataset,W
IMG-250627-04356.npy,IMG-250627-04356,univali_dataset,W
IMG-250627-04357.npy,IMG-250627-04357,univali_dataset,W
IMG-250627-04358.npy,IMG-250627-04358,univali_dataset,W
IMG-250627-04359.npy,IMG-250627-04359,univali_dataset,W
IMG-250627-04360.npy,IMG-250627-04360,univali_dataset,W
IMG-250627-04361.npy,IMG-250627-04361,univali_dataset,W
IMG-250627-04362.npy,IMG-250627-04362,univali_dataset,W
IMG-250627-04363.npy,IMG-250627-04363,univali_dataset,W
IMG-250627-04364.npy,IMG-250627-04364,univali_dataset,W
IMG-250627-04365.npy,IMG-250627-04365,univali_dataset,W
IMG-250627-04366.npy,IMG-250627-04366,univali_dataset,W
IMG-250627-04367.npy,IMG-250627-04367,univali_dataset,W
IMG-250627-04368.npy,IMG-250627-04368,univali_dataset,W
IMG-250627-04369.npy,IMG-250627-04369,univali_dataset,W
IMG-250627-04370.npy,IMG-250627-04370,univali_dataset,W
IMG-250627-04371.npy,IMG-250627-04371,univali_dataset,W
IMG-250627-04372.npy,IMG-250627-04372,univali_dataset,W
IMG-250627-04373.npy,IMG-250627-04373,univali_dataset,W
IMG-250627-04374.npy,IMG-250627-04374,univali_dataset,W
IMG-250627-04375.npy,IMG-250627-04375,univali_dataset,W
IMG-250627-04376.npy,IMG-250627-04376,univali_dataset,W
IMG-250627-04377.npy,IMG-250627-04377,univali_dataset,W
IMG-250627-04378.npy,IMG-250627-04378,univali_dataset,W
IMG-250627-04379.npy,IMG-250627-04379,univali_dataset,W
IMG-250627-04380.npy,IMG-250627-04380,univali_dataset,W
IMG-250627-04381.npy,IMG-250627-04381,univali_dataset,W
IMG-250627-04382.npy,IMG-250627-04382,univali_dataset,W
IMG-250627-04383.npy,IMG-250627-04383,univali_dataset,W
IMG-250627-04384.npy,IMG-250627-04384,univali_dataset,W
IMG-250627-04385.npy,IMG-250627-04385,univali_dataset,W
IMG-250627-04386.npy,IMG-250627-04386,univali_dataset,W
IMG-250627-04387.npy,IMG-250627-04387,univali_dataset,W
IMG-250627-04388.npy,IMG-250627-04388,univali_dataset,W
IMG-250627-04389.npy,IMG-250627-04389,univali_dataset,W
IMG-250627-04390.npy,IMG-250627-04390,univali_dataset,W
IMG-250627-04391.npy,IMG-250627-04391,univali_dataset,W
IMG-250627-04392.npy,IMG-250627-04392,univali_dataset,W
IMG-250627-04393.npy,IMG-250627-04393,univali_dataset,W
IMG-250627-04394.npy,IMG-250627-04394,univali_dataset,W
IMG-250627-04395.npy,IMG-250627-04395,univali_dataset,W
IMG-250627-04396.npy,IMG-250627-04396,univali_dataset,W
IMG-250627-04397.npy,IMG-250627-04397,univali_dataset,W
IMG-250627-04398.npy,IMG-250627-04398,univali_dataset,W
IMG-250627-04399.npy,IMG-250627-04399,univali_dataset,W
IMG-250627-04400.npy,IMG-250627-04400,univali_dataset,W
IMG-250627-04401.npy,IMG-250627-04401,univali_dataset,W
IMG-250627-04402.npy,IMG-250627-04402,univali_dataset,W
IMG-250627-04403.npy,IMG-250627-04403,univali_dataset,W
IMG-250627-04404.npy,IMG-250627-04404,univali_dataset,W
IMG-250627-04405.npy,IMG-250627-04405,univali_dataset,W
IMG-250627-04406.npy,IMG-250627-04406,univali_dataset,W
IMG-250627-04407.npy,IMG-250627-04407,univali_dataset,W
IMG-250627-04408.npy,IMG-250627-04408,univali_dataset,W
IMG-250627-04409.npy,IMG-250627-04409,univali_dataset,W
IMG-250627-04410.npy,IMG-250627-04410,univali_dataset,W
IMG-250627-04411.npy,IMG-250627-04411,univali_dataset,W
